Dx/Px Description (HAMDCT),count
Pneumonia (486:0),9037
Urinary tract infection (599.0:0),2561
Sepsis (038.9:5),2244
Fever (780.6:5),1632
E. coli septicemia (038.42:0),1558
Choledocholithiasis (574.50:0),1474
Cholangitis (576.1:0),1336
COVID-19 (519.8:8),1300
Liver abscess (572.0:0),1274
AML (205.00:0),1129
Malig lymphoma extranod/ solid org (202.80:0),944
Septic shock (785.59:2),933
"Cancer of liver, primary (155.0:0)",859
Septicemia (038.9:0),803
Respiratory failure (518.81:0),789
Acute cholecystitis (575.0:0),766
Chronic renal failure (585.9:0),753
Congestive heart failure (428.0:0),725
Acute cholangitis (576.1:1),715
Subendocardial AMI initial episode (410.71:1),693
Cardiac arrest (427.5:0),674
Acute renal failure (584.9:0),659
Multiple myeloma (203.00:0),607
Neutropenic fever (288.0:5),569
Klebsiella septicemia (038.49:3),535
Necrotizing fasciitis (728.86:0),502
"ICH, non-traumatic (431:0)",486
Cancer of bronchus and lung (162.9:0),461
Cancer of pancreas - head (157.0:0),461
Pseudomonas pneumonia (482.1:0),450
COPD (496:1),441
Klebsiella pneumonia (482.0:0),423
"Pneumonia, staphylococcus (482.4:0)",423
Cellulitis & abscess of leg (682.6:0),410
"Cancer upper lobe, bronchus/ lung (162.3:0)",398
Death (799.9:11),391
Infective endocarditis (421.0:999),372
Cerebral art occlusion + infarct (434.91:0),369
Cancer of rectum (154.1:0),366
CAPD peritonitis (996.68:1),364
Lymphosarcoma (200.10:0),349
Pyonephrosis (590.80:4),343
Acute lymphoid leukemia (204.00:0),333
Acute respiratory failure (518.81:4),332
Pneumonia gram -ve bacteria (482.83:0),322
Cancer of sigmoid colon (153.3:0),317
Cancer of female breast (174.9:0),316
Bacteremia (790.7:0),310
Abdominal pain (789.00:0),303
Gastritis (535.50:1),303
Pyelonephritis (590.80:0),278
Ischaemic bowel (557.9:1),255
Influenza A (487.1:3),252
SLE (710.0:0),252
AML in complete remission (205.01:0),249
No abnormality detected (V71.9:1),240
Acute pancreatitis (577.0:0),239
Fluid overload (276.6:0),238
Rupture abdominal aortic aneurysm (441.3:0),237
# femur trochanter - closed (820.20:0),237
Acute pyelonephritis (590.10:0),235
Food/vomit pneumonitis (507.0:0),230
"Anterior AMI, initial (410.11:0)",226
Calculus of ureter (592.1:0),224
"Cancer lower lobe, bronchus/ lung (162.5:0)",220
Influenza with pneumonia (487.0:0),219
Cholangiocarcinoma (156.9:1),219
Pulmonary TB by micro exam (011.93:0),215
Pneumococcal pneumonia (481:0),212
"Cardiac arrest, abort/success resu (427.5:3)",211
"Transcervical fracture hip, closed (820.02:1)",210
Cerebral embolism with infarct (434.11:0),207
Cancer of nasopharynx (147.9:0),203
Small bowel perforation (569.83:9),202
Decreased general condition (799.4:1),197
Acute hepatic failure (570:1),197
Klebsiella pneumoniae septicemia (038.49:4),195
Cardiogenic shock (785.51:0),195
Intestinal obstruction (560.9:0),195
Atrial fibrillation (427.31:0),192
"Duodenal ulcer, acute w hemorrhage (532.00:0)",190
Acute cerebrovascular disease (436:0),180
Perforated sigmoid colon (569.83:7),179
Myelodysplastic syndrome (238.7:2),179
Cholelithiasis (574.90:0),179
Gram negative septicemia (038.40:0),174
Pulmonary TB confirmed (011.96:0),173
Cancer of prostate (185:0),172
Pancreatitis (577.0:6),172
Dengue (061:0),170
Uncontrol type II DM ketoacidosis (250.12:0),167
"SAH, non-traumatic (430:0)",166
"Inferior AMI, initial (410.41:0)",163
Methicillin resist SA septicemia (038.1:4),159
Esophageal varices hemorrhag (456.0:0),159
Recurrent pyogenic cholangitis (576.1:4),158
Acute lung edema (518.4:0),155
"Hydronephrosis, Rt (591:2)",154
Leukemia (208.90:0),153
Pleural effusion (511.9:0),152
"Fever, unknown origin (780.6:0)",151
Type II respiratory failure (518.81:2),150
Intestinal disorders (569.89:0),149
GI hemorrhage (578.9:0),148
"Lymphoma, multi sites (202.88:0)",145
Cancer extrahepatic bile ducts (156.1:0),143
Uncontro type II DM hyperglycaemia (250.82:1),142
Hematuria (599.7:0),140
Decubitus ulcer (707.0:0),140
Anemia (285.9:0),139
Salmonella septicemia (003.1:0),137
Cholecystitis (575.10:0),137
CBD stricture (576.2:4),134
Gangrene of leg or foot (785.4:4),133
Acute gangrenous cholecystitis (575.0:2),132
Sputum Retention (786.4:1),131
Pancytopenia (284.8:2),131
Cancer intrahepatic bile duct (155.1:0),131
Malign neopl ovary (183.0:0),130
Pneumonia E coli (482.82:0),129
Ac lymph leuk in remissn (204.01:0),129
"Hydronephrosis, Lt (591:1)",127
Acute duodenal ulcer w perforation (532.10:0),127
Acute gastric ulcer w perforation (531.10:0),123
GE presumed infectious origin (009.1:1),122
Renal failure (586:0),122
Calculus of gallbladder (574.20:0),121
Pulmonary embolism (415.1:0),121
Cancer of gallbladder (156.0:0),121
"Dissecting aneurysm, thoracic (441.01:0)",121
Cancer of ascending colon (153.6:0),119
Acute appendicitis+ perito abscess (540.1:0),119
Staph aureus septicemia (038.1:2),117
Esophageal varices (456.1:0),116
Lactic acidosis (276.2:2),116
Heart failure (428.9:0),115
Cancer esophagus - thoracic (150.1:0),112
Closed # pelvis (808.8:0),112
Acute appendicitis (540.9:0),110
IO due to small bowel adhesion (560.81:3),110
Cancer of cervix uteri (180.9:0),110
Cancer of pyloric antrum (151.2:0),109
Aspiration pneumonia (507.0:1),108
Aortic valve stenosis (424.1:9),107
"Abdominal pain, epigastric (789.06:0)",107
Meningitis (322.9:0),107
"Pyogenic arthritis, knee (711.06:1)",105
Empyema (510.9:0),104
"COVID-19, virus identified (519.8:9)",104
Influenza (487.8:0),102
Hepatic encephalopathy (572.2:1),102
Lung disease (518.89:0),100
Alcohol cirrhosis liver (571.2:0),97
Chronic IHD (414.9:0),97
Convulsion (780.32:1),97
Dementia (294.8:1),96
Acute duodenal ulcer (532.30:0),95
Clinical sepsis (038.9:1),95
Hemophilus pneumonia (482.2:0),95
Acute gastric ulcer (531.30:0),94
Dissect thor/aortic pseudoaneurysm (441.01:3),92
Acute stomach ulcer w hemorrhage (531.00:0),92
Shock (785.50:0),92
Mitral valve regurgitation (424.0:12),92
"Lymphosarcoma, multiple (200.18:0)",91
Ascites (789.5:0),91
Gangrene (785.4:0),90
Chronic duoden ulcer+ perforation (532.50:0),90
Cancer of transverse colon (153.1:0),90
Dehydration (276.5:1),89
ITP (287.3:2),87
Duodena ulcer chronic w hemorrhage (532.40:0),87
Type II DM (250.00:2),86
Colitis (558.9:1),86
Acute necrotizing pancreatitis (577.0:2),85
Cancer rectosigmoid junction (154.0:0),84
Acute retention of urine (788.20:1),83
Cancer hepatic flexure of colon (153.0:0),83
E. coli infection (041.4:0),82
"Bed sore, buttock (707.0:2)",82
Cancer of descending colon (153.2:0),82
Impaired liver function (573.8:1),81
GB stone w acute cholecystitis (574.00:0),80
"Biliary obstruction, malignancy (576.2:2)",80
Fecal peritonitis (567.8:2),80
Cellulitis site (682.8:0),79
Cancer of cecum (153.4:0),79
Unc beh neo brain / spinal (237.5:0),79
Feeding problem of adult (783.3:4),79
Metabolic acidosis (276.2:1),78
"Dilate CBD, acquired (576.8:4)",77
Spontaneous bacterial peritonitis (567.2:9),77
Dilated cardiomyopathy (425.4:1),77
Cancer of pancreas (157.9:0),77
Acute appendicitis+ gen peritoniti (540.0:0),76
Fournier gangrene (608.83:5),76
Peritonitis (567.9:0),76
Pancreatic disease (577.8:0),75
Abdominal aortic aneurysm (441.4:0),75
Cancer of ampulla of Vater (156.2:0),74
Grand mal-not intractable (345.10:0),73
Streptococcal pneumonia (482.30:0),73
Scrub typhus (081.2:0),73
HIV infection (042:3),72
Liver disorder (573.9:0),71
CML (205.10:0),71
Dissecting aortic aneurysm (441.00:0),71
Pulmonary TB by culture (011.94:0),70
Brain abscess (324.0:1),70
Chronic gastric ulcer + perforate (531.50:0),70
IO due to adhesion (560.81:2),70
Gangrene of ischemic bowel (557.0:3),69
Hypotension (458.9:0),69
Pelvic # closed / pelvic disrupt (808.43:0),68
Essential hypertension (401.9:0),67
"Cellulitis/abscess foot, not toes (682.7:0)",67
Disorders of biliary tract (576.8:0),66
Cancer of pancreas - body (157.1:0),66
Proteus mirabilis infection (041.6:3),66
CMV Infection (078.5:0),66
Non-alcoholic cirrhosis - C (571.5:6),65
Perforation of intestine (569.83:0),65
Hemoptysis (786.3:0),65
Infective spondylodiscitis (722.90:5),64
Malig neo corpus uteri not isthmus (182.0:0),64
ESRF admitted for HD (585.9:3),64
Cancer of colon (153.9:0),64
Cancer of stomach (151.9:0),64
Choledocholithiasis w obst (574.51:0),64
Encounter for aftercare (V58.89:0),64
Stricture bile duct (576.2:1),63
Intracranial h'mage non-traumatic (432.9:0),63
Chronic airway obstruction (496:0),63
Rectal bleeding (569.3:1),63
Chronic hep B (070.32:0),63
Cancer of stomach - cardia (151.0:0),63
Staphylococcal septicemia (038.1:0),62
Streptococcal septicemia (038.0:0),62
Rhabdomyolysis (728.89:3),61
"Anteroseptal AMI, initial (410.11:1)",61
Low back pain (724.2:1),60
Hyperglycemia (790.6:1),60
Thrombocytopenia (287.5:0),60
Thrombo thrombocytopenic purpura (446.6:1),60
Bleeding gastric varices (456.8:2),59
Epilepsy (345.90:0),59
Disease blood + blood-form organ (289.9:0),59
Hyponatremia (276.1:1),58
Bronchiectasis (494:0),58
Bilateral hydronephrosis (591:3),58
Renal calculi (592.0:0),58
Subacute bacterial endocarditis (421.0:3),58
Encephalitis (323.9:0),58
Esophagitis (530.10:0),58
Chronic lymphocytic leukemia (204.10:0),57
Gastric ulcer (531.90:0),57
Psoas abscess (728.89:2),57
Biliary acute pancreatitis (577.0:9),57
Infectious mononucleosis (075:0),56
# hip (820.8:2),56
Stevens Johnson syndrome (695.1:5),55
Gastroduodenal dis (537.89:0),55
RSV pneumonia (480.1:0),55
Uncontrol type II DM hyperosm coma (250.22:1),54
Cancer of pancreas - tail (157.2:0),54
Hypoglycemia (251.2:2),54
CA female breast upper-outer (174.4:0),53
WBC disease (288.9:0),53
Acute necrosis of liver (570:0),53
Viral pneumonia (480.8:0),53
Adult respiratory distres syndrome (518.82:1),52
Hepatic failure (572.8:3),52
Heat stroke (992.0:1),51
Cancer of stomach - body (151.4:0),50
Myocarditis (429.0:0),50
Syst lupus erythe w lupus nephriti (710.0:3),50
Asthma (493.90:0),50
"Lower limb ischaemia, acute (729.89:1)",50
Pseudomonas septicemia (038.43:0),50
"Endocarditis, bacterial (421.0:2)",50
Closed # transcervical femur (820.09:0),49
Interstitial pulmonary disease (516.9:1),49
"Anterolateral AMI, initial (410.01:0)",49
Liver tumor (239.0:2),49
"Intracranial injury, no LOC (854.01:0)",48
Candidiasis of lung (112.4:0),48
"Intest infect, clostrid difficile (008.45:1)",48
Dyspnea (786.09:4),47
Acute pulm edema d/t heart failure (428.1:1),47
Cancer splenic flexure of colon (153.7:0),47
Cord Compression (336.9:1),46
"Cancer middle lobe, bronchus/ lung (162.4:0)",46
Candidemia (112.5:2),45
Herpes zoster infection (053.9:0),45
Chronic kidney disease (585.9:10),45
Cortex contusion-prolng coma (851.04:0),44
Aortic valve regurgitation (424.1:10),44
Kidney transplant status (V42.0:0),44
Falciparum malaria (084.0:0),44
"Cancer of kidney, left (189.0:6)",43
Chronic subdural hematoma (432.1:1),43
Uncontrol type II DM hyperosmolar (250.22:0),43
Influenza B (487.1:4),43
Type I respiratory failure (518.81:1),43
ESRF admitted for PD (585.9:4),43
Gangrene of small bowel (557.0:4),43
Burn of face and head (941.00:0),43
"GI anastomotic leakage, postop (997.4:12)",43
Acute pulmonary embolism (415.1:2),42
Diarrhea (787.91:0),42
Acute coronary syndrome (411.1:2),42
Gastric Polyp (211.1:3),42
Ischaemic cardiomyopathy (414.8:1),42
Myasthenia gravis (358.0:0),42
Abdominal cavity abscess (567.2:1),41
Cellulitis and abscess - arm (682.3:0),41
Hypothermia (780.9:1),41
MRSA infection (041.11:1),41
Pneumoperitoneum (568.89:3),40
Rash (782.1:0),40
# Femur Subtrochanteric (820.22:0),40
Liver cirrhosis (571.5:0),40
Perforated rectum (569.49:5),40
Burkitt's lymphoma (200.20:0),40
Liver cyst (573.8:2),40
Carcinoma with liver metastasis (199.1:8),40
Gastric Erosion (535.40:2),40
Hemoperitoneum nontrauma (568.81:0),40
Typhoid fever (002.0:0),40
# femur shaft - closed (821.01:0),39
Melena (578.1:1),39
Chronic gastric ulcer (531.70:0),39
Cl vault# cer lac+ prol LOC regain (800.14:0),39
Delirium (780.09:3),39
Abscess of lung (513.0:0),39
Unilat inguinal hernia w obstruct (550.10:0),39
IO due to internal herniation (552.8:1),39
"Alcoholic cirrhosis of liver, C (571.2:3)",38
Pneumocystis pneumonia (136.3:1),38
Cellulitis/abscess hand-not finger (682.4:0),38
Post-op wound infection (998.59:3),38
Chronic gastic bleeding ulcer (531.40:0),37
Abnormal liver function (794.8:1),37
Ulcer of esophagus (530.2:0),37
"Ca urinary bladder, other site (188.8:0)",37
Infected joint prosthesis (996.66:0),37
SARS with atypical pneumonia (480.8:2),37
Hypovolaemic shock (785.59:1),36
Chronic duodenal ulcer (532.70:0),36
Liver transplant status (V42.7:0),36
Viral infection (079.99:0),36
Bronchitis (490:0),36
Adenoviral pneumonia (480.0:0),36
"Intra-spinal abscess, epidural (324.1:3)",36
IO due to adhesion (560.81:0),36
Abscess of prostate (601.2:0),36
Obstructive jaundice (576.8:3),35
Volvulus of sigmoid colon (560.2:3),35
Duodenal bleeding (537.89:6),35
Intermediate coronary syndrome (411.1:0),35
Myelofibrosis (289.8:1),35
Chest infection (519.8:1),35
URTI (465.9:1),35
Multi resist staphylo septicemia (038.1:1),35
Retropharyngeal abscess (478.24:0),35
Foot ulcer (707.1:2),35
Lymphoproliferative disease (238.7:7),35
Deep vein thrombosis (453.8:1),35
Dermatomyositis (710.3:0),34
Uncontrolled DM with ketoacidosis (250.12:1),34
Haemophagocytic syndrome (277.8:21),34
Disorder of rectum and anus (569.49:0),34
Postop - cardiac arrest resusc'ed (427.5:1),34
Cancer of body of uterus (182.8:0),34
Hematemesis (578.0:0),34
Poisoning - medicinal agent (977.8:0),34
"Grand mal status, epileptic (345.3:0)",34
Cancer stomach lesser curve (151.5:0),34
Brain metastasis (198.3:2),33
Hepatitis (573.3:0),33
Cancer of duodenum (152.0:0),33
Perianal abscess (566:6),33
# base femoral neck - closed (820.03:0),33
Intramuscular abscess (728.89:1),33
TB lung cavitation by micro exam (011.23:0),33
Retroperitoneal hematoma-nontrauma (568.81:2),33
Intra-abdominal sepsis (038.9:2),32
Complete heart block (426.0:0),32
Orthopedic aftercare (V54.9:0),32
Parapneumonic effusion (511.1:1),32
Pseudo-obstruction of colon (564.8:2),32
Metast carcinoma unknown primary (199.1:10000),32
Enterobacter septicemia (038.49:1),32
"COVID-19, with virus identified (519.8:9)",32
"Cancer of kidney, right (189.0:5)",32
Malig lymphoma head+ neck LN (202.81:0),32
Cellulitis of neck (682.1:0),31
Varicella (052.9:0),31
Hodgkin's lymphoma (201.90:0),31
Ischemic colitis (557.9:5),31
Pneumothorax (512.8:1),30
Acute peptic ulcer (533.30:0),30
Rickettsiosis (083.9:0),30
Gout (274.9:0),30
Pneumocystosis (136.3:0),30
Hypercalcemia (275.4:2),30
Crohn's disease (555.9:2),30
Chronic renal impairment (585.1:0),30
Spine metastasi + cord compression (198.5:6),30
Cancer of urinary bladder (188.9:0),30
Legionnaires' Disease (482.83:1),30
Mallory-Weiss syndrome (530.7:1),30
Sigmoid Diverticulitis (562.11:7),30
Chest pain (786.50:0),30
Microscopic polyangiitis (446.0:2),30
Perforation of esophagus (530.4:0),29
Endophthalmitis (360.00:1),29
Fungemia (117.9:9),29
Pseudoaneurysm (442.9:1),29
Compartment syndrome non-traumatic (729.9:5),28
Ac peptic ulcer w hemorr (533.00:0),28
Nodular lymphoma (202.00:0),28
Confusion (298.9:3),28
Ac alcoholic hepatitis (571.1:0),28
Resp syncytial virus infection (079.6:0),28
Tricuspid valve regurgitation (397.0:6),28
Perforated transverse colon (569.83:11),28
Parapharyngeal abscess (478.22:0),28
Acute viral hepatitis B infection (070.30:0),28
"Pyogenic arthritis, shoulder (711.01:0)",28
Influenza A human swine flu (487.1:10),28
Pyogenic arthritis (711.00:0),28
Hemothorax (511.8:1),28
Duodenal ulcer (532.90:0),27
Malaria (084.6:0),27
Osteomyelitis (730.20:0),27
HIV with specific infection (042:13),27
Parinfluenza viral pneum (480.2:0),27
Parkinson's disease (332.0:2),27
Obstructive uropathy (599.6:3),27
Iron deficiency anemia (280.9:0),27
Duodenal obstruction (537.3:0),27
Hypernatremia (276.0:1),27
Subdural intracranial hematoma (432.1:2),27
Asthma w status asthmat (493.91:0),27
Gastroenteritis (558.9:7),27
"Jaundice, not newborn (782.4:0)",26
Adult-onset Still's disease (714.30:10),26
Renal Abscess (590.2:2),26
Renal mass (593.9:4),26
"Pyogenic arthritis, hip (711.05:1)",26
Nonrheumatic aortic valve stenosis (424.1:2),26
Proteus species infection (041.6:5),26
Thyrotoxicosis (242.90:0),26
TB meningitis (013.00:0),26
Skin abscess (682.9:10),26
Chronic rheumatic heart disease (398.90:1),26
Ileus of bowel (560.1:1),25
VF (427.41:0),25
Metastasis to liver (197.7:999),25
Angina pectoris (413.9:0),25
Salmonella GE (003.0:0),25
Encephalopathy (348.3:0),25
Non-rheumatic mitral regurg (424.0:2),25
Portal hypertensive gastropathy (537.89:8),25
Loin pain (593.83:1),25
Cervical lymphadenopathy (785.6:3),25
Pulmonary tuberculosis (011.90:0),24
Peripheral vascular disease (443.9:1),24
"Lymphoma, spleen (202.87:0)",24
Old CVA (438:0),24
LOC (780.09:2),24
Hip joint pain (719.45:2),24
Rupture sigmoid diverticulum (562.10:5),24
Acquire immunodeficiency syndro (042:0),24
"Delivered, PPPH + uterine atony (666.12:803)",24
Lymphadenopathy (785.6:1),24
Ca urinary bladder (188.9:1),24
Human metapneumovirus pneumonia (480.8:3),24
Mal neo female breast- central (174.1:0),24
"Lymphosarcoma, abdominal (200.13:0)",24
Cellulitis of trunk (682.2:0),23
Closed # pelvis w ring disruption (808.43:1),23
Cancer of main bronchus (162.2:0),23
Small bowel bleeding (578.9:4),23
Fungal septicemia (117.9:5),23
Hypokalemia (276.8:1),23
Small bowel infarction (557.0:13),23
M&B dis alcohol withdraw delirium (291.0:5),23
Diverticulosis colon w hemorrhage (562.12:0),23
Melioidosis (025:0),23
Upper airway obstruction (519.8:2),22
Pseudomembranous colitis (008.45:0),22
Extensive bowel gangrene (557.0:2),22
Cellulitis of face (682.0:0),22
Hyperkalemia (276.7:1),22
Coronary atherosclerosis (414.00:0),22
Subdural hemorrhage (432.1:999),22
Tubo-ovarian abscess (614.2:4),22
Myeloma (203.00:2),22
Unc behav neo meninges (237.6:0),22
Rheumatic mitral stenosis (394.0:1),22
Pulmonary hypertension (416.0:1),22
Guillain Barre syndrome (357.0:3),22
Cellulitis of buttock (682.5:0),22
Vitamin B12 deficiency (266.2:7),22
"Abdom pain, right upper quadrant (789.01:0)",22
Perforation of duodenum (569.83:1),22
Parainfluenza infection (079.89:4),22
Drug-induced skin rash (693.0:1),22
Cl vault # cere lac+ contu mod LOC (800.13:0),22
Subendocardial AMI (410.71:0),22
Pericardial effusion (423.9:1),22
Cancer of stomach - pylorus (151.1:0),21
Gastroduodenitis (535.50:2),21
Closed # C1-C4 + cord injury (806.00:0),21
Salmonella sepsis (003.1:1),21
Cancer of pancreas (157.8:0),21
Gastric varices (456.8:5),21
Irradiation cystitis (595.82:0),21
LL weakness (780.9:3),21
Alcohol withdrawal delirium (291.0:0),21
Ulcerative colitis (556.9:0),21
Carcinomatosis (199.0:2),21
Hydronephrosis (591:0),21
Aspiration pneumonitis (507.0:4),21
Arch aortic aneurysm (441.2:6),21
"Femoral Hernia, Gangrene (551.00:0)",21
Food bolus obstruct of intestine (560.89:4),20
Constipation (564.0:0),20
"Delivered, severe pre-eclampsia (642.51:800)",20
Syncope (780.2:2),20
GB+ bile duct calc+ acute cholecys (574.60:0),20
Disseminated cancer (199.0:0),20
Chronic hepatic failure (571.8:2),20
Rheum mitral stenosis+ insuffic (394.2:0),20
Pulmonary aspiration (934.8:3),20
Post gastrectomy (V15.2:1),20
Cirrhosis w bleed esophap varices (571.5:2),20
Stage IV decubitus ulcer (707.0:7),20
Cardiac tamponade (423.9:2),20
Retroperitoneal Abscess (567.2:8),20
Necrotizing pancreatitis (577.0:4),20
Hemorrhage (459.0:0),20
Hypoxic ischemic encephalopathy (348.1:2),19
Acute peptic ulcer w perforation (533.10:0),19
"Streptococcal sepsis, group B (038.0:5)",19
Neuroleptic malignant syndrome (333.92:0),19
Rectal ulcer with bleeding (569.41:5),19
Aplastic anemia (284.9:0),19
Typhus (081.9:0),19
Toxic diffuse goiter (242.00:0),19
Cortex contusion mod coma (851.03:0),19
Rectal ulcer (569.41:3),19
Lymphoma abdominal (202.83:0),19
Close skull vault # prolong coma (800.44:0),19
Gas gangrene (040.0:0),19
Stone GB+ bile duct w obstruction (574.91:0),19
Cl vault# ICH pro LOC regain consc (800.24:0),19
Dizziness (780.4:1),19
Neutropenia (288.0:1),19
Brain disorder (348.9:0),19
Chronic myelomonocytic leukemia (205.10:1),19
Plasmacytoma (238.6:1),19
Malign tumour thyroid (193:0),18
Unc behav neo pituitary (237.0:0),18
Neutropenic fever (780.6:3),18
Aspergillosis (117.3:0),18
Miliary TB (018.90:0),18
Impaired renal function (593.9:6),18
Elevated liver enzyme level (790.5:5),18
Duodenitis (535.60:0),18
Subdural h'mage brief coma (852.22:0),18
Toxic diffuse goiter w crisis (242.01:0),18
Dislodge right nephrostomy tube (996.39:11),18
Perforated small & large bowel (569.83:8),18
Gram negative sepsis (038.40:1),18
Uncontroll DM with hyperglycaemia (250.82:6),18
Pancreatic abscess (577.0:5),18
CMV pneumonia (078.5:1),18
"GE, noninfectious (558.9:8)",18
Small bowel tumor (239.0:8),18
"COVID-19, virus not identified (519.8:10)",18
Hx-major cardiovasc surg (V15.1:0),17
Viral pneumonia (480.9:0),17
Bronchio obliter organis pneumonia (516.8:1),17
Infection orthopaedic device (996.67:2),17
Hydronephrosis w stone obstruction (591:9),17
Thyrotoxicosis with crisis (242.91:0),17
Anemia due to chronic illness (285.8:1),17
"Aortic dissect aneur, thorac, rupt (441.01:2)",17
"Lymphosarcoma, head (200.11:0)",17
Ascending aortic aneurysm (441.2:5),17
Dieulafoy's vascular malformation (447.8:3),17
CA pyriform sinus (148.1:0),17
"Myocarditis, Acute (422.90:0)",17
Nephrogenic diabetes insipidus (588.1:0),17
Acute hepatitis B with coma (070.20:0),17
Rheumatoid arthritis (714.0:0),17
Peritonsillar abscess (475:0),17
Knee effusion (719.06:1),17
Myeloproliferative disease (238.7:5),17
Non-TB septic spondylitis (720.9:1),17
Portal vein thrombosis (452:0),17
Alcoholic liver failure (571.3:1),17
Cerebrovascular disease (437.9:0),17
Local skin infection (686.9:0),17
Acute duoden ulcer w h'age+ perfor (532.20:0),17
Perforation GI tract (569.83:13),16
"Posterior AMI, initial (410.61:0)",16
Retroperitoneal tumor (239.0:7),16
Empyema gallbladder (575.0:1),16
Burn Eye/Adenexa (940.9:0),16
"Dehydration, severe (276.5:4)",16
Non-alcoholic cirrhosis - B (571.5:5),16
"SDH, nontraumatic (432.1:0)",16
Cerebral cortex contus <1 hr coma (851.02:0),16
Nephrotic syndrome (581.9:0),16
BPH (600:4),16
Dysphagia (787.2:0),16
Persistent vomiting (536.2:0),16
Penicillosis (117.9:7),16
Epistaxis (784.7:0),16
"Twin pregnancy, delivered (651.01:0)",16
"Cancer, primary unknown (199.1:14)",16
Mother delivered w fetal distress (656.31:800),16
Skin disorders (709.8:0),16
Rupture 1 Ca liver (573.8:5),16
Traumatic laceration of liver (864.05:1),16
"Pyogenic arthritis, ankle & foot (711.07:0)",16
"Nodular lymphoma, multi sites (202.08:0)",16
Acalculous cholecystitis (575.10:1),16
Uncontrol type II DM ketoacid coma (250.32:1),16
Diverticulitis of colon (562.11:0),16
Cancer connective+ soft tissue (171.9:0),16
Vomiting alone (787.03:0),16
Ludwig's Angina (528.3:2),16
Intracranial inj >24 hrs LOS (854.04:0),16
Autoimmune encephalitis (323.8:2),16
Perforated gallbladder (575.4:0),16
Gouty arthritis (274.0:1),16
Dislodge left nephrostomy tube (996.39:13),16
Leg ulcer (707.1:5),15
Transient cerebral ischemia (435.9:0),15
Cryptococcal meningitis (117.5:1),15
Intracranial inj w LOS <1 hr (854.02:0),15
PVD of lower limb (443.9:2),15
Psychosis (298.9:0),15
Iliac artery aneurysm (442.2:0),15
Ruptured Thoracic Aneury (441.1:0),15
Acute epiglottitis (464.30:0),15
Cancer of retroperitoneum (158.0:0),15
AMI initial episode of care (410.91:0),15
Strepto pneumococcal septicemia (038.2:0),15
Pernicious anemia (281.0:0),15
Primary biliary cholangitis (571.6:1),15
Malig brain tumor - temporal lobe (191.2:0),15
Pulmonary hemorrhage (786.3:3),15
Ventricular tachycardia (427.1:2),15
Old MI (412:0),15
Recurrent Cholangitis (576.1:3),15
Pseudomonas infection (041.7:0),15
B-cell lymphoma (202.80:37),15
# femur - closed (821.00:0),15
Viral exanthem (057.9:0),15
Malignant Ascites (197.6:1),15
Pseudo-obs of intestine (564.8:1),15
Dis of gallbladder (575.8:0),15
Bullous pemphigoid (694.5:3),15
Acute bronchitis (466.0:0),15
Falls (799.5:0),15
Decrease in appetite (783.0:1),15
Colon polyp (569.89:4),15
Poison by anticoagulant (964.2:0),15
Post COVID-19 condition (139.8:5),15
Unilateral IH with gangrene (550.00:0),15
Myelodysplastic/proliferative dis (238.7:10),15
Thoracic aortic aneurysm (441.2:0),15
Spotted fevers (082.0:0),15
Cong cystic liver disease (751.62:0),15
Hydrocephalus (331.4:5),15
Respiratory arrest (799.1:0),15
Systemic vasculitis (447.6:10),15
BPH with AROU (600:1),14
Supraventricular tachycardia (427.89:1),14
Malig neo frontal lobe (191.1:0),14
Bone metastasis (198.5:1),14
Vivax malaria (084.1:0),14
CML in complete remission (205.11:0),14
CA urinary bladder lateral wall (188.2:0),14
M&B alcohol dependence synd (303.90:7),14
Neuromyelitis optica (341.0:0),14
Leukemia (208.80:0),14
Edema of LL (782.3:1),14
Viral hep B carrier (V02.61:0),14
Brain death (348.8:1),14
"Lymphosarcoma, thorax (200.12:0)",14
Blocked PTBD catheter (996.59:14),14
Vasculitis (447.6:1),14
Small bowel volvulus (560.2:5),14
Streptococcal sepsis (038.0:3),14
Fungal peritonitis (117.9:4),14
Acute and chronic cholecystitis (575.12:0),14
Cerv spondyl w myelopath (721.1:0),14
Empyema thoracis (510.9:1),14
CBD stone w acute cholecystitis (574.30:0),14
Int hemorrhoid w/o compl (455.0:0),14
Human metapneumovirus infection (079.89:8),14
Diverticulitis (562.11:999),14
Normal spontaneous delivery (650:1),14
Hiatus Hernia (553.3:1),14
CA female breast upper-inner quad (174.2:0),14
Acute gastritis (535.00:0),14
Traumatic SAH LOC < 1 hr (852.02:0),14
Chronic peptic ulcer w perforation (533.50:0),13
Atypical mycobacterial infection (031.9:0),13
Chr duoden bleed ulcer + perforate (532.60:0),13
Infection due to enterococcus (041.04:2),13
Bacteremia due to salmonella (790.7:2),13
Laceration (879.8:5),13
Cancer of tonsil (146.0:0),13
Plasma cell leukemia (203.10:0),13
Bradycardia (427.89:15),13
Pulmonary edema (514:3),13
Abdominal distension (787.3:3),13
Stricture of ureter (593.3:3),13
Intestinal ulcer (569.82:0),13
Necrosis of skin/subcutaneo tissue (785.4:5),13
Bladder disorder (596.9:0),13
Acinetobacter septicemia (038.49:2),13
Knee pain (719.46:1),13
CBD obstruction (576.2:3),13
Uncontrol type I DM ketoacidosis (250.13:0),13
Abnormal shadow on CXR (793.1:1),13
"Chorioamnionitis, delivered (658.41:2)",13
DRESS syndrome (288.3:3),13
Pulmonary secondary (197.0:999),13
Alcohol dependence syndrome (303.90:0),13
Peptic ulcer (533.90:0),13
Acute gastritis w hemorrhage (535.01:0),13
Ventriculitis of brain (322.9:9),13
Cancer of anal canal (154.2:0),12
Waldenstrom's macroglobulinaemia (273.3:1),12
Infection of generator site (996.61:1),12
Bleeding esoph varix d/t liver dis (573.9:2),12
"Cancer breast, female lower-outer (174.5:0)",12
Endocarditis (424.90:0),12
Chronic hepatitis C infection (070.54:0),12
Backache (724.5:0),12
Burn of multiple sites in trunk (942.09:0),12
Cancer of stomach (151.8:0),12
Obturator hernia (553.8:3),12
Subdural h'mage mod coma (852.23:0),12
Retention of urine (788.20:0),12
Diverticulosis of colon (562.10:0),12
Staph aureus sepsis (038.1:5),12
Cancer connect+ soft tissue LL (171.3:0),12
Gastric bleeding (578.9:3),12
Interstitial lung disea w fibrosis (516.3:2),12
Aortic aneurysm (441.9:0),12
Drowning (994.1:1),12
Pulmonary Fibrosis (515:1),12
Staphylo aureus infection (041.11:0),12
Cancer connect/ soft tissue pelvis (171.6:0),12
Renal haemorrhage (593.81:1),12
Nausea and vomiting (787.01:0),12
Pneumonia streptococcus A (482.31:0),12
Acute suppurative cholecystitis (575.0:4),12
Ovarian cyst (620.2:0),12
Placenta accret w PPH delivery epi (666.02:1),12
Dental abscess (522.5:1),12
Toxic shock syndrome (040.89:1),12
Mental& beha by acute alco intoxic (303.00:7),12
Pathological # NOF (733.14:0),12
Chronic cholecystitis (575.11:0),12
Blocking left nephrostomy tube (996.39:14),12
"Hemoperitoneum, torn mesentery (568.81:1)",12
Cytomegaloviral colitis (078.5:6),12
Supracondylar # femur - closed (821.23:0),12
Scrotal abscess (608.4:2),12
"Traumatic SAH, LOC > 24hr (852.04:0)",11
"OA knee, primary (715.16:1)",11
Avascular necrosis of hip (733.42:2),11
Herpes zoster ophthalmicus (053.20:1),11
Fracture patella - closed (822.0:0),11
Chronic peptic ulcer w hemorrhage (533.40:0),11
Duodenal diverticulum (562.00:2),11
Thoracoabdominal aortic aneurysm (441.7:0),11
Cancer of peritoneum (158.9:0),11
"Aortic Aneurysm, rupture (441.5:0)",11
"Delivered, failed induct of labor (659.11:800)",11
Citrobacter infection (041.85:11),11
Contusion of hip (924.01:0),11
Faecal Impaction (560.39:2),11
Cancer stomach greater curve (151.6:0),11
Tumour lysis syndrome (277.8:6),11
Small Bowel Obstruction (560.9:9),11
Serratia septicemia (038.44:0),11
Cancer of bronchus or lung (162.8:0),11
Infective spondylopathy (730.98:2),11
Pulmonary TB by histology (011.95:0),11
Rheumatic tricuspid insufficiency (397.0:3),11
Acute endophthalmitis (360.01:0),11
Cancer of tongue (141.9:0),11
"# tibia & fibula, closed (823.82:0)",11
Hepatorenal syndrome (572.4:0),11
"Pelvic abscess, female (614.4:3)",11
NIDDM with hyperglycaemia (250.80:7),11
Hyperlipidemia (272.4:0),11
"Hodgkin disease, nodular sclerosis (201.50:0)",11
CA cardio-esophageal junction (151.0:7),11
Anemia megaloblastic B12 (281.1:1),11
"Delivered, PPH retained placenta (666.02:801)",11
Malig neopl kidney (189.0:0),11
DVT leg (453.8:3),11
Unilateral inguinal hernia (550.90:0),11
Alcoholic chronic liver disease (571.3:2),11
Heel ulcer (707.1:3),11
Colon bleeding (578.9:5),11
Mal neo long bones leg (170.7:0),11
Urinary calculus (592.9:0),11
Reflux esophagitis (530.11:0),10
Slipped PTBD (996.59:7),10
"Bladder rupt, nontraum (596.6:0)",10
Feeding prob-not newborn (783.3:0),10
Ovarian tumor (239.5:2),10
Cystitis (595.9:0),10
Subarachnoid h'mage no LOC (852.01:0),10
Mitral stenosis (394.0:0),10
Cancer of maxillary sinus (160.2:0),10
Small bowel stricture (560.9:10),10
Germ cell tumor extracranial (199.1:10),10
Mycoplasma pneumonia (483.0:0),10
TB peritonitis (014.00:0),10
Burn genitalia (942.05:0),10
GE salmonella D (003.0:4),10
CA exocervix (180.1:0),10
Fungal pneumonia (117.9:2),10
Pneumococcal meningitis (320.1:0),10
Paranoid schizophrenia (295.30:0),10
Cancer esophagus - cervical (150.0:0),10
"Iron defic anemia, chr blood loss (280.0:0)",10
Traumatic SDH w/o LOC (852.21:0),10
Ileostomy status (V44.2:0),10
"Lymphoma, thorax (202.82:0)",10
Hemophagocytic lymphohistiocytosis (288.8:3),10
Infected implants (996.60:1),10
Edema (782.3:0),10
Ischiorectal Abscess (566:5),10
Observation - suspected condition (V71.9:0),10
Disseminate intravasc coagulation (286.6:1),10
Angiodysplasia stomach bleeding (537.83:2),10
Prostatic disorder (602.9:0),10
Renal angiomyolipoma (223.0:2),10
Multiple small bowel ulcer (569.82:2),10
Drug allergy (995.2:3),10
Leukemia in remission (208.91:0),10
Amyloidosis (277.39:0),10
ANCA positive vasculitis (447.6:12),10
"Ruptured spleen, non-tra (289.59:1)",10
Disease of larynx (478.70:0),10
Grand mal-intractable epilepsy (345.11:0),10
Intracerebral bleed in brain stem (431:14),10
Type II DM with gangrene foot (250.70:3),10
"Ca Ureter, Lt (189.2:4)",10
H1N1 - human swine flu (487.1:11),10
Abscess of lung with pneumonia (513.0:2),10
Esophageal ulcer with bleeding (530.2:1),9
Corticoadrenal insufficiency (255.4:0),9
Groin LN (lymph node) (785.6:7),9
Pneumonia strep. B (482.32:0),9
"Pyogenic arthritis, wrist (711.03:1)",9
Closed # thoracic no cord lesion (805.2:0),9
Leptospirosis (100.9:0),9
"# tibia & fibula, open (823.92:0)",9
Carcinoma of peritoneum (158.9:1),9
Autoimmune hemolytic anemia (283.0:0),9
"Enlarged, multiple cervical LNs (785.6:4)",9
Hypert w renal failure (403.91:0),9
Cancer (199.1:0),9
Rhinovirus infection (079.3:0),9
Chronic peptic ulcer (533.70:0),9
Uncontrol DM w hyperosmolar coma (250.22:3),9
Disseminated tuberculosis (018.90:1),9
Sick sinus syndrome (427.81:1),9
Hemolytic anemia (283.10:1),9
Infectious gastroenteritis (009.0:4),9
Hypertensive renal disease (403.90:0),9
Cancer of parotid gland (142.0:0),9
Post-op wound dehiscence (998.3:0),9
Rheum aortic steno w insufficiency (395.2:0),9
"Bed sore, heel (707.0:4)",9
Kidney tumor (239.5:6),9
Addisonian Crisis (255.4:2),9
Perforation of rectosigmoid colon (569.83:6),9
"Peritonitis, Suppurative (567.2:0)",9
Skin Ulcer (707.9:2),9
CA pelvic bone/ sacrum/ coccyx (170.6:0),9
Severe aplastic anemia (284.9:2),9
MND (335.20:1),9
Rectal tumor (239.0:6),9
Esophageal disorder (530.9:0),9
Orthopaedic aftercare for TKR (V54.9:1),9
Acute herpes zoster (053.9:1),9
Erythroderma (695.9:2),9
Duodenal erosion (532.90:2),9
Viral hepatitis A (070.1:0),9
"SIRS, infect with organ failure (780.9:29)",9
Ileitis (558.9:6),9
Cardiomyopathy (425.4:12),9
Clo vlt# cere lac+ contu brief LOC (800.12:0),9
Acute ischemic colitis w/ bleeding (557.0:16),9
Fetal distress for maternal care (656.30:0),9
Eczema (692.9:3),9
Cancer of cheek mucosa (145.0:0),9
Streptococcus group G infection (041.05:0),9
Dissect aneurysm thoracoabdo aorta (441.03:0),9
Pneumocystis carinii infection (136.3:2),9
Closed # of rib (807.00:0),9
Primary sclerosing cholangitis (576.1:6),9
# surg nck humerus-clos (812.01:0),9
Op vlt# lac+ con prol LOC regain (800.64:0),9
Psoriasis (696.1:0),9
Vocal cord paralysis (478.30:0),9
Cold antibody hemolytic anemia (283.0:1),8
Mediastinitis (519.2:0),8
Strangulated incisional hernia (552.21:1),8
OGD with biopsy (45.16:0),8
Alcoholism (303.90:6),8
Burn of hand (944.00:0),8
No CBD stone (V71.9:7),8
"Delivered, vaginal tear + PPPH (665.41:802)",8
Wegener's granulomatosis (446.4:0),8
Candidal sepsis (112.5:1),8
Cancer connect/ soft tissue thorax (171.4:0),8
Cerebral thrombosis no infarct (434.00:0),8
Mal neo soft/ conn tissue H&N (171.0:0),8
Primary PPH+ uterine atony PN (666.14:803),8
Group B streptococcal septicemia (038.0:9),8
Cardiac tumor (239.8:5),8
Carcinoma of pancreas (157.9:1),8
Post-op hemoperitoneum (998.11:12),8
Neutropenia due to chemo (288.0:10000),8
Post hematopoiet stem cell transpl (V42.8:2),8
"Lymphosarcoma, spleen (200.17:0)",8
OA knee (715.96:1),8
Metastatic adenocarcinoma (199.1:9),8
Atypical pneumonia (486:1),8
Extranodal NK/T cell nasa lymphoma (202.80:41),8
Pancr intraduct papil mucin neo (235.5:4),8
Alcoholic fatty liver (571.0:0),8
Rupture Ectopic Preg (633.9:1),8
Cancer appendix vermiformis (153.5:0),8
Obstructiv hydrocephalus (331.4:0),8
CA female breast lower-inner quad (174.3:0),8
Nonrheum aortic stenosis w insuff (424.1:4),8
Unilat femoral hernia w obstruct (552.00:0),8
Candidiasis of esophagus (112.84:0),8
Pneumococcus infection (041.2:0),8
Megaloblastic anemia (281.3:0),8
False femoral aneurysm (442.3:1),8
Obstruct sleep apnea syndrome (780.53:2),8
Dialysis exit site infection (998.59:12),8
Cellulitis and abscess of finger (681.00:0),8
Acute non-traumatic renal injury (584.9:1),8
Cancer of thymus (164.0:0),8
Bleeding BPH (602.1:1),8
Cancer of tongue - base (141.0:0),8
Disseminated zoster (053.79:1),8
Rectal Polyp (569.0:3),8
"SLE GN syndrome, WHO class IV (710.0:16)",8
Swelling of limb (729.81:0),8
Secondary to regional LN (196.9:3),8
Cancer skin lower limb (173.7:0),8
Burkitt lymphoma multi sites LN (200.28:0),8
Atrial flutter (427.32:0),8
Wernicke's encephalopathy (265.1:1),8
Schizophrenia (295.90:0),8
Subdural h'mage LOC 1-24 hrs (852.24:0),8
Cecal diverticulitis (562.11:1),8
Malignant fever (780.6:1),8
Bezoar obstruction (560.89:3),8
Bladder stone (594.1:0),8
Malfunc urethral indwelling cath (996.31:0),8
Anti-GBM disease (583.89:10),8
Acquired hemophilia (286.9:9),8
"Toxic epid necro, correct subs (695.1:7)",8
Compartment syndrome (958.8:1),8
# Femur greater trochanter (820.20:1),8
Per rectal bleeding (578.9:1),8
Listerial septicemia (027.0:5),8
GB& bili calcu+ acu/chr cholecysti (574.80:0),8
Lumbar spinal stenosis (724.02:0),8
Poisoning-aromatic analgesic (965.4:0),8
Alcohol withdrawal state (291.81:1),8
Leukemic reticuloendotheliosis (202.40:0),8
Sustain monomorp ventric tachycard (427.1:11),8
Female pelvic inflammation (614.9:1),8
# humerus closed (812.20:0),8
Cancer of oesophagus (150.8:0),8
Ischemic colitis with bleeding (557.9:4),8
Urethral false passage (599.4:0),7
Breast disorders (611.8:0),7
Anti-phospholipid syndrome (279.4:1),7
Colonic ulcer (569.82:4),7
"Fistula, small bowel (569.81:6)",7
Spontaneous incomplete abortion (634.91:0),7
Gastritis with hemorrhage (535.51:1),7
Paraumbilical hernia (553.1:1),7
"Stevens-Johnson syndrome, TENS (695.1:11)",7
Lung transplant status (V42.6:0),7
Leukocytosis (288.8:1),7
Incompl spon abor pelv+ genit infe (634.01:0),7
Metas carcinoma urinary bladder (198.1:4),7
Friedlander bacillus infection (041.3:0),7
Pelvic tumor (239.8:4),7
Removal vascular catheter (V58.81:0),7
Pelvic Mass (789.30:7),7
Constrictive pericarditis (423.2:0),7
Rupture Esophagus (530.4:1),7
"Intramuscular haematoma,nontrauma (728.89:13)",7
Bile peritonitis (567.8:1),7
"Prev single Cesarean, delivered (654.21:2)",7
Metastasis to specified site (198.89:999),7
Mal ant medias tumor germ cell (164.2:5),7
Esophageal hemorrhage (530.82:0),7
Acute stimulant intoxication (305.70:3),7
Acute tonsillitis (463:0),7
Aftercare for THR (V54.9:2),7
Bronchiolitis obliterans (491.8:1),7
Pancreatic Cyst (577.2:2),7
Parotitis (527.2:2),7
"Laceration, scalp (873.0:1)",7
Acute Epididymo-orchitis (604.90:3),7
Stimulant harmful use mental disor (305.70:2),7
Type II DM with ketoacidosis (250.10:0),7
Parastomal Hernia (553.21:2),7
Erythema multiforme (695.1:0),7
Blocking right nephrostomy tube (996.39:15),7
Perforated terminal ileum (569.83:10),7
Fasciitis (729.4:0),7
Infec due to vasc device (996.62:0),7
Vascular dementia (290.40:11),7
Hypten heart+ renal dis renal fail (404.92:0),7
Leiomyoma of uterus (218.9:0),7
"Dehydration, moderate (276.5:3)",7
Candidiasis (112.9:0),7
Pelv # open / pelv disrup (808.53:0),7
Leucopenia (288.0:2),7
Hemopericardium (423.0:0),7
Pathologic # femur (733.15:0),7
HIV result in pneumocystosis (042:31),7
Streptococcal meningitis (320.2:0),7
Benign cerebral meningioma (225.2:0),7
Bleeding esophagitis (530.19:2),7
"VT, non-sustained (427.1:6)",7
GE salmonella B (003.0:2),7
Acute bacterial endocarditis (421.0:1),7
Pemphigoid (694.5:0),7
Incomplete abortion (637.91:0),7
Obstructed ureter (593.4:0),7
"Ca connect+soft tissue, other site (171.8:0)",7
SMA obstruction (557.0:15),7
Arthritis (716.90:1),7
Intestinal fistula (569.81:0),7
Paracolic & pelvic abscess (567.2:6),7
CBD stones with cholangitis (574.50:2),7
NAD on cystoscopy (V71.9:3),7
Serotonin syndrome (333.99:4),7
Intraabdominal abscess (567.2:4),7
Perinephric Abscess (590.2:1),7
Bacterial meningitis (320.9:0),7
Cancer of mediastinum (164.9:0),7
Rectovaginal fistula (619.1:1),7
Malig lymphoma inguinal+ LL LN (202.85:0),7
Hx musculoskeletal disease (V13.5:0),6
Submuco leiomyoma-uterus (218.0:0),6
Acute osteomyelitis (730.00:0),6
Essential thrombocythemia (238.7:1),6
Weakness (780.9:48),6
Infective colitis (009.0:2),6
Infective tenosynovitis (727.09:6),6
"Delivered, prolonged 2nd stage (662.21:800)",6
Petit mal status (345.2:0),6
Wilson's disease (275.1:2),6
Communicat hydrocephalus (331.3:0),6
"CA hypopharynx, other site (148.8:0)",6
Prostatitis (601.9:0),6
Cancer tip+ lateral border tongue (141.2:0),6
Mycosis (117.9:0),6
Cancer of stomach - fundus (151.3:0),6
Cancer urinary bladder neck (188.5:0),6
Post Polya gastrectomy (V45.89:11),6
Group A streptococcal septicemia (038.0:7),6
Dieulafoy's stomach lesion (531.40:6),6
Acinetobacter infection (041.85:8),6
Splenomegaly (789.2:0),6
Sacral abscess (730.08:2),6
Abscess of mediastinum (513.1:0),6
Heart transplant status (V42.1:0),6
M&B dis alcohol withdrawal state (291.81:5),6
Mal neo parietal lobe (191.3:0),6
Malign neopl vagina (184.0:0),6
Influenza like illness (079.89:11),6
Rheumatic mitral insuff (394.1:0),6
Acute interstitial nephritis (580.89:1),6
Abdominal compartment syndrome (958.8:2),6
"Alcoholic cirrhosis of liver, B (571.2:2)",6
Hantavirus infection (078.89:4),6
"Chronic kidney disease, stage 5 (585.9:9)",6
"CA Kidney - Renal pelvis, left (189.1:3)",6
TB spine (015.00:0),6
Malign neopl breast (174.8:0),6
Perforated Jejunum (569.83:4),6
Atherosclerosis limb w gangrene (440.24:0),6
Esophagogastroduodenoscopy (45.13:1),6
Ankle ulcer (707.1:10),6
Acute hemorrhagic pancreatitis (577.0:1),6
Delivered with abruptio placenta (641.21:800),6
Alzheimer's disease (331.0:0),6
# upper end tibia-close (823.00:0),6
Dementia Alzheimer late onset (290.0:3),6
Hodgkin nodul sclero multi site LN (201.58:0),6
Internal herniation (553.8:1),6
Iliac artery obstruction (444.81:2),6
Crusted scabies (133.0:2),6
"Delivered, APH - placenta previa (641.11:800)",6
Acute alcoholic intoxication (303.00:0),6
Disorder of biliary tract (576.9:0),6
Parotid gland abscess (527.3:1),6
Subarachnoid h'mage mod LOC (852.03:0),6
"Abdominal pain, right low quadrant (789.03:0)",6
HIV result in PJP (042:59),6
Streptococcus group B infection (041.02:0),6
Uncontrol DM with hyperosmolarity (250.22:2),6
Open wound of scalp (873.0:0),6
Shoulder pain (781.9:3),6
Traumatic injury to kidney (866.00:0),6
Fracture acetabulum - closed (808.0:0),6
Major liver laceration traumatic (864.04:999),6
Gouty tophi (274.0:2),6
Membranous glomerulonephritis (583.1:1),6
Gram-negative meningitis (320.82:0),6
"Lymphadenopathy, groin (785.6:8)",6
Bleeding from colostomy (997.4:28),6
Viral gastroenteritis (008.8:0),6
Cancer connect+ soft tissue UL (171.2:0),6
Obstructive hydronephrosis (591:6),6
"Cancer of ureter, right (189.2:3)",6
Atrophic gastritis (535.10:0),6
Cancer of jejunum (152.1:0),6
Poisoning-sedative/hypnotic (967.9:0),6
Hyperplasia of prostate (600:0),6
Hemoglobin H disease (282.4:6),6
Splenic artery aneurysm (442.83:0),6
CA urinary bladder anterior wall (188.3:0),6
Pyosalpinx (614.2:1),6
# femur shaft - open (821.11:0),6
Hyperammonemia (270.6:4),6
Poison by antidepressant (969.0:0),6
Bladder wall hemorrhage (596.7:1),6
Infected amputated stump (997.62:0),6
Esophageal polyp (530.89:1),6
"VT, sustained (427.1:7)",6
Uncontrol DM w ketoacidotic coma (250.32:3),6
"Streptococcal sepsis, group A (038.0:4)",6
Adenomyosis of uterus (617.0:1),6
Thrombotic microangiopathy (446.6:0),6
Missed miscarriage (632:0),6
# radius distal end closed (813.42:0),6
Bladder Mass (596.8:2),6
Cranial diabetes insipidus (253.5:1),6
Post Polya with GJ-ostomy (V45.89:12),6
Chronic hep C with coma (070.44:0),6
Polycystic kidney (753.12:0),6
Pyloric Obstruction (537.0:1),6
Interstitial pneumonia (516.8:5),6
Liver metastasis (197.7:0),6
HIV resuting in Burkitt's lymphoma (042:50),6
Nonrheumatic mitral valve prolapse (424.0:1),6
Disorders of uterus (621.8:0),6
Cancer of larynx - supraglottis (161.1:0),6
Displace orthopedic device (996.4:3),6
Hypothyroidism (244.9:0),5
Mitral valve prolapse (424.0:11),5
Influenza A H3N2 (487.1:7),5
Close skull vault # no coma (800.21:0),5
"Cancer of testis, right (186.9:4)",5
Cellulitis & abscess of toes (681.10:0),5
Intracranial inj LOS 1-24 hrs (854.03:0),5
"UTI, post-op complication (599.0:2)",5
Intracranial venous sinus thrombos (325:1),5
Crescentic GN (583.89:2),5
CA prostate (185:2),5
Contusion (924.9:0),5
Chronic respiratory failure (518.81:5),5
Skin melanoma (172.9:1),5
Spinal abscess (324.1:2),5
Preseptal orbital cellulitis (376.01:2),5
Uncontrol type I DM ketoacid coma (250.33:2),5
Cardiac cirrhosis (571.5:9),5
"Non-trau hematoma, skin/subcut tis (782.7:1)",5
Occlude precerebral art + infarct (433.91:0),5
Delivered with primary PPH (666.12:801),5
Mechanical low back pain (724.2:3),5
CA nipple+ areola female breast (174.0:1),5
Sec mal neo brain/spine (198.3:0),5
Pyloric Stenosis (537.0:2),5
Gram positive bacterial infection (041.89:1),5
Bladder neoplasm (239.4:0),5
Recur unilat ing hernia w obstruct (550.11:0),5
Pneumonia due to coronavirus (480.8:1),5
Colonic fistula (569.81:3),5
Proctitis (569.49:1),5
"Delivered, no progress in labor (661.21:802)",5
Diabetes insipidus (253.5:0),5
Closed # lumbar spine (805.4:0),5
Strongyloidiasis (127.2:0),5
Multi inflam syndr adult COVID-19 (780.9:66),5
Hx of leukemia (V10.60:0),5
"Fracture of pubis, closed (808.2:0)",5
"Ureteric stones, Lt (592.1:5)",5
Prophylactic isolation (V07.0:0),5
Cryptogenic cirrhosis (571.5:10),5
Paronychia in finger (681.02:2),5
Hepatic coma (572.2:0),5
Ment+ beh dis harmful use alcohol (305.00:1),5
Infective peritonitis (567.2:13),5
Mitral valve prosthe complication (996.02:2),5
Disseminated cryptococcosis (117.5:6),5
Metastasis to vertebrae (198.5:5),5
Hx uteri cervix cancer (V10.41:0),5
Bile leakage from PTBD (997.4:26),5
Secondary adrenal insufficiency (255.4:4),5
Polyarteritis nodosa (446.0:0),5
Breast mass (611.72:4),5
Transverse Myelitis (323.9:2),5
Tenosynov hand/wrist (727.05:0),5
Polycyst kidney autosom dominant (753.13:0),5
"Hodgkin disease, multi sites (201.98:0)",5
Tick-borne ricketts (082.9:0),5
Mesenteric Embolism (557.0:10),5
Wound hematoma (998.12:2),5
Closed # of cervical vertebra (805.00:0),5
Cor pulmonale (416.9:2),5
Short gut syndrome (579.3:1),5
Fatty liver (571.8:1),5
Cerebral lupus (710.0:5),5
Attempt suicide (300.9:2),5
TB lymph node (017.20:0),5
"Perfor urinary bladder, traumatic (867.0:1)",5
"Mesenteric tear, traumatic (863.89:1)",5
Malnutrition (263.9:1),5
Loosen ortho implant/ device (996.4:4),5
Laceration of skin (879.8:17),5
Closed lumbar # w cord injury (806.4:0),5
Abscess of spleen (289.59:3),5
Ca adrenal (194.0:2),5
Renal cyst (593.2:1),5
CA endocervix (180.0:0),5
Sequelae of SAH (438:4),5
Paraproteinemia (273.2:0),5
NonInflam dsdr  ovary (620.9:2),5
Gangrenous pneumonia (513.0:3),5
Hemolytic-uremic syndrom (283.11:0),5
Cyanotic congenital heart disease (746.9:1),5
Spleen parenchyma laceration (865.03:0),5
Gallstone ileus (560.31:0),5
Pyothorax (510.9:2),5
Hepatocellular adenoma (211.5:7),5
Delivered with intrauterine death (656.41:800),5
Intestinovesical fistula (596.1:0),5
"Arthritis, bacterial infection (711.00:4)",5
"HELLP syndrome, delivery episode (642.51:2)",5
Ac/subac bact endocard (421.0:0),5
Infected ascites (789.5:3),5
Laceration of face (873.40:1),5
Carcinoma of stomach (151.9:1),5
Acute hemorrhagic cholecystitis (575.0:3),5
Lesion of pancreas (577.8:4),5
Bleeding CBD (576.8:1),5
Drowning / nonfatal submersion (994.1:0),5
Infected arteriovenous graft (996.62:1),5
"Delivered, prev Cesarean section (654.21:800)",5
Anaerobic septicemia (038.3:0),5
"Contusion of trunk, back (922.31:0)",5
Disease of pharynx or nasopharynx (478.29:0),5
Paroxysmal atrial fibrillation (427.31:1),5
Acute erosive gastritis (535.00:2),5
Hip arthroplasty dislocation (996.4:7),5
Bacterial enteritis (008.5:0),5
Meningococcemia (036.2:0),5
Lymphosarcoma and reticulosarcoma (200.80:0),5
Liver injury (864.00:0),5
Glomerulonephritis (583.89:6),5
IgG4 related systemic disease (279.9:4),5
Cancer of esophagus (150.9:0),5
Pemphigus vulgaris (694.4:3),5
"Fundal varices, bleeding (456.8:1)",5
NIDDM with hypoglycemia (250.80:5),5
Graft-versus-host disease (996.85:1),5
Tachycardia-bradycardia syndrome (427.81:5),5
Carbuncle of back (680.2:1),5
"Compartment syndrome, traumatic (958.8:3)",5
Invasive transition cell carcinoma (199.1:21),5
Hypocalcemia not newborn (275.4:9),5
Toxic megacolon (556.9:5),5
Streptococcus suis meningitis (320.2:1),5
"Pneumonia, anaerobes (482.81:0)",5
CMV retinitis (078.5:2),5
Disseminated candidiasis (112.5:0),5
Congestive rheumatic heart failure (398.91:0),5
Thymoma (235.8:3),5
"Intestinal infection, clostridium (008.46:3)",4
Defibrination syndrome (286.6:0),4
"GIST, small bowel (235.2:4)",4
Respiratory infection (519.8:5),4
Malignant pleural effusion (197.2:2),4
# humerus shaft-closed (812.21:0),4
Myositis (729.1:3),4
Dislodged cholecystostomy tube (996.59:13),4
Self neglect poor fd/ water intake (783.3:1),4
Idiopathic pulmonary artery HT (416.0:2),4
Depression (311:1),4
Lumbar vertebra collapse (733.13:5),4
Listeriosis meningitis (027.0:1),4
Mucormycosis (117.7:2),4
Infectious disease (136.9:5),4
Adrenal tumor (239.7:1),4
Esophag varice due to cirrhosis (571.5:1),4
Osteoarthritis of hip (715.95:1),4
Arteriovenous fistula (447.0:999),4
"Sclerosing peritonitis, dialysis (567.8:5)",4
Cancer connect/ soft tissue abdo (171.5:0),4
Acute drug intoxication (305.90:8),4
Acute renal tubular necrosis (584.5:4),4
Salmonella infection (003.9:0),4
Scabies (133.0:0),4
TB ileitis (014.80:0),4
Benign neoplasm - brain (225.0:0),4
Infect postop seroma (998.51:0),4
Open wound foot (892.0:0),4
Chronic osteomyelitis (730.10:0),4
Lyell's Syndrome (695.1:3),4
Radiation pneumonitis (508.0:1),4
Burkitt lymphoma intra-abdo LN (200.23:0),4
Gastric polyposis (211.1:6),4
Acute ischaemic colitis (557.0:19),4
Hematoma of kidney (866.01:0),4
Cancer of hypopharynx (148.9:0),4
CNS demyelination (341.9:0),4
Femoral artery obstruction (444.22:5),4
Ruptured aneurysm of artery (442.9:7),4
Infection by adenovirus (079.0:0),4
Generalized rash (782.1:2),4
SIADH (253.6:1),4
Pneumococcal sepsis (038.2:1),4
Dengue hemorrhagic fever (065.4:2),4
Injury iliac artery (902.53:0),4
Complete lesion cord / C1 - C4 (952.01:0),4
"Aortic insufficiency, nonrheumatic (424.1:7)",4
Dislodgement of NG tube (996.59:6),4
Aneurysm of carotid artery (442.81:1),4
Hx of bladder malignancy (V10.51:0),4
Duodenitis w hemorrhage (535.61:0),4
Stent complication (996.59:1),4
Acute suppurat bacterial arthritis (711.00:10),4
Hx of ICH (438:2),4
Tumor (239.9:0),4
Gastroparesis (536.3:0),4
Cerebral cortex contusion no coma (851.01:0),4
Inflammatory bowel disease (558.9:18),4
Zoster encephalitis (053.19:2),4
Burn neck (941.08:0),4
Abn findings-lung field (793.1:0),4
Hypertr obstr cardiomyop (425.1:0),4
GB& bile duct stone+ AC & obstruct (574.61:0),4
Achalasia (530.0:1),4
Vascular insufficiency of bowel (557.9:0),4
Acute appendicitis+ local peritoni (540.0:5),4
Coagulase -ve staphy septicemia (038.1:3),4
Headache (784.0:0),4
Amebic liver abscess (006.3:0),4
"Toxic effect, nonmedicinal agent (989.8:0)",4
Chronic nonalcoholic liver disease (571.9:0),4
Acute on chronic alcohol liver dis (571.1:2),4
Acute ren fail w tubular necrosis (584.5:0),4
Enterocutaneous fistula (569.81:8),4
Gram-negative bacterial infection (041.85:0),4
Spondylitis (720.9:3),4
VSD - post MI (429.71:2),4
Epstein Barr virus infection (075:1),4
Metastasis to pleura (197.2:1),4
Pseudogout (275.4:28),4
Meningoencephalitis (323.9:10),4
CA urinary bladder - dome (188.1:0),4
"Hodgkin disease, mixed cellularity (201.60:0)",4
Mycoplasma infection (041.81:0),4
Chronic ulcer of lower limb (707.1:999),4
Acute IHD (411.89:2),4
Paralytic ileus (560.1:0),4
Angioimmunoblastic T-cell lymphoma (202.80:50),4
"Prev multiple Cesarean, delivered (654.21:1)",4
Hx of NPC (V10.02:1),4
Hydropneumothorax (511.8:5),4
Fibrosing alveolitis (516.3:1),4
"Pyogenic arthritis, elbow (711.02:1)",4
TB meningitis by culture (013.04:0),4
Close skull vault # mod coma (800.43:0),4
Secondary to distant LN (196.9:4),4
Partial epilepsy+impaired consciou (345.40:0),4
Weight loss (783.2:1),4
Pathologic # vertebrae (733.13:0),4
Neuropathy (349.9:7),4
Pathologic # humerus (733.11:0),4
Uncontrol type II DM gangrene foot (250.72:1),4
"Thrombocytopenia, Immune (287.5:1)",4
Stomach polyp bleeding (537.84:1),4
Cancer of skin - face (173.3:0),4
Post Whipple's operation (V45.89:20),4
FB in pharynx (933.0:0),4
"Anorexia nervosa, restricting (307.1:1)",4
Chronic inflam demyelin neuropathy (357.8:1),4
Intramural leiomyoma uterus (218.1:0),4
Alcohol-induced acute pancreatitis (577.0:8),4
Unc beh neo nerv sys (237.9:0),4
Intervertebral discitis (722.90:4),4
Chronic pancreatitis (577.1:0),4
Fiber-optic bronchoscopy (33.22:0),4
Polycystic liver disease (751.62:1),4
Posterior disloc hip-cl (835.01:0),4
Hepatitis E infection (070.53:0),4
Anaphylaxis (995.0:0),4
Rheumatic mitral & aortic stenosis (396.0:0),4
"Aortic occlusion, abdomen (444.0:2)",4
Primary antiphospholipid syndrome (279.4:3),4
Gallstone with obstruction (574.21:0),4
Ectopic pregnancy (633.9:0),4
Op - accidental perfor bladder (998.2:7),4
Drug induced fever (780.6:4),4
Cancer of retromolar area (145.6:0),4
Ischaemic enteritis (557.9:2),4
Non-alcoholic cirrhosis - C (571.53:0),4
Diverticulitis of descending colon (562.11:5),4
Malig lymphoma axilla+ UL LN (202.84:0),4
Open wound hand (882.0:0),4
Malignant hypertension (401.0:0),4
ICH with LOC 1-24 hrs (853.03:0),4
Post-infective hydrocephalus (331.3:5),4
NIDDM hyperosmolar coma (250.20:999),4
Delivered with multiple pregnancy (651.91:800),4
"Peritonitis, primary (567.9:2)",4
Toxic epidermal necrolysis (695.1:6),4
Cancer of vulva (184.4:0),4
Swelling in head & neck (784.2:0),4
Traum pneumothorax-close (860.0:0),4
Opn vlt # IC inj proln LOC regain (800.94:0),4
"Lymphosarcoma, axilla (200.14:0)",4
Diverticulitis colon w hemorrhage (562.13:0),4
Enteritis (558.9:2),4
Postmenopausal bleeding (627.1:0),4
Open wound of face (873.40:0),4
Central cord synd/C1-C4 (952.03:0),4
Paratyphoid fever A (002.1:0),4
Viral encephalitis (049.8:1),4
"Lymphosarcoma, inguinal (200.15:0)",4
Cancer of brain (191.8:0),4
Carcinoma prostate+ bony metastas (185:3),4
"Mortality, unknown cause (799.9:4)",4
Incisional hernia (553.21:0),4
Cervical spinal stenosis (723.0:0),4
Carcinoma of pancreas - head (157.0:1),4
Rheum mitral stenos+ regurgit (394.2:1),4
Intraperitoneal Abscess (567.2:5),4
Diverticulitis of ascending colon (562.11:4),4
Tubal pregnancy (633.1:0),4
Duodenal polyp (537.89:1),4
Choledochal Cyst (576.8:2),4
Diverticula of colon (562.10:2),4
Blood stained ascites (789.5:1),4
Bed sores (707.0:1),4
Gastrojejunal ulcer w h'mage (534.40:0),4
Inj common femoral arter (904.0:0),4
Polymyositis (710.4:0),4
Extensive fasciitis (729.4:1),4
Thrombocytopenic purpura (287.3:1),4
Hypertens encephalopathy (437.2:0),4
Open # pelvis w ring disruption (808.53:1),4
Primary cardiomyopathy (425.4:0),4
Nonruptured cerebral aneurysm (437.3:0),4
Liver hemangioma (228.04:1),4
Gangrenous bowel (557.0:5),4
Cecal mass (569.9:1),4
Intraabdominal loculation (789.30:10),4
"Aortic aneurysm, infra-renal (441.4:1)",4
"Unsatisfactory CTG, delivered (656.91:1)",4
Complication liver transplant (996.82:0),4
Hodgkin nodul sclero thorax LN (201.52:0),4
Cong atresia extrahepati bile duct (751.61:3),3
Injury to retroperitoneum (868.04:0),3
Lung mycobacterium infection (031.0:0),3
Chronic gastritis (535.10:1),3
Cerebrospin flui rhinorrhea postop (349.81:1),3
"Delivered, APH, abruptio placenta (641.21:801)",3
Closed # lower end radius + ulna (813.44:0),3
Pulmonary valve insufficiency (424.3:3),3
Drug induced thrombocytopenia (287.4:4),3
Carbuncle of neck (680.1:1),3
Hydrosalpinx (614.1:2),3
Sebaceous cyst (706.2:0),3
"Anastomotic ulcer, bleeding (998.11:3)",3
Diverticulosis small gut w bleed (562.02:0),3
Ac vasc insuff intestine (557.0:0),3
"Twin pregnancy, antepartum care (651.03:800)",3
Fulminant hepatitis (070.9:8),3
Traumatic rupture of spleen (865.09:1),3
PUJ obstruction (pelvic-ureteric) (593.4:2),3
Acute rapid progress glomeruloneph (580.4:0),3
Joint effusion - shoulder (719.01:0),3
Fusobacteria infection (041.84:2),3
Acute reject kidney trans (996.81:4),3
Anorexia nervosa (307.1:0),3
Uremia (586:1),3
Closed # upper end humerus (812.09:0),3
Calciphylaxis (275.4:75),3
"Bed sore, leg (707.0:5)",3
"Skin melanoma LL, not hip (172.7:3)",3
"GIST, stomach (235.2:3)",3
"Extraperitoneal hematoma, trauma (922.2:1)",3
Hx of GI malignancy (V10.09:0),3
Renal / perirenal abscess (590.2:0),3
Infected Tenckhoff catheter (996.68:2),3
"Pseudocyst, pancreas (577.2:1)",3
"Leakage of bile, post-operative (997.4:10001)",3
Invasive squamous cell carcinoma (199.1:23),3
ARF w renal cortical necrosis (584.6:0),3
Pulmonary collapse (518.0:0),3
Malrotation of gut (751.4:1),3
Acquire coagulat factor deficiency (286.7:0),3
Pemphigus (694.4:0),3
Disseminat atypi mycobacter infect (031.8:1),3
Atypical chest pain (786.50:1),3
Coma (780.01:0),3
Hodgkin mixed cell multi site LN (201.68:0),3
Int hemorrhoid with complication (455.2:0),3
Hx bronchus+ lung cancer (V10.11:0),3
"Abdom aortic aneurysm, no rupture (441.4:3)",3
Duodenal Fistula (537.4:1),3
Eosinophil count raised (288.3:2),3
Cor pulmonale acute (415.0:0),3
TB meningitis confirmed (013.06:0),3
"Cancer of testis, left (186.9:5)",3
General skin eruption by drug& med (693.0:5),3
"Gaped wound, abdomen (998.3:5)",3
Pituitary Apoplexy (253.2:3),3
Type I DM with hyperglycemia (250.81:2),3
Primary PPH with uterine atony (666.10:4),3
Nonrheum aortic valve regurgitat (424.1:1),3
DVT limbs (453.8:2),3
Rectovesical fistula (596.1:2),3
Hepatic duct strictures (576.2:5),3
Intes infec clostridium botulinum (005.1:1),3
Poisonous snake bite (989.5:1),3
Axillary lymphadenopathy (785.6:14),3
Carcinoma of kidney (189.0:2),3
Postoperative complication (998.9:0),3
Ostium secundum type ASD (745.5:0),3
Coronary atheroscler native artery (414.01:0),3
HIV infection / AIDS (042:40),3
External hemorrhoid (455.3:0),3
Cancer of tongue - ventral (141.3:0),3
Acute n subacute hepatic failure (570:8),3
Ureteral tumor (239.5:8),3
Rupture of aorta (441.5:1),3
Infected VP shunt (996.63:2),3
"Coro insfficiency, acute (411.89:1)",3
Intracranial abscess (324.0:0),3
Insulinoma (211.7:3),3
Deliv w morbidly adherent placenta (667.02:1),3
Open # vault lac+ contu mod LOC (800.63:0),3
HIV infection with lymphadenopathy (042:15),3
Skin infection of toe (686.9:7),3
Post-transplant lymphoprolifer dis (238.7:14),3
Ac epiglottitis w obstr (464.31:0),3
PNH (283.2:1),3
Dementia - Lewy body disease (294.1:27),3
Cl skull vault # mod coma (800.23:0),3
Coxsackie myocarditis (074.23:0),3
Alteration of consciousness (780.09:0),3
Bleeding AVF (996.74:4),3
Gingival & periodontal disease (523.9:0),3
Anoxic brain damage (348.1:0),3
Lac eyelid skn/perioculr (870.0:0),3
Autoimmune hepatitis (573.3:10),3
Pheochromocytoma benign-R adrenal (227.0:4),3
Cervical disc dis w myelopathy (722.71:0),3
Mal neo cerebellum (191.6:0),3
Drug induced skin allergy (693.0:2),3
Rupture thoracoabdo aortic aneurys (441.6:0),3
Biliary cirrhosis - secondary (571.6:2),3
Acute myeloproliferative disease (238.7:16),3
Impaired cognition (799.8:34),3
Renal cell carcinoma (189.0:3),3
# shaft tibia-closed (823.20:0),3
Acute peritonitis (567.9:1),3
Brucellosis (023.9:0),3
Viral hepatitis C (070.51:1),3
PPROM (658.10:2),3
Acute delirium (293.0:0),3
Tonsillitis (463:4),3
Respiratory acidosis (276.2:3),3
Oliguria (788.5:2),3
Uterine prolapse with cystocele (618.4:5),3
Parotid tumor (239.0:4),3
Cerebel contus-LOC > 24 (851.44:0),3
Appendicular mass (789.30:3),3
Aseptic meningitis (047.9:1),3
Hemophilus influenza infection (041.5:0),3
Rheumatic aortic valve stenosis (395.0:0),3
Herpes simplex encephalitis (054.3:1),3
Hx-oral/ pharynx malignancy (V10.02:0),3
Burkitt lymphoma head+ neck LN (200.21:0),3
"Dehydration, mild (276.5:2)",3
Volvulus of Colon (560.2:7),3
Central pontine myelinolysis (341.8:4),3
Disorder of ureter (593.9:11),3
Laceration of Forehead (873.42:2),3
Senile cataract (366.10:0),3
Palliative care (V66.7:0),3
Symptomatic sinus bradycardia (427.89:12),3
Ac marginal ulcer w perf (534.10:0),3
Normal Pressure Hydrocep (331.3:1),3
Superior vena cava obstruction (459.2:999),3
Aortic valve prosthe complication (996.02:1),3
Testicular tumor (239.5:7),3
Acquired pancytopenia (284.8:10),3
Closed fracture of multiple ribs (807.09:0),3
ICH with no LOC (853.01:0),3
Pyometra (615.9:2),3
Haemolysis (790.0:3),3
Orchitis/epididymitis (604.90:999),3
Neck mass (784.2:6),3
TB spondylitis (015.00:3),3
Secondary PPH for postpartum care (666.24:800),3
Post-operative pneumonia (486:2),3
Nocardiosis (039.9:1),3
M&B multi dru+ psych sub acu intox (305.90:32),3
Malaise and fatigue (780.7:0),3
Cancer urinary bladder poster wall (188.4:0),3
Intussusception of intestine (560.0:0),3
Viral hep C carrier (V02.62:0),3
Cornual pregnancy (633.8:2),3
HIV result in mycobacterial infect (042:25),3
Chronic antral gastritis (535.10:2),3
Complication d/t joint prosthesis (996.77:0),3
"Bed sore, foot (707.0:6)",3
Thrombosed arteriovenous graft (996.74:2),3
Normal finding (V71.9:29),3
Scrotal swelling (608.86:2),3
Infectious diarrhea (009.2:0),3
Scleroderma (710.18:1),3
Complication kidney transplant (996.81:0),3
Strangulated small bowel (560.2:4),3
Epidur spinal hematoma not trauma (432.0:5),3
Agranulocytosis (288.0:0),3
Esophageal stricture (530.3:3),3
Open# skull vlt lac+ contu <1h LOC (800.62:0),3
"Hypoglycemia, drug-induced (251.1:1)",3
CLL in remission (204.11:0),3
# clavicle closed (810.00:0),3
Lower lip laceration (873.43:2),3
Goodpasture's syndrome (446.21:0),3
Gangrene by arterial insufficiency (447.1:4),3
"Spinal cord injury, C1-C4 level (952.00:0)",3
Microangiopathic hemolytic anemia (283.19:1),3
Cancer of hard palate (145.2:0),3
Hx of gastric malignancy (V10.04:0),3
Malignant secondary hypertension (405.09:0),3
Tachycardia (785.0:0),3
Volvulus of stomach (537.89:5),3
Arteriosclerotic heart disease (414.00:2),3
Delivered with hypertension (642.91:800),3
Vaginal tumor (239.5:10),3
Syphilis (097.9:0),3
Streptococcus group A infection (041.01:0),3
Chronic passive congestion liver (573.0:0),3
"Bladder injury, intraoperative (998.2:15)",3
Restrictive lung disease (518.89:1),3
"Cardiopulmonary arrest, post-op (427.5:5)",3
CA posterior hypopharyngeal wall (148.3:0),3
Diabetes mellitus (250.00:0),3
FB in stomach (935.2:0),3
Mal renal HT with renal (403.01:0),3
Measles (055.9:0),3
Infection of retroperitoneal space (567.9:4),3
Infective bursitis (727.3:2),3
Angiodysplasia - upper GI (537.82:1),3
"Delivered, group B strep infection (647.81:800)",3
Drug-induced GE (558.2:1),3
"PPH+ retained placenta, postpartum (666.04:801)",3
Anastomotic ulcer (997.4:15),3
Cancer of floor of mouth (144.9:0),3
Subphrenic abscess (567.2:3),3
Menorrhagia (626.2:1),3
Chronic skin ulcer (707.9:0),3
Trophoblastic Disease (630:3),3
Tenosynovitis (727.00:1),3
Proteus morganii infection (041.6:4),3
Bronchoscopy (33.23:0),3
Enteritis due to norwalk virus (008.63:0),3
Cl vlt# ICH prolong LOC regain con (800.34:0),3
Mixed connective tissue disease (710.8:3),3
Acute osteomyelitis of foot (730.07:1),3
Back and leg pain (724.5:1),3
Terminal ileum ulcer (569.82:3),3
Ovarian cyst torsion (620.2:5),3
Mycosis fungoides (202.10:0),3
Rheum aortic valve insuff (395.1:0),3
Chron gast ulcer+ bleed+ perfor (531.60:0),3
Delivered with placenta praevia (641.01:800),3
Postop hemorrhage (998.11:8),3
Non-DM related hypoglycemia (251.2:0),3
Diverticulosis bowel perfor+absces (562.11:8),3
Trachea stenosis (519.1:1),3
"Breast lump, right (611.72:3)",3
Noninflam dis cervix (622.8:0),3
Cl skul base #-mod coma (801.43:0),3
Abdominal mass (789.30:1),3
Mesentic Infarction (557.0:11),3
Cervical spine dislocation (839.00:1),3
"Diverticular large gut, perf + abs (562.10:8)",3
Laceration of Neck (874.8:999),3
Subcutaneous hematoma (924.9:4),3
Radiation proctitis (569.43:0),3
Liver laceration (864.05:0),3
Sjogren's syndrome (710.2:1),3
Ac sphenoidal sinusitis (461.3:0),3
Open # pelvis (808.9:0),3
Hx of colonic malignancy (V10.05:0),3
Heat exhaustion (992.5:0),3
Vasc access complica- d/t dialysis (996.1:5),3
Aneurysm of visceral artery (442.84:0),3
"Nodular lymphoma, abdom (202.03:0)",3
Hydroureter & Hydronephr (593.5:1),3
Leg pain (729.5:4),3
Urethral stricture (598.9:0),3
"Nontrau wd necrosis, no infe/dehis (785.4:6)",3
Esophageal erosion (530.89:2),3
Ankle edema (719.07:2),3
Lower urinary tract stone (594.9:0),3
Bone pain (733.90:3),3
"Coagulopathy, acquired (286.9:1)",3
Biliary cirrhosis (571.6:0),3
Parkinsonian syndrome (333.0:2),3
Cauda equina syndrome (344.60:0),3
Pelvic lymphoma (202.86:0),3
Renal colic (788.0:0),3
Traum hemothorax-closed (860.2:0),3
Gen nonconvulsi epilepsy (345.00:0),3
Malfunc prosth heart valve (996.02:0),3
Lower limb embolism (444.22:8),3
Delivered with pre-eclampsia (642.41:801),3
Lip laceration (873.43:1),3
ERCP & papillotomy (51.85:1),3
Hx of liver malignancy (V10.07:0),3
Diaphragm hernia w gangr (551.3:0),3
Post-op hematoma (998.12:1),3
"CA larynx - supraglottis, right (161.1:1)",2
Anal & rectal abscess (566:0),2
Epididymitis (604.90:2),2
Intra-abdo abscess postop (998.59:14),2
Acute nephriti syndr crescentic GN (580.89:7),2
"CA larynx - supraglottis, left (161.1:2)",2
Non-alcoholic cirrhosis - A (571.5:4),2
Cerebell contus brief coma (851.42:0),2
CA larynx supraglottis bilateral (161.1:3),2
Burn of upper limb (943.00:0),2
Viral rash (057.9:1),2
Diabetic ketoacidosis (250.10:1),2
Monoclonal paraproteinemia (273.1:0),2
Endometriotic cyst ovary (617.1:1),2
ICH with LOC <1 hr (853.02:0),2
Spinal stenosis (724.00:0),2
Secondary HT by renal disorder (405.92:0),2
"Shunt block, ventricular (996.2:1)",2
"Wound bleeding, postoperative (998.11:19)",2
Aortitis (447.6:3),2
Ext thrombosed hemorrhoid (455.4:0),2
Varicose veins (456.8:0),2
Metastasis to marrow (198.5:4),2
Metastasis to lumbar vertebra (198.5:11),2
Intra-abdom injury closed (868.00:0),2
Blocked Hickman catheter (996.1:6),2
Upper limb embolism (444.21:4),2
Langerhan cell histiocytosis (277.8:1),2
Perforation esophagus & bleeding (530.4:2),2
Cancer of small bowel (152.9:0),2
Pneum in aspergillosis (117.3:1),2
Acute hepatitis C infection (070.51:0),2
Acquired hemolytic anemia (283.9:0),2
Cancer of pharynx (149.0:0),2
Cereb infarct vein thrombo nonpyog (437.6:1),2
Open skull vault # brief coma (800.52:0),2
Non-bedsore ulcer of LL (707.1:4),2
Cancer urinary bladder - trigone (188.0:0),2
Orthostatic hypotension (458.0:0),2
Tetrology of Fallot (745.2:0),2
Herpes zoster meningitis (053.0:0),2
Mal neo head / face / neck (195.0:0),2
Multinodular goiter (241.1:2),2
Intestinal T-cell lymphoma (202.80:43),2
Retained double J catheter (996.39:5),2
Leukemoid reaction (288.8:2),2
Amebic colitis (006.9:1),2
LA thrombus (424.90:1),2
Myeloma kidney (203.00:4),2
# Orbit (802.8:2),2
Sigmoid colon polyp (569.89:5),2
Lupus erythematosus (695.4:0),2
Sudden sensorineural hearing loss (388.2:1),2
Delivered with unstable lie (652.01:800),2
Adult type dermatomyositis (710.3:6),2
Dementia in Alzheimer's disease (290.10:5),2
Acute bronchitis by RSV (466.0:9),2
Cavernous sinus thrombosis (325:2),2
PD catheter malfunction (996.59:8),2
Petechiae of skin (782.7:2),2
Staphylococcal sepsis (038.1:6),2
"AIHA, drug induced (283.0:4)",2
Dietary folate deficiency anemia (281.2:2),2
Hx of lymphoid leukemia (V10.61:0),2
Uncontrol typeII DM incip nephrop (250.42:1),2
Poison by antiadrenergic (971.3:0),2
Close # sacrum/ coccyx+ cord inj (806.60:0),2
Posttrauma wound infection (958.3:0),2
Axonal neuropathy (335.9:1),2
"Sinus of Valsalva aneurysm, LCC (747.29:13)",2
"Pyogenic arthritis, hand (711.04:0)",2
Primary hyperparathyroidism (252.0:1),2
Alcohol abuse (305.00:0),2
Erysipelas (035:0),2
Ischemia (459.9:4),2
Numbness (782.0:1),2
"Chronic kidney disease, stage 4 (585.9:8)",2
Desensitize to allergens (V07.1:0),2
CA stomach - antrum (151.2:3),2
Brugada syndrome (427.41:1),2
Atypical hemolytic uremic syndrome (283.11:1),2
Colonic polyp bleeding (569.89:8),2
FB esophagus (935.1:0),2
Bulbous urethral stricture (598.9:1),2
Injury axillary artery (903.01:0),2
Chronic sinusitis (473.9:0),2
Cardiac myxoma (212.7:2),2
Staphylococcus infection (041.10:0),2
Malignant neoplasm colon (153.8:0),2
Renal Tubular Acidosis (588.8:3),2
Nephrotic syndrome w membranous GN (581.1:0),2
Fracture of ilium - closed (808.41:0),2
Post-meningitis comm hydrocephalus (331.3:3),2
"Spleen parenchy disrupt, massive (865.04:0)",2
Alcohol withdra delirium no convul (291.0:3),2
Acute gastric ulcer h'mage+ perfor (531.20:0),2
Reflux bleeding esophagitis (530.11:1),2
Chest discomfort (786.59:1),2
Primary pulmonary hypertension (416.0:0),2
Ileocecal intussusception (560.0:1),2
Henoch-Schonlein purpura (287.0:1),2
Diaphragmatic hernia (553.3:0),2
DM with gangrene foot (250.70:4),2
Angiodysplasia of large bowel (569.84:2),2
Infect/ inflam by indwel urin cath (996.64:0),2
Leucoencephalopathy (323.9:3),2
Edema pharynx (478.25:1),2
Dissec abdominal aortic aneurysm (441.02:0),2
Thigh pain (729.5:5),2
Uveitis (364.3:1),2
Chronic active hepatitis C (070.54:1),2
Ulcerative colitis with bleeding (556.9:2),2
Temporal arteritis (446.5:1),2
Muscle disorder (728.9:4),2
"Partial HELLP, delivery episode (642.51:3)",2
Diverticulum urinary bladder (596.3:0),2
Type II DM with IHD (250.80:9),2
Leakage in GI tract postop (997.4:33),2
Traum pneumohemothor-cl (860.4:0),2
GB stone+ acu cholecystitis& obstr (574.01:0),2
# lateral malleolus - closed (824.2:0),2
# radius w ulna - closed (813.83:0),2
Spinal cord injury (952.9:0),2
ERCP & stent insertion (51.87:1),2
Hydrothorax (511.8:2),2
Ischemic GE (557.9:3),2
Senility (797:0),2
Anal fistula (565.1:0),2
Hemoperitoneum related to dialysis (568.81:4),2
Abnorm. coag. profile (790.92:0),2
Dementia in early Alzheimer (290.10:6),2
Mitral valve failure (394.9:1),2
Bacillus fragilis infection (041.82:0),2
Cancer of larynx (161.9:0),2
"Liver laceration, minor (864.02:0)",2
Submandibular gland infection (527.8:1),2
Disorder of gallbladder (575.9:0),2
Fistula of bile duct (576.4:0),2
Kaposi's Sarcoma (176.9:0),2
Xanthogranulomatous cholecystitis (575.10:3),2
Bile duct stone+ acute chole & obs (574.31:0),2
Close skull vault # ICH brief LOC (800.32:0),2
Cl vault # ICH brief coma (800.22:0),2
Bladder neck stenosis (596.0:1),2
"Humoral hypercalcaemia, malignancy (275.4:1)",2
Anastomotic dehiscence (997.4:1),2
Mal neo long bones arm (170.4:0),2
Extradural hemorrhage (432.0:2),2
"# humerus, condyle - closed (812.44:0)",2
Multiple system atrophy (337.9:6),2
Polymorphic VT (427.1:5),2
Ankylosing spondylitis (720.0:0),2
Open vault # w ICH prolong LOC (800.74:0),2
Cancer bone + articular cartilage (170.9:0),2
Intussusception of intestine (560.0:4),2
Abscess of bursa (727.89:6),2
AMI initial care episode (410.81:0),2
Streptococcal infection (041.00:0),2
Burkitt lymphoma axilla + UL LN (200.24:0),2
Closed ant dislocation shoulder (831.01:1),2
Close skull base # ICH prolon LOC (801.24:0),2
IgA glomerulonephritis (583.89:4),2
"Cancer of renal pelvis, right (189.1:2)",2
Cancer of scalp and skin of neck (173.4:0),2
Bleeding gastric erosion (535.41:1),2
Heat stroke & sunstroke (992.0:0),2
Vertigo (780.4:3),2
Carbuncle (680.9:1),2
Acute sialoadenitis (527.2:4),2
Encounter for closing wound (V58.41:0),2
CPD for maternal care (653.40:1),2
"Pneumothorax, tension (512.0:1)",2
Erosive esophagitis (530.10:4),2
Trau rupture mesenteric vessel (902.20:1),2
# vertebral body lumbar (805.4:6),2
Autoimmune disease (279.4:0),2
Paranoid schizophrenia continuous (295.32:1),2
DM with hyperglycemia (250.80:11),2
"Cancer colon, continguous (153.8:1)",2
"Extradur hem, LOC > 24 h (852.44:0)",2
Panniculitis (729.30:0),2
Strangulated ventral hernia (552.20:1),2
CA-MRSA infection (041.11:3),2
Empty Sella Syndrome (253.8:2),2
Clostridium perfringens infection (041.83:0),2
Perforated gastrojejunostomy (997.4:11),2
Wound bleeding (998.11:9),2
Proteinuria (791.0:0),2
Obstruction of bile duct (576.2:0),2
Concuss prolong LOC regain conscio (850.3:0),2
Ruptured eye ball (871.9:1),2
"# anatomical neck humerus, closed (812.02:0)",2
Blocked Tenckhoff catheter (996.59:3),2
POEMS syndrome (273.9:1),2
Warm antibody hemolytic anemia (283.0:3),2
Churg-Strauss syndrome GN (446.4:1),2
Hypten heart+ renal dis heart fail (404.91:0),2
Post Hepatectomy (V45.89:7),2
Atrial tachycardia (427.89:20),2
Injury (959.9:0),2
Acute periodontitis (523.3:0),2
Cl skull base # IC inj prolon LOC (801.44:0),2
Atrial septal defect (745.5:3),2
Uncontrol typeII DM drug hypoglyce (250.82:3),2
"Phylloides tumor, breast (239.3:1)",2
Cerebral amyloid angiopathy (277.39:9),2
Post esophagectomy (V45.89:9),2
Olecranon bursitis (726.33:0),2
Cytopenia (289.9:7),2
Palpitations (785.1:0),2
Closed # ankle (824.8:0),2
Type I DM (250.01:0),2
Disease due to chlamydia (078.88:0),2
Acquired chylothorax (457.8:2),2
Electrolyte disorder (276.9:1),2
Postop pulmonary valve insuffiency (424.3:5),2
Diverticulitis of small intestine (562.01:0),2
Rupture gallbladder non-traumatic (575.4:2),2
Disseminated carcinoma (199.0:1),2
Infect+ inflam heart valve prosth (996.61:6),2
Toxic multinodular goiter w crisis (242.21:0),2
Groin mass (782.2:9),2
Osteoradionecrosis of jaw (526.89:1),2
Non-alcoholic steatohepatitis (571.49:2),2
Delusional disorder (297.1:1),2
Cong cystic kidney disease (753.10:0),2
Anaerobic sepsis (038.3:1),2
Thrombophlebitis (451.9:2),2
Folate-deficiency anemia (281.2:0),2
Closed # spine w cord lesion (806.8:0),2
Carbuncle of trunk (680.2:3),2
"SLE GN syndrome, WHO class II (710.0:14)",2
Chron reject kidney trans (996.81:5),2
Corrosive gastritis (535.40:1),2
Opioid abuse (305.50:0),2
Posthepatitic cirrhosis (571.5:16),2
Cancer of nasal cavity (160.0:0),2
GAVE with haemorrhage (537.83:4),2
Salmonella enteritis (003.0:6),2
Ac pyelonephritis w medull necros (590.11:0),2
Kikuchi's disease (289.3:4),2
Pericarditis (420.90:3),2
Oral thrush (112.0:0),2
Vasculitis of skin (447.6:2),2
Post-TURP bleeding (998.11:10),2
TB urinary organ (016.30:0),2
Dihydropyrimidine dehydrogenas def (277.6:6),2
Stenosis of carotid artery (433.10:5),2
Alcohol withdra delirium+ convulsi (291.0:4),2
Umbilical hernia (553.1:0),2
"Liver derangement, drug related (573.3:2)",2
TB peritonitis by culture (014.04:0),2
Group D streptococcal septicemia (038.0:8),2
Neck pain (723.1:1),2
Infective meningitis (320.9:2),2
Laryngitis (464.0:1),2
Osteoradionecrosis of skull base (733.49:6),2
Injur heart+ h'pericard no open wd (861.00:3),2
TB meningitis by microscopic exam (013.03:0),2
Anuria (788.5:1),2
Polycythemia vera (238.4:0),2
Mitochondrial disease (359.8:3),2
Acute gastritis and duodenitis (535.00:1),2
Acute enterocolitis (558.9:9),2
Neutropenic typhlitis (540.9:5),2
Injury popliteal artery (904.41:0),2
Radionecrosis (990:1),2
Abdo pain in delivery episode (648.91:906),2
"Diverticulum of esophagus, acq (530.6:0)",2
Degenerative scoliosis (737.39:5),2
Ac art emb in leg (444.22:1),2
Ossify post longit ligame neck reg (723.7:0),2
Recurrent salmonella septicemia (003.1:2),2
# ribs multiple (807.09:1),2
Retained products of conception (632:1),2
Acute otitis externa (380.22:0),2
Megacolon (564.7:2),2
Chronic duodenal ulcer w obstruct (532.71:0),2
Below knee amputation status (V49.75:0),2
Admit to remove double J catheter (V53.6:1),2
Swallowed FB (938:1),2
Leaking duodenal stump (997.4:21),2
"Tricuspid insufficiency, nonrheuma (424.2:7)",2
Blocked NG tube (996.59:10),2
Acute HIV infection syndrome (042:39),2
Pulmonary lymphangioleiomyomatosis (518.3:2),2
On-table consultation (V67.0:1),2
Adhesion of small bowel (568.0:8),2
Enterovirus infection (079.89:6),2
Penile urethral stricture (598.9:5),2
"Delivered, incomplete placenta (667.12:802)",2
No ureteric stricture (V71.9:22),2
Sciatica (724.3:0),2
Torsades des pointes (427.1:1),2
Demyelinating disease (341.9:1),2
Cx due to prosthesis (996.79:2),2
Subtrochanteric # - open (820.32:0),2
Malig neo abdomen (195.2:0),2
Lymphedema (457.1:0),2
Lower urinary tract symptoms (788.9:4),2
Ac maxillary sinusitis (461.0:0),2
Nonunion of fracture (733.82:0),2
Hypersensitivity reaction (995.3:3),2
"Pyogenic arthritis, multiple sites (711.09:0)",2
Ulcer of mouth (528.9:14),2
Acute pharyngitis (462:0),2
Delivered with breech presentation (652.21:800),2
Cl vault# prolong LOC regain consc (800.04:0),2
Cushing's syndrome (255.0:0),2
"Ulcer with perforation, intestine (569.83:12)",2
Foot pain (719.47:2),2
Volvulus (560.2:0),2
Ruptured gallbladder (575.4:1),2
Rupture of artery (447.2:0),2
Malignant otitis externa (380.14:0),2
TB encephalitis/ myelitis (013.60:0),2
Cardiomyopathy due to toxicity (425.4:6),2
Gastric stromal tumor (211.1:5),2
Periorbital abscess (376.01:1),2
"Leaking GI anastomosis, postop (997.4:20)",2
Instantaneous death (798.1:0),2
# C1 vertebra-closed (805.01:0),2
Previous lymphoma (V10.79:1),2
Corynebacterium infection (032.9:1),2
IDDM with ketoacidosis (250.11:1),2
Cerebral Abscess (324.0:3),2
Acute intravascular hemolysis (283.2:4),2
Thyroid Mass (246.9:1),2
Closed # foot phalanx/ phalanges (826.0:0),2
Clo# skul base lac+ contu brf LOC (801.12:0),2
# trimalleolar-closed (824.6:0),2
Inj common carotid arter (900.01:0),2
Preterm prelabor ROM antepartum (658.13:802),2
"Mal neoplasm, adrenal cortex (194.0:12)",2
Angiodysplasia - stomach & duoden (537.82:0),2
Protrusio acetabuli (718.60:0),2
CA oropharynx (146.9:0),2
Pre-eclampsia (642.40:1),2
"Abdominal pain, left low quadrant (789.04:0)",2
Large Bowel Adhesion (568.0:7),2
Angiofibroma (229.9:11),2
Dislocation hip - closed (835.00:0),2
Hemophilus flu septicemia (038.41:0),2
"Placenta previa type III, AP (641.03:804)",2
Burn foot (945.02:0),2
"Legal abort w hemorrhage, incompl (635.11:0)",2
Post traumatic (V15.5:1),2
Substernal goiter (240.9:6),2
Hypocellular bone marrow (284.9:10),2
Gouty arthropathy (274.0:0),2
Cervical LN metastasis (196.0:1),2
Image guide percutane drain liver (50.91:1),2
Atten to tracheostomy (V55.0:0),2
Pelvic abscess female postop (614.4:4),2
"Chorioamnionitis, antepartum care (658.43:800)",2
Cancer of soft palate (145.3:0),2
Stridor (786.1:0),2
Tumor of endocrine pancreas (239.7:10),2
Acidosis (276.2:0),2
Mitochon neurogastro encephalo syn (330.4:4),2
Pancreas injury (863.84:0),2
Cerebral edema (348.5:0),2
"Venous ulcer, varicose (454.0:2)",2
Open vault # w ICH moderate LOC (800.73:0),2
"Placenta accreta no hemorrhage, PP (667.04:802)",2
Hemorrhagic from cerebral infarct (431:8),2
Spinal stenosis-thoracic (724.01:0),2
Metastasis to multiple sites (199.0:3),2
Anorexia (783.0:0),2
Splenic injury (865.00:0),2
Peritoneal tumor (239.0:5),2
Ac marginal ulcer (534.30:0),2
Above knee amputation status (V49.76:0),2
Pacemaker complication (996.01:1),2
Blocked suprapubic catheter (996.39:9),2
Carcinoma of pharynx (149.0:1),2
Extraperitoneal hematoma - injury (868.00:1),2
Screen-rickettsial dis (V75.0:0),2
Invasive pulmonary aspergillosis (117.3:3),2
Pneumomediastinum (518.1:1),2
Polyp of corpus uteri (621.0:0),2
Restrictive cardiomyopathy (425.4:2),2
Hepatomegaly with splenomegaly (789.1:2),2
Postoperative infection (998.59:0),2
Open wound of leg (894.0:0),2
Syncope and collapse (780.2:0),2
Post PDU Patch Repair (V15.2:3),2
Oral mucositis (528.0:1),2
Acute hepatitis C with coma (070.41:0),2
Churg-Strauss syndrome (446.4:3),2
Panuveitis (360.12:0),2
HIV infection with cancer (042:14),2
M&B disor acute cocaine intoxicat (305.60:5),2
Cl vault # cere lac+ contu no LOC (800.11:0),2
Prog multifocal leukoencephalopath (046.3:0),2
"Skin melanoma, vulva (184.4:3)",2
Actinomycotic sepsis (039.9:4),2
Angiodysplasia of duodenum & bleed (537.83:3),2
Benign ovarian cyst (620.2:1),2
Peripheral neuropathy (356.9:2),2
Contact dermatitis (692.9:1),2
Complete disrupt renal parenchyma (866.03:0),2
Iliac artery occlusion (444.81:3),2
Chr marginal ulcer w perf (534.50:0),2
Multiple chop wounds (879.8:3),2
Morbid obesity (278.01:0),2
Cryptococcosis (117.5:0),2
Central nervous system infection (349.89:4),2
"Unc beh tumur, pleura thym mediast (235.8:0)",2
Laceration of kidney (866.02:0),2
Portal hypertension (572.3:0),2
Transiti cell carcino urin bladder (188.9:4),2
Acute opioid intoxication (305.50:1),2
Nonketotic hyperglycinemia (270.7:3),2
"Toxoplasmosis, meningoencephalitis (130.0:0)",2
Sliding Hiatus Hernia (553.3:2),2
"SIRS, non-infect w organ failure (780.9:27)",2
Pancreat cyst/pseudocyst (577.2:0),2
Central cord synd/C5-C7 (952.08:0),2
Acute sinusitis (461.9:0),2
Rheumatic mitral valve disease (394.9:0),2
TB abdomen (014.80:2),2
Elevated PSA (790.93:0),2
Injury inferior vena cava (902.10:0),2
Peritoneal adhesions (568.0:0),2
Osteomyelitis Femur (730.05:1),2
"Orchitis, epidi& epidi-orch w absc (604.0:0)",2
GE salmonella C (003.0:3),2
Malig neo glans penis (187.2:0),2
Anal cancer (154.3:0),2
Malfunc vasc device / graft (996.1:0),2
Osteomyelitis of vertebral body (730.28:2),2
Severe preeclampia (642.50:0),2
Lung contusion (861.21:0),2
Anal fissure (565.0:0),2
Corrosive esophageal stricture (530.3:1),2
Benign neoplasm small bowel (211.2:0),2
Delivered with eclampsia (642.61:800),2
Spleen disease (289.50:0),2
Hydroureter (593.5:0),2
Mal neo occipital lobe (191.4:0),2
Oral ulcerative mucositis (528.0:2),2
Colo-cutaneous fistula (569.81:2),2
Acute viral hepatitis (070.9:4),2
Infection of intervertebral disk (722.90:2),2
ICH LOC >24 hr retu to conscious (853.04:0),2
Post-operation fever >38C (998.89:3),2
TB meningitis - exam unknown (013.02:0),2
OGD w clipping (stomach/duodenum) (44.43:4),2
Squamous cell carcinoma (199.1:6),2
Cancer of biliary tract (156.9:0),2
HIV infection causing CNS disorder (042:16),2
Hx-rectal & anal malign (V10.06:0),2
# lower limb - open (827.1:0),2
Chin laceration (873.44:2),2
Metastatic LN - head & neck (196.0:2),2
"Abdo wall hematoma, traumatic (922.2:2)",2
TB peritonitis - exam unknown (014.02:0),2
Delivered w cephalopelv disproport (653.41:801),2
"Aquired TI, non-rheumatic (424.2:1)",2
Dislocation shoulder-closed (831.00:0),2
MALT-lymphoma (202.80:48),2
Angiodysplasia smal bowel bleeding (569.85:2),2
Antepartum hemorrhage AP care (641.93:800),2
Idiopathic VT (427.1:4),2
Polyneuropathy (356.9:1),2
Antenat screening fetal wellbeing (V28.8:1),2
Protrusion of ortho implant/device (996.4:5),2
"Delivered, advanced maternal age (659.61:800)",2
Peritoneal disorder (568.9:0),2
Rupture ovarian cyst (620.2:4),2
"Choriocarcinoma, female (181:1)",2
Twitching (781.0:8),2
AIHA related to SLE (283.0:6),2
Uncertain behav tumor soft tissue (238.1:0),2
Idiopathic fibrosing alveolitis (516.3:0),2
"RA, seropositive (714.0:4)",2
Walled-off pancreatic necrosis (577.0:13),2
CA oropharynx (146.8:0),2
"Cecal diverticulum, perforation (562.10:1)",2
Infection of kidney (590.9:0),2
Rib fracture with flail chest (807.4:1),2
Mediastinal large B-cell lymphoma (202.80:42),2
Parvovirus infection (079.89:1),2
Secondary cardiomyopathy (425.9:0),2
Delayed union of # (733.82:1),2
Hemorrhagic cystitis (595.9:1),2
"Abdominal pain, left up quadrant (789.02:0)",2
Malign neo pineal gland (194.4:0),2
Secondary PPH+ RPOG postpartum (666.24:802),2
Haematoma of vascular entry site (998.12:4),2
Pancreatic cystadenoma (211.6:2),2
Type II DM drug induc hypoglycemia (250.80:10),2
Gallbladder polyp (575.6:1),2
Xanthogranulomatous pyelonephritis (590.00:3),2
"Amniotic fluid embolism, postpartu (673.14:800)",2
Idiopathic retroperitone fibrosis (593.4:1),2
Pineal gland tumor (239.7:5),2
Intestinal stricture (560.9:13),2
Chron gastric ulcer w obstruction (531.71:0),2
Subdural effusion - meningitis (322.9:4),2
Persistent vegetative state (780.03:0),2
Second mal tumor retro/ peritoneum (197.6:0),2
"Epilepsy, intractable epilepsy (345.91:0)",2
# tibia shaft-open (823.30:0),2
Closed # T1-T6 w cord le (806.20:0),2
Vitamin B deficiency (266.9:0),2
Bronchial stenosis (519.1:3),2
Acute Inflammatory Pelvi (614.3:2),2
Influenza A H1N1 viral infection (487.1:9),2
Tracheostomy complic (519.0:0),2
Secondary hypertension (405.99:0),2
Rupture 2 Ca liver (573.8:6),2
Atherosclerosis in limb + ulcer (440.23:0),2
Biliary papillomatosis (211.5:2),2
Subcutaneous Nodule (782.2:15),2
Purulent endophthalmitis (360.00:0),2
Neuroblastoma (194.0:4),2
Q fever (083.0:0),2
Kaposi's sarcoma asso w AIDS (042:45),2
Listeriosis (027.0:0),2
Allergic fungal nasal sinusitis (473.8:2),1
M&B disor opioid withdrawal state (292.0:60),1
Alcoholic cardiomyopathy (425.5:0),1
Dehiscence gastrojejunostomy (997.4:7),1
Abnormal renal function (794.4:1),1
Uncontrol type I DM hyperosmolar (250.23:0),1
Noninflam dis vagina (623.8:0),1
"CA peritoneum, pelvic (158.8:13)",1
Lower limb pain (729.5:1),1
"Pre-/ eclampsia- pre-exist HT, AP (642.73:800)",1
Hypersensitivity angiitis (446.20:0),1
Common bile duct stone (574.50:1),1
Heart injury closed (861.00:0),1
AP care- suspected fetal anomaly (655.93:800),1
Malignan renovascular hypertension (405.01:0),1
Anastomotic bleeding (998.11:1),1
Residual VSD (745.4:5),1
Syringomyelia (336.0:2),1
Mal hrt/ren hyp-no failr (404.00:0),1
Fixed drug eruptions (693.0:4),1
Arterial catheterisation (38.91:0),1
Anal bleeding (569.3:2),1
Acu general exanthemat pustulosis (709.8:22),1
Senile dementia (290.0:0),1
Septic shock delivery episode (648.91:1),1
Mal neo cereb ventricles (191.5:0),1
Foreign body in small bowel (936:5),1
HIV result in encephalopathy (042:58),1
Venous thrombosis (453.9:1),1
Chop wound injury to neck (874.8:1),1
Secondary pulmonary hypertension (416.8:3),1
Superficial laceration of forearm (881.00:1),1
Glaucoma (365.9:0),1
Infer epigast artety inj intraop (998.2:20),1
Internucl ophthalmopleg (378.86:0),1
Phlebitis (451.9:1),1
Contusion toe with nail damage (959.7:5),1
HELLP syndrome delivery episode (642.51:2),1
Hemorrhage into bladder wall (596.7:0),1
Acute ulcerative colitis (556.9:4),1
Synovial cyst (727.40:0),1
Tension pneumocephalocele (348.8:4),1
Hypophosphatasia (275.3:1),1
Pyelitis (590.80:1),1
M&B multi drug depend syndrome (304.90:4),1
Paralysis (344.9:0),1
Asc aorta dilation (Marfan syn) (441.2:3),1
Mild depressive episode (296.21:1),1
Swollen face (784.2:13),1
Tendency to fall (781.9:8),1
TB pericarditis (017.90:2),1
Varicose ulcer lower limb (454.0:0),1
"Fat embolism, trauma complication (958.1:1)",1
Meningococcal meningitis (036.0:0),1
Spondylosis with myelopathy (721.91:0),1
Optic nerve injury (950.0:0),1
Post-op pulm trunk stenosis (417.8:5),1
Pain in penis (607.9:1),1
Campylobacter intestinal infection (008.43:0),1
Colostomy status (V44.3:0),1
Osteomyelitis thoracic spine (730.28:8),1
Post Hartmann's OP (V45.89:5),1
Post-procedural mitral stenosis (424.0:7),1
Tick-borne fever (066.1:0),1
FB in larynx (933.1:0),1
Ca posterior mediastinum (164.3:0),1
Cancer of lower gum (143.1:0),1
Recur disolcate shoulder (718.31:0),1
General weakness (780.7:2),1
Hx of thyroid malignancy (V10.87:0),1
Cut Throat (874.8:2),1
Non-invasive mechan ventilation (93.99:2),1
Keratitis (370.9:0),1
Severe MR no/ mini impair behavior (318.1:1),1
Acute bronchitis by parainfluenza (466.0:8),1
Forcep/ vacu ext delivery no indic (669.51:800),1
Hyperthyroidism (242.90:9),1
Parkinson plus syndrome (332.0:1),1
Spine stenosis cauda equina lesion (724.00:1),1
TB arthritis ankle & foot (015.90:3),1
Paracolic Abscess (567.2:7),1
"Schizophrenia, chronic (295.92:0)",1
OGD & control of bleeding (44.43:3),1
Spont tension pneumotho (512.0:0),1
Cancer ribs/ sternum/ clavicle (170.3:0),1
Nonbacteria thrombo endocarditis (424.90:6),1
Alcohol liver damage (571.3:0),1
Myotonic muscular dystrophy (359.2:2),1
Chickenpox with complication (052.8:0),1
Pneumonitis by solid/ liquid (507.8:0),1
Edema of larynx (478.6:0),1
Sequelae of cerebral infarction (438:6),1
Protein lose enteropa-not malabso (569.89:6),1
Pulmonary eosinophilia (518.3:0),1
Myoclonus (333.2:0),1
Efferent loop obstruct bowel (560.9:3),1
Viral disease (078.89:1),1
Acute intestinal ulcer (569.82:1),1
Sprain of back (847.9:0),1
Intra-abdominal mass (789.30:6),1
Lumbosacral root lesions (353.4:0),1
Chronic granulomatous disease (288.1:1),1
Gallbladder adenomyomatosis (211.5:1),1
Metabolic myopathy (359.8:1),1
Bowel infect by campylobacter coli (008.43:1),1
Problem w swallowing (V41.6:0),1
Suboptimal CTG delivered (656.91:3),1
DIC+ primary PPH postpartum care (666.34:800),1
Insert central venous catheter (38.93:1),1
Correct transpos grt ves (745.12:0),1
Acute pyelonephritis post op (590.10:1),1
Aneurysm & precereb artery dissect (442.89:2),1
Tracheal mass (786.6:2),1
Streptococcus group C infection (041.03:0),1
Allogeneic stem cell transplant (41.03:3),1
Basilar artery syndrome (435.0:0),1
"Pelvic hematoma, female postop (629.8:1)",1
Extrapyramidal and movement dis (333.90:0),1
Intrahepatic duct stone (574.50:4),1
Disease of pharynx (478.20:0),1
Dermatitis (692.9:8),1
Amyloid light-chain amyloidosis (277.39:14),1
LVOT obstruction (746.84:6),1
Cancer of adrenal gland (194.0:0),1
Thyroid tumor (239.7:4),1
Mucoid impaction of bronchi (934.8:2),1
Ketamine induc ment/ behav disor (292.9:16),1
Infect by implanted cardiac device (996.61:3),1
"Skin blister, non traumatic (709.8:3)",1
Percut transhepatic biliary drain (51.98:1),1
Postoperative hemothorax (511.8:7),1
Myoclonus epilepsy+ rag red fiber (330.4:1),1
Diaphragm hernia w obstruction (552.3:0),1
Throat pain (784.1:0),1
Scalp mass (782.2:13),1
Miliary TB by micro exam (018.93:0),1
Scalded skin syndrome (695.81:1),1
"Hyperthyroidism, antepartum care (648.13:806)",1
Unc behav neo intestine (235.2:0),1
NIPPV (93.91:1),1
Benign neoplasm of pancreas (211.6:3),1
"Leucopenia, drug related (288.0:3)",1
Metastatic LN - thoracic (196.1:1),1
M&B multi drug withdraw+ delirium (292.0:77),1
Heart disease (429.9:0),1
Histiocytic sarcoma (202.30:1),1
Rectal Fistula (565.1:5),1
Denture loose (998.89:16),1
Hx of schizophrenia (V11.0:0),1
Cancer of uterus (179:0),1
Malig neo pituitary (194.3:0),1
PV bleed in early preg antepa care (640.93:801),1
Viral meningitis (047.9:0),1
"Schizoaffective disorder, manic (295.70:4)",1
Observe for suspected cancer (V71.1:0),1
Leaking from gallbladder bed (997.4:23),1
Sepsis due to Moraxella infection (038.49:5),1
Alcohol withdrawal psychosis (291.81:0),1
Acute bowel infarction (557.0:18),1
Deep laceration of lower leg (891.1:5),1
CA breast axillary tail (174.6:0),1
Acute necrotising encephalitis (049.8:2),1
Angiodysplasia of small bowel (569.84:1),1
Superi mesente vein thrombosis (452:2),1
Nonrheumatic mitral valve disorder (424.0:0),1
Clo# skl base lac+ contu prol LOC (801.14:0),1
Late eff cns abscess (326:0),1
Hx of breast malignancy (V10.3:0),1
"Laceration of knee, leg, ankle (891.0:1)",1
Male genital organ disorders (608.89:0),1
Traum pneumothorax open wd (860.1:0),1
"Cardiomyopathy, delivery episode (648.61:2)",1
Sudden cardiac death (427.5:2),1
Bone & cartilage disorder (733.90:0),1
Auditory hallucination (780.1:1),1
Infection-associated MAS (277.8:34),1
Chyluria (791.1:0),1
Hypomagnesaemia (275.2:1),1
Abscess of penis (607.2:1),1
Gallstone (574.20:1),1
Brain tumor (239.6:0),1
AP care- fetal twin-twin transfus (655.83:801),1
Limbic encephalitis (323.8:1),1
Placenta previa (641.00:0),1
Chr t and a dis (474.8:0),1
Acquired skull defect (738.10:1),1
Phimosis (605:3),1
Sickle-cell anemia (282.60:0),1
Fracture four ribs-close (807.04:0),1
TB myelitis (013.60:1),1
Observ-suspect TB (V71.2:0),1
Drug induced depression (292.89:55),1
Thyrotox w cris (242.81:0),1
"2nd degree heart block, Mobitz I (426.13:1)",1
Cancer of tonsillar pillar (146.2:0),1
Fracture three ribs-clos (807.03:0),1
Cl skull vault # w mod coma (800.33:0),1
Cor pulmonale chronic (416.9:1),1
Sequelae of open wound lower limb (906.1:2),1
Chronic renal parenchymal disease (585.9:11),1
Metastatic tumor to prostate (198.1:5),1
Bowel infect by campylobact jejuni (008.43:2),1
Hyperten heart dis w CHF (402.91:0),1
DIC+ secondary PPH postpartum care (666.34:801),1
Dermoid cyst (229.9:5),1
Pulmonary cryptococcosis (117.5:3),1
Diverticul small gut+ perfo+ absc (562.00:5),1
Heart block (426.6:0),1
Breast abscess (611.0:1),1
Injury vertebral artery neck level (900.89:1),1
Rapid prog neph synd crescentic GN (583.4:9),1
Diarrhea & vomit - maternal care (643.90:2),1
"Laceration,Eyebrow (873.42:1)",1
"Delivered, 3rd degre perineal tear (664.21:800)",1
Acute bronchiolitis due to hMPV (466.19:1),1
Recurrent & persistent hematuria (599.7:10),1
Schizoaffective disorder (295.70:3),1
Papillary growth bladder (239.4:1),1
Vomiting post-GI surgery (564.3:0),1
HIV type I infection (042:47),1
Cx by heart valve prosthesis (996.71:0),1
Non-Hodgkin's lymphoma (202.80:36),1
Malig neo renal pelvis (189.1:0),1
"Invasive ductal CA breast, female (174.9:3)",1
"Descending colon injury, closed (863.43:0)",1
Fronto-temporal dementia (294.1:28),1
Feeling ill (780.7:5),1
Toxic multinodular goiter (242.20:0),1
"Pericarditis, Acute (420.90:0)",1
Thrombocythemia (238.7:4),1
Herpes simplex meningitis (054.72:0),1
Ureteric perforation (593.89:2),1
Conjunctivochalasis (372.8:1),1
Chronic pulmonary heart disease (416.9:0),1
Laboratory test result abnormal (796.4:3),1
Acute arterial thrombosis (444.9:2),1
Blood stained sputum (786.4:2),1
Gallstone w chronic cholecystitis (574.10:1),1
Urticaria (708.9:0),1
Carotid occluded/ steno no infarct (433.10:0),1
Acquired hypothyroidism (244.8:0),1
Adenomyoma of gallbladder (211.5:6),1
Emotional state symptom & sign (780.9:22),1
M&B acute stimulant intoxication (305.70:10),1
Osteomyelitis lumbar spine (730.28:10),1
Skin erosion at generator site (996.61:2),1
Doubly committed VSD (745.4:10),1
Panhypopituitarism (253.2:0),1
Graft rejection (996.52:12),1
Myiasis (134.0:0),1
Cancer of testis (186.9:0),1
Malig heart/ renal HT& both fail (404.03:0),1
Metastasis to LN multiple sites (196.8:0),1
Eisenmenger syndrome (745.4:1),1
Abnormal finding in CSF (792.0:11),1
"Fever >38C for 48 hours, post-op (998.89:6)",1
Neutropenic colitis (558.9:26),1
Spondylo compress thoracic sp cord (721.41:0),1
Cyanosis (782.5:0),1
Buttock mass (782.2:3),1
Sclerosing mesenteritis (567.8:6),1
Maternal IU infect affect newborn (771.8:4),1
Displaced Tenckhoff catheter (996.59:5),1
Local skin swell/ mass multi site (782.2:23),1
Tender abdomen (789.60:0),1
Hodgkin disease head+ neck LN (201.91:0),1
Foreign body in bladder (939.0:2),1
Entrapped temporal horn (331.4:10),1
Cholecystoduodenal Fistu (575.5:1),1
Metastasis to peritoneum (197.6:4),1
Sinus arrest (426.6:2),1
Type II DM with PVD (250.70:1),1
Major joint infection (711.90:1),1
Abrasion (919.8:1),1
Lung bulla (492.0:1),1
Calculus of bile duct (574.50:5),1
Mental+ behavior disor by alcohol (291.9:4),1
Streptococcus suis septicemia (038.0:1),1
"Abscess of head, except face (682.8:2)",1
Open wound wrist (881.02:0),1
Cancer of ethmoidal sinus (160.3:0),1
"Gangrene, buttock (785.4:2)",1
Urethral mass (599.84:4),1
Injury femoral vein (904.2:0),1
Sinus node dysfunction (427.89:17),1
Candidal endocarditis (112.81:0),1
Hx male genital malignancy (V10.49:0),1
Thrombocytopenia asso with AIDS (042:56),1
Joint pain - multiple joints (719.49:0),1
"Prev multiple cesarean, delivered (654.21:1)",1
Pseudoaneurysm vascular entry site (997.2:6),1
Wegener's granu glomerulonephritis (446.4:2),1
Uncontrol typeII DM periph neuropa (250.62:5),1
Hemophagocytic synd infect related (277.8:5),1
Cong cystadenomatoid malform lung (748.69:1),1
Injury popliteal vein (904.42:0),1
"Angiodyspl w hem, stomach & duoden (537.83:0)",1
"Transcervical # hip, open (820.12:1)",1
Disorder of bone (733.90:9),1
Type II DM + peripheral neuropathy (250.60:10),1
Fibromatosis of abdominal wall (238.1:1),1
Cancer of heart (164.1:0),1
Hematoma of auricle (380.31:0),1
Slipped suprapubic catheter (996.39:6),1
Skin infection of finger (686.9:9),1
AVSD with dominant RV (745.69:7),1
Injury of urethra (867.0:2),1
Pacemaker lead complication (996.01:2),1
Chr sphenoidal sinusitis (473.3:0),1
Late Alzheimer dementia mix symp (290.0:7),1
Reactive hemophagocytic syndrome (277.8:25),1
Retained dental root (525.3:0),1
Neurosyphilis (094.9:0),1
Ebstein's anomaly (746.2:0),1
Brain conditions (348.8:0),1
Mal neo spinal cord (192.2:0),1
Intestinal lymphangiectasis (457.1:3),1
Lymphoma (202.80:2),1
"Wound sinus, post-op (998.6:1)",1
Periph nerve injury - neurotmesis (957.9:4),1
Osteoporosis (733.00:0),1
Malignant lymphoma (202.80:1),1
"Pelvic hematoma, postpartum care (665.74:800)",1
Hyperosmolality (276.0:2),1
Meningococcal infection (036.9:0),1
Bipolar affective disorder (296.7:1),1
Corrosion of esophagus (947.2:1),1
Knee haemarthrosis (719.16:1),1
History of COVID-19 (V12.6:2),1
For exam potent bone marrow donor (V70.8:1),1
"Bacteremia, postoperative (790.7:1)",1
Marfan syndrome (759.82:0),1
Congenital pneumonia (770.0:0),1
"Contusion of trunk, buttock (922.32:0)",1
Hemophilia A (286.0:1),1
Malunion of fracture (733.81:0),1
Cancer of skin (173.9:0),1
Radiation brain necrosis (437.8:2),1
Severe depressive with psycho (296.24:4),1
"# Radius Shaft, Closed (813.21:0)",1
TB female genital organ by histo (016.75:0),1
Tuberculous kidney (016.00:0),1
CO bronchitis acute exacerbation (491.21:0),1
"Sinus of Valsalva aneurysm, RCC (747.29:15)",1
Dystonia (333.6:2),1
Amyotrophic sclerosis (335.20:0),1
Ischemic colostomy (569.6:8),1
Injury of blood vessel at forearm (903.8:7),1
Fistula of soft palate (528.9:30),1
TB bowel+ mesent gland by culture (014.84:0),1
Radiculopathy of lumbar region (724.4:33),1
Dyspepsia (536.8:2),1
Double inlet LV (745.3:2),1
Pneumoconiosis (505:0),1
Hyperparathyroid due to renal dise (588.8:4),1
Cachexia (799.4:0),1
Hx TIA (V12.59:1),1
Monoclon gammopa undeter signif (273.1:3),1
"Suboptimal CTG, delivered (656.91:3)",1
Suppurative appendicitis (540.9:6),1
Traumatic amputation of forearm (887.0:3),1
Type 2 DM with overt nephropathy (250.40:9),1
Injury of knee (959.7:10),1
Ruptured femoral aneurysm (442.3:4),1
Postherpetic neuralgia (053.19:1),1
HIV infection w immun disease (042:17),1
Low blood pressure reading (796.3:0),1
Housing problem (V60.9:1),1
Malig neo penis body (187.3:0),1
ICH postop (997.02:5),1
Tracheobronchitis (490:1),1
Immunity deficiency (279.3:0),1
Non-Hodgkin lymphoma asso HIV (042:57),1
Strepto arthritis knee (711.06:4),1
Umbilical hernia w gangrene (551.1:0),1
Immune mechanism disorder (279.9:0),1
Pre-/ eclampsia- pre-exist HT PP (642.74:800),1
Multi drug mental/ behav disorder (292.9:25),1
Hernia (553.9:0),1
Salmonella osteomyelitis (003.24:0),1
Pheochromocytoma benign-L adrenal (227.0:5),1
C1C2 subluxation (839.01:1),1
Bartholin's gland abscess (616.3:0),1
Eosinophil hyperplasia bone marrow (289.8:6),1
Lymphoproliferat dis (238.7:0),1
Open wound elbow (881.01:0),1
"Prev uterine myomectomy, delivered (654.91:1)",1
Hemarthrosis (719.10:0),1
Chr duoden ulc perf+ obst (532.51:0),1
Acute otitis media (382.9:1),1
Infection due to coronavirus (079.89:3),1
TB lung w cavitation (011.20:0),1
Spastic tetraplegia (344.09:2),1
Drug-induced myopathy (359.4:1),1
Herpes zoster otitis externa (053.71:0),1
Retinal defect (361.30:0),1
Microorg infect resist carbapenem (V09.1:1),1
Mass of uterine adnexa (625.8:11),1
Colonic Stricture (560.9:1),1
Spondylosis (721.90:0),1
Hypopituitarism due to radiotherap (253.7:3),1
"Fistula-in-ano, high (565.1:2)",1
Injury muscle & tendon lower trunk (848.8:4),1
Infective enteritis (009.0:3),1
Acute disseminated demyelination (341.9:2),1
Hypopituitarism (253.2:5),1
Spondylolisthesis (738.41:6),1
Respiratory depression (786.00:1),1
"CA kidney, bilateral (189.0:1)",1
Varicose veins of leg (454.9:0),1
Chronic gastritis w hemorrhage (535.11:1),1
Injury to femoral artery (904.1:2),1
Injury to carotid artery (900.00:0),1
Coagulation defect (286.9:0),1
Hemorrhagic nephrosonephritis (078.6:0),1
Mediastinum disease (519.3:0),1
Contusion of chest wall (922.1:0),1
Thrombosed arteriovenous fistula (996.74:1),1
Acu mastoiditis with complication (383.02:0),1
Malignant triton tumor (171.9:15),1
Sporadic Jakob-Creutzfeldt disease (046.1:1),1
Body fluid retention (276.6:2),1
Nontoxic uninodular goiter (241.0:0),1
Superficial foreign body of trunk (911.6:5),1
Hematoma of vulva (624.5:0),1
Osteomyelitis cervical spine (730.28:6),1
Acute inflam demyelin neuropathy (357.0:1),1
Acute graft-versus-host disease (996.85:3),1
Musculoskeletal anomaly (756.9:0),1
Social problem (V62.4:5),1
Pelvic abscess (567.2:15),1
Arthritis of knee (716.96:1),1
"GN, minimal change (581.3:1)",1
"Abdom/pelvic swelling, left upper (789.32:0)",1
Back injury (959.1:12),1
Closed dislocation of knee (836.50:0),1
Closed # hand (815.00:0),1
Harmful use of cocaine (305.60:4),1
Paralysis of Diaphragm (519.4:1),1
HIV result in bacterial infection (042:26),1
Fracture patella - open (822.1:0),1
Common truncus arteriosus (745.0:0),1
Cauda equina injury (952.4:0),1
Screening of NPC (V76.0:1),1
Bipolar current in remission (296.7:2),1
Anti-septic poisoning (976.0:0),1
Bipolar current manic no psych sym (296.43:1),1
Ca in situ bronchus/lung (231.2:0),1
Chro osteomyelit w sinus lower leg (730.16:2),1
Burkitt lymphoma intrapelvic LN (200.26:0),1
Leiomyoma of duodenum (211.2:2),1
Hypospadias (752.61:0),1
Temper tantrums (312.10:2),1
"2nd hemorrhage, postoperative (998.11:17)",1
Leprosy (030.9:0),1
No ureteric stone (V71.9:20),1
Bicuspid aortic valve (746.4:1),1
Hyperinsulinism (251.1:3),1
Hemorrhage of vagina (623.8:1),1
Chronic constipation (564.0:1),1
# vertebral body thoracic (805.2:5),1
"Retained placenta- no bleed, PN (667.04:800)",1
Obstructed ventral hernia (552.20:0),1
Herpetiform aphthous stomatitis (528.2:3),1
Sprain ankle (845.00:0),1
Ischemic ulcer (707.9:4),1
Nonthrombocytopenic purpura (287.2:0),1
Thorac aortic thrombos & embolism (444.1:0),1
Viral hepatitis (070.9:0),1
"Thalassemia, beta intermedia (282.4:10)",1
Cancer of urinary organ (189.9:0),1
Vaginal ulcer (616.8:3),1
Noninfect gastroenteritis& colitis (558.9:0),1
Uraemic neuropathy (585.1:1),1
TB of organ by culture (017.94:0),1
Sacroiliitis (720.2:0),1
Cancer lateral floor of mouth (144.1:0),1
"CA larynx - glottis, bilateral (161.0:3)",1
Lymphangitis (457.2:0),1
Blocked arteriovenous fistula (996.1:1),1
Idiopathic hypereosinophilic syndr (205.10:9),1
Spontaneous ecchymosis (782.7:0),1
Mild MR sig impair beh req att/ tx (317:2),1
"# Ulna Shaft, Closed (813.22:0)",1
Thrombosed vascular graft (996.74:6),1
Metastasis to cervix uteri (198.82:1),1
Bleeding proctitis (569.49:6),1
Malignan tumor of ill defined site (199.1:18),1
Enterobacter infection (041.85:5),1
Subcutaneous fat necrosis (709.3:1),1
Lymphocytopenia (288.8:5),1
Fracture of ischium-open (808.52:0),1
Cholestasis (576.8:6),1
Slowness & poor responsiveness (799.8:11),1
Monkeypox (057.8:2),1
Down syndrome (758.0:0),1
Injury of neck (959.0:9),1
# medial malleolus - closed (824.0:0),1
Seminoma of testis (186.9:11),1
Acute esophagitis (530.10:2),1
Mucopurul chr bronchitis (491.1:0),1
"Abdomin tender, right up quadrant (789.61:0)",1
Fracture calcaneus - closed (825.0:0),1
Spine ligament ossify non-cervical (724.8:4),1
Acute duodenitis (535.60:2),1
Legal abortion cx by haemorrhage (635.10:0),1
Flu with resp manifestations (487.1:0),1
Radiation proctitis with bleeding (569.43:1),1
Cerebellar ataxia (334.3:0),1
"Abdominal pain, localized (789.00:10)",1
Intersphincteric abscess anus (566:10),1
Facial nerve disorder (351.9:0),1
"Alcoholic cirrhosis of liver, A (571.2:1)",1
AMI sequelae (429.79:0),1
Aneurysm (442.9:0),1
Acquire hypertro pyloric stenosis (537.0:0),1
Cervical spondylosis (721.0:0),1
Contusion of knee (924.11:0),1
"Nodular lymphoma, inguinal (202.05:0)",1
Pelvic varices (456.5:0),1
Cerebral plasmod falciparu malaria (084.9:1),1
Bronchospasm (519.1:4),1
Cushing's disease (255.0:1),1
Neoplasm of blood (238.7:12),1
Superficial laceration of finger (883.0:2),1
Liver fibrosis (571.5:3),1
"Mycosis fungoides, multiple (202.18:0)",1
Encounter for rehab procedure (V57.89:0),1
Cancer of tongue (141.8:0),1
Bacterial pneumonia (482.9:0),1
Image guide percu drain lymphatics (40.0:2),1
Gastric Fistula (537.4:2),1
Hypoalbuminemia (273.8:2),1
Infect/ inflam by device/ graft (996.60:0),1
Amaurosis fugax (362.34:1),1
Sprain of elbow (841.9:1),1
Staphylococcal meningitis (320.3:0),1
Pleuroperitoneal fistula (510.0:1),1
Cadaveric Kidneys Donor (V59.4:1),1
Infec due to hrt device (996.61:0),1
Bone marrow hyperplasia (289.9:6),1
Oculogyric crisis (378.87:1),1
Anal pain (569.42:1),1
Unc behav neo prostate (236.5:0),1
Tumor uncertain behavior mediastin (235.8:1),1
"Ruptured Liver, Traumatic (864.04:1)",1
"Abnormal CTG, delivered (656.91:2)",1
Mood disorder (296.99:1),1
Hemophilus flu sepsis (038.41:2),1
Mental+ behav disor by stimulant (292.9:17),1
Eplep part cont-not intr (345.70:0),1
"Breast defect, post-mastectomy (611.8:3)",1
M&B disor by opioid acute intoxic (305.50:7),1
Delivered with APH (641.91:800),1
Delivered with acute fatty liver (646.71:802),1
Carcinoma common bile duct (156.1:1),1
LV myocardial non-compaction (425.4:4),1
Vaginitis (616.10:1),1
Musculoskeletal pain (729.9:1),1
Wrist pain (719.43:1),1
Omental bleeding (568.89:2),1
Pheochromocytoma benign adrenal (227.0:1),1
Fracture two ribs-closed (807.02:0),1
"Pseudoaneurysm, upper extremity (442.0:1)",1
"Diffuse, large cell non-Hodgkins (202.80:10003)",1
Acute proctitis (569.49:11),1
Spondylolytic spondylolisthesis (738.41:2),1
Fabry's disease (272.7:4),1
Cardiomegaly (429.3:0),1
Blocked nephrostomy tube bilateral (996.39:10),1
Cancer of kidney and ureter (189.8:0),1
NonInflam dsdr  fallo tube (620.9:1),1
Acute and chronic gastritis (535.00:3),1
Somatization disorder (300.81:0),1
Hx lymphatic+ hematopo cancer (V10.79:0),1
CSF drainage device in situ (V45.2:0),1
Supracondylar # femur - open (821.33:0),1
Lateral thigh and buttock pain (729.5:20),1
Idiopathic myocarditis (422.91:0),1
WPW syndrome (426.7:1),1
Sec mal neoplasm GI (197.8:0),1
"Skin melanoma - trunk, not scrotum (172.5:0)",1
AV valve regurgitation in AVSD (746.89:30),1
Post-operative complete AV block (426.0:3),1
Femoral Artery Thrombosi (444.22:6),1
"# Radius Shaft, Open (813.31:0)",1
Disease of mouth (528.9:9),1
Hemophilus infection (041.85:9),1
Rheum mitral stensis & aort regurg (396.1:1),1
Malign neopl ureter (189.2:0),1
Intestinal disorder (569.9:0),1
Scrotal gangrene (608.4:3),1
Chronic urinary retention (788.20:2),1
Serious+ compli Plas falci malaria (084.0:2),1
Subacute infectious disease (136.9:12),1
Cancer of accessory sinus (160.9:0),1
Gangrenous cecum (557.0:6),1
Rectal erosion (569.89:1),1
Lung nodule (518.89:5),1
Enteritis/ GE presumed infectious (009.1:0),1
Injury to bile duct & gallbladder (868.02:0),1
Acute peptic ulcer w perfor/hemorr (533.20:0),1
Lower lumbar spinal pain (724.4:22),1
Carbuncle of face (680.0:1),1
Cervix intra-epithelial neoplasia (622.1:1),1
Disseminated strongyloidiasis (127.2:4),1
PPH with retained placenta (666.00:1),1
Papilloma (229.9:3),1
Radiculopathy (729.2:3),1
Vaginal tear w primary PPH (665.40:2),1
Pancreatic duct stone (577.8:3),1
Radiation induced colitis (558.1:1),1
"Intracranial abscess, extradural (324.0:5)",1
Limbic enceph paraneopla syndrome (323.8:3),1
Pul artery atresia + VSD (747.3:13),1
Vulval abscess (616.4:0),1
Perforation of bile duct (576.3:0),1
Hx of malignancy (V10.89:0),1
Post-procedural mitral regurg (424.0:8),1
Delivered w impair glucose toleran (648.81:803),1
Injury superior mesenteric vein (902.31:0),1
Type II DM with ketoacidotic coma (250.30:0),1
# humerus shaft - open (812.31:0),1
"Wound dehiscence, postoperative (998.3:2)",1
Deliver single fresh stillbirth AN (V27.1:1),1
Neurofibromatosis (237.70:0),1
Diarrhea presumed infectious (009.3:0),1
Pancreatic disease (577.9:0),1
Spontaneous abortion (634.90:0),1
Food poisoning (005.9:0),1
"Delivered, fetal distress with MSL (656.31:801)",1
Injury thoracic aorta (901.0:0),1
Alcohol related disorder (291.9:3),1
Admit to replace double J catheter (V53.6:2),1
Olfactory neuroblastoma (160.0:6),1
"Nodular lymphoma, head (202.01:0)",1
Sideroblastic anemia (285.0:0),1
Mal neo labia minora (184.2:0),1
Hematometra (621.4:0),1
Cervical incompetence - mat care (654.50:0),1
IVC thrombosis (453.2:3),1
Bladder/urethra inj-clos (867.0:0),1
Carcinoma of parathyroid gland (194.1:1),1
Bleeding gastroduodenitis (535.51:2),1
Post MI syndrome (411.0:0),1
Sec PPH by place accreta deliv epi (666.22:2),1
"No recur ca bladder, FU post surg (V67.0:2)",1
Chron ulcer lower limb not bedsore (707.1:0),1
Ext hemorrhoid with complication (455.5:0),1
Colon injury (863.40:0),1
Acquired aortic valve abnormality (424.1:0),1
Vocal cord tumor (239.1:1),1
TB cervical lymph node in neck (017.20:2),1
Second malig tumor small bowel (197.4:0),1
TB neck abscess (017.00:0),1
Septicaemia due to VRE (038.0:2),1
Anorexia nervosa binge eat/ purge (307.1:2),1
Generalized pustular psoriasis (696.1:8),1
Inj kidney+ open wd to cavity (866.10:0),1
High grade atrioventricular block (426.10:1),1
Delivered with puerperal pyrexia (672.02:801),1
Acute paraplegia (344.12:0),1
Acute duodenal ulcer w obstruction (532.31:0),1
Beta E thalassemia (282.4:11),1
Disease of pericardium (423.9:0),1
Hx Ca bladder no recurrence (V10.51:1),1
Dural AVM (747.81:4),1
Subserous leiomyoma of uterus (218.2:0),1
Open dislocation of joint (839.79:0),1
TB larynx (012.30:1),1
Laceration of tongue (873.64:1),1
# C2 vertebra-closed (805.02:0),1
"Uterine rupture, obstetric injury (665.10:4)",1
Hx-nerv sys/sens org dis (V12.4:0),1
Acute miliary TB by histology (018.05:0),1
Hypovolemia (276.5:0),1
Intrahepatic cholestasis (576.8:5),1
Pyoderma gangrenosum (686.0:1),1
Cervical disc displacement (722.0:0),1
Regional enteritis (555.9:0),1
Uterine inflammatory mass (625.8:2),1
Pelvic recurrence (195.3:1),1
Late effect of surg / med complic (909.3:0),1
"Enterovagin fistula, post d/c comp (619.1:5)",1
Tox eff carbon monoxide (986:0),1
"Placenta previa, type II (641.00:3)",1
Collapse of vertebra (733.13:1),1
Ac marginal ulcer w hem (534.00:0),1
"Maternal disease, antepartum care (648.93:813)",1
Malignant adrenal incidentoma (194.0:14),1
TB of organ by histology (017.95:0),1
Abdominopelvic Abscess (567.2:11),1
Acute URTI (465.9:0),1
"Delivered, unfavourable cervix (654.61:804)",1
ARVD (425.4:3),1
Congen deficiency of clot factors (286.3:0),1
Injury brachial vessels (903.1:0),1
Chr duod ulc hem+ perf+ obstru (532.61:0),1
Osteomyelitis spine acute (730.08:1),1
"Heart tumour, benign (212.7:1)",1
Toxic gastroenteritis+ colitis (558.2:0),1
Spleen h'toma open wd to cavity (865.11:0),1
Gastritis / gastroduodenitis (535.50:0),1
FB in abdomen (911.6:1),1
Stromal tumor of stomach benign (211.1:5),1
Cervical neck mass (784.2:2),1
Traumatic amp finger (886.0:0),1
Multiple open wound nose - complic (873.39:0),1
"HELLP syndrome, antepartum (642.53:2)",1
"SLE GN syndrome, WHO class III (710.0:15)",1
Cx of renal dialysis (E879.1:1),1
ERCP + replacement of stent (51.87:2),1
Generalized anxiety disorder (300.02:0),1
Dysentery (009.0:1),1
Chest stab wound (875.0:1),1
Germ cell tumor extracranial (183.8:999),1
Hip effusion (719.05:1),1
Panophthalmitis (360.02:0),1
Enlargement lymph nodes (785.6:0),1
Parvovirus B19 infection (079.89:2),1
"Adhesion colic, abdominal (568.0:2)",1
Japanese encephalitis (062.0:0),1
Fundal varices (456.8:4),1
Second malig neo ovary (198.6:0),1
Buttock pain (729.5:9),1
"CA oropharynx, lateral wall (146.6:0)",1
VSD post AMI (429.71:4),1
Ureteric stricture (593.3:5),1
Disorder of metabolism (277.9:0),1
"Extradural hemorrhage, non-trauma (432.0:0)",1
Spinocerebellar Ataxia (334.8:2),1
Carbuncle of neck (680.1:0),1
Suppurative otitis media (382.4:0),1
Cystovaginal fistula (619.0:2),1
Cerebrovascular anomaly (747.81:0),1
Gastric antral vascular ectasia (537.82:2),1
APH abruptio placentae mater care (641.20:4),1
Pemphigus foliaceus (694.4:5),1
Close dislocate 5th cervical verte (839.05:0),1
Inflammation of eye (379.99:4),1
M4 monoblastic/monocytic leukaemia (206.00:10000),1
Secondary syphilis skin / mucosa (091.3:0),1
Unilateral renal dysgenesis (753.0:5),1
Duodenal adenoma (211.2:4),1
"Sigmoid polyp, adenoma (211.3:9)",1
"CA oropharynx, posterior wall (146.7:0)",1
Pyuria (599.0:3),1
Subperi mastoid abscess (383.01:0),1
Delivered with retained placenta (667.02:800),1
Infection of intervertebral disc (722.90:3),1
Non-functioning kidney (593.9:3),1
Acute laryngitis (464.0:0),1
Closed skull vault # no LOC (800.31:0),1
Asymptomatic bradycardia (427.89:13),1
Bilateral renal impairment (593.9:2),1
"Neuropathy, autonomic (337.0:1)",1
Closed skull vault # <1 hr LOC (800.02:0),1
Ventricular septal defect (745.4:0),1
"Obstruct labour, persistant OP (660.30:1)",1
Malignant hyperthermia (995.89:4),1
Abd aortic embolism (444.0:0),1
Secondary ca brain (198.3:4),1
Cranial diabetes insipidus post OT (253.5:2),1
Preterm labor for antepartum care (644.13:803),1
Duodenum injury-closed (863.21:0),1
Anastomotic stricture (997.4:14),1
Castleman's disease (785.6:19),1
Big toe ingrowing toe nail (703.0:1),1
Hemorrhagic bronchopneumonia (485:1),1
Encephalomyelitis (323.9:1),1
TB bowel+ mesent gland- exam unkno (014.82:0),1
"Kidney stone, Rt (592.0:7)",1
Metastasis to trachea (197.3:1),1
Ca in situ stomach (230.2:0),1
Actinomycotic septicemia (039.9:5),1
"HELLP syndrome, postpartum (642.54:1)",1
Trochanteric bursitis (726.5:5),1
Soft tiss sarc - rhabdomyosarc (171.9:6),1
# nasal bone (802.0:1),1
Red cell aplasia (284.8:3),1
Femoral vein thromboph & phlebitis (451.11:0),1
"Embolism, Arterial (444.9:1)",1
Esophageal reflux (530.81:0),1
Incisional hernia w gangrene (551.21:0),1
Prolonged 2nd stage (662.20:0),1
Failed induction of labour (659.10:1),1
Eye injury (921.9:1),1
Injury hepatic artery (902.22:0),1
Asphyxia (799.0:0),1
Chronic cystitis (595.2:0),1
Abdominal or pelvic pain (625.9:2),1
Severe malnutrition (262:0),1
Intrauterine death (656.40:0),1
Pulmonary HT >1/2 systemic (416.8:2),1
Complication by internal orth dev (996.78:0),1
Inj superfic femoral art (904.1:0),1
Normal appendix (V71.9:27),1
Retinal hemorrhage (362.81:0),1
Traumatic closed liver laceration (864.05:999),1
Inflammatory polyneuropathy (356.9:7),1
Benign tumor of uterus (219.9:0),1
Subhepatic Abscess (567.2:2),1
Hx of ischemic stroke (438:1),1
Post abor/ec preg gen trac pel inf (639.0:0),1
"Pulmonary embolism, postop (415.1:4)",1
Delivered with prematurity (644.21:800),1
"Death, postop (798.1:1)",1
TB bowel+ mesen gland- no exam (014.81:0),1
Genital herpes (054.10:0),1
Quinsy (475:1),1
Shunt related nephritis (583.9:2),1
"Intracranial abscess, subdural (324.0:6)",1
Generalized lymphadenopathy (785.6:9),1
Benign monoclonal gammopathy (273.1:2),1
Endometritis (615.9:1),1
Type II DM with leg ulcer (250.80:8),1
Infective arthritis of ankle (711.97:0),1
Femoral artery embolism (444.22:4),1
Neph synd focal+ seg glomer lesion (581.89:1),1
RAEB (284.9:4),1
"Cancer tongue, dorsal surface (141.1:0)",1
Endometritis following abortion (639.0:5),1
Ethmoidal Sinusitis (473.2:1),1
Stitch granuloma (998.89:1),1
Abort w hemorr-inc (637.11:0),1
Rheumat mitral + aortic incompete (396.3:1),1
Hx of CA hypopharynx (V10.02:3),1
Chronic hep B with coma (070.22:0),1
Carcinoma of urethra (189.3:1),1
Herpes simplex infection (054.9:0),1
Hereditary spherocytosis (282.0:0),1
Paraovarian cyst (752.11:4),1
Rectal Abscess (566:7),1
Acute lymphadenitis (683:0),1
Sezary's disease (202.20:0),1
Neuropathy d/t B12 def (266.2:4),1
FB in trunk (911.6:4),1
Pathologic # specified site (733.19:0),1
Delivered with adherent placenta (667.02:801),1
Rheum mitral regurg (394.1:2),1
Eosinophilia (288.3:0),1
Thyrotoxicosis (242.80:0),1
"Acute quadripl, C5-C7, complete (344.07:0)",1
Renal artery aneurysm (442.1:0),1
Vagina h'toma obst inj delive epis (665.71:1),1
NIDDM with hyperosmolarity (250.20:4),1
Hodgkin's lymphocytic-histiocytic (201.40:0),1
"Premature ROM, antepartum care (658.13:800)",1
Op - accid perf rectum (998.2:8),1
TB kidney micro exam (016.03:0),1
Contracture of hip joint (718.45:1),1
"Uterine atony+ secondary PPH, PN (666.24:803)",1
# upper end tibia-open (823.10:0),1
"Arterial embol, lower extrem (444.22:2)",1
Acute cystitis (595.0:0),1
"Cerebral palsy, diplegia (343.0:1)",1
Mal neo endocrine glands (194.8:0),1
Secondary thrombocytosis (289.9:1),1
Primary osteoarthritis (715.90:1),1
Open wound of upper limb (884.0:0),1
Sinus venosus ASD superior (745.5:11),1
"Deep laceration knee, leg, ankle (891.1:1)",1
"Prolonged 1st stage- CPD, AP (662.03:801)",1
Rickettsialpox (083.2:0),1
Smooth muscle tumor (239.2:4),1
Agranulocytosis d/t antithyroid-d (288.0:4),1
Pancrea head inj+ open wd to cavit (863.91:0),1
Multi cerebra art occlude + infarc (433.31:0),1
Tetanus (037:0),1
Benign neo cranial nerve (225.1:0),1
Multiple sclerosis (340:0),1
Hemorrhage rectum anus (569.3:0),1
Toxic neuropathy (357.7:2),1
"Diverticulitis,Rectum (562.11:6)",1
FallopianTubal Cyst (620.8:9),1
TB bowel+ mesent gland by histo (014.85:0),1
Inflammatory spondylopathy (720.9:0),1
Condyloma of cervix (078.10:1),1
Liver Donor (V59.6:0),1
Pelvic secondaries (198.89:1),1
Ut prolaps w cyst/rect/enter ocele (618.4:2),1
Iliofemoral embolism (444.81:4),1
Pneumonia in infectious disease (136.9:1),1
Dysmenorrhea (625.3:0),1
Supravalvar localize aort stenosis (747.22:6),1
Undifferentiated CTD (710.8:5),1
TB skin & soft tissue w +ve AFB (017.03:1),1
Moderate depressive episode (296.22:1),1
"Trauma amputat leg, unilateral (897.4:0)",1
Injury renal vessel (902.40:0),1
Bowel evisceration (553.20:2),1
ERCP & ENBD (51.86:2),1
Mesenteric thrombosis (557.0:12),1
Hemangioma intracranial (228.02:0),1
Hepatic cystadenoma (211.5:3),1
Portal pyemia (572.1:0),1
Prelabor rupt uter-unsp (665.00:0),1
Yellow fever (060.9:0),1
Irreducible hernia (552.9:1),1
Cryoglobulinemia (273.2:1),1
ERCP (51.10:0),1
Non-TB brain abscess (324.0:2),1
Right heart enlargement (429.3:4),1
Acquired nasolacrimal stenosis (375.56:0),1
Chorea (333.5:0),1
Felon (681.01:0),1
Skin nodule (782.2:14),1
Delivered with renal disease (646.21:800),1
Cancer submandibular gland (142.1:0),1
Angiodysplasia w hemorr - upper GI (537.83:1),1
Cryptosporidiosis (007.4:0),1
Live related liver donor (V59.6:1),1
TB skin (017.00:1),1
Previous Cesarean delivery (654.20:0),1
Atrioventricular septal defect (745.69:3),1
Twin pregnancy (651.00:0),1
Strepto pneumoniae infection (041.06:0),1
Neurogenic bladder (596.54:0),1
Femoral pseudoaneurysm (442.3:3),1
Bowel infarction (557.0:1),1
Retropubic hematoma (568.81:3),1
# femoral condyle - closed (821.21:0),1
Anapla large cell lymphoma ALK -ve (202.80:39),1
Metastasis to spinal cord (198.3:5),1
Ca biliary tract for maternal care (648.90:175),1
Infected hydrocele (603.1:0),1
Dysthymic disorder early onset (300.4:1),1
Amputation arm+ hand unilat (887.4:0),1
Complic labor (659.90:0),1
Anaphylaxis (995.0:1),1
"Aspiration pneumonia, post-op (507.0:3)",1
Multiple fractures (829.0:1),1
Gangrenous ileum (557.0:7),1
Wax in ear canal (380.4:1),1
Anaplas larg cell lymphoma ALK +ve (202.80:38),1
Closed # spine (805.8:0),1
Met peritoneum (197.6:999),1
Secondary postpartum hemorrhage (666.20:0),1
Hodgkin nodul sclerosis H&N LN (201.51:0),1
"Deep transv arrest+ persist OP, AP (660.33:800)",1
"Legal abort w pelv damage, incompl (635.21:0)",1
Intestinal strongyloidiasis (127.2:2),1
"Delivered, uterine rupture- labor (665.11:800)",1
Hx-laryngeal malignancy (V10.21:0),1
Acquired maxillofacial defect (738.10:2),1
Carcinoma of ureter (189.2:1),1
Bleeding internal iliac vessel (459.0:3),1
HIV-2 with lymphadenopathy (042:22),1
"# ulna distal end, close (813.43:0)",1
Infective arthritis shoulder (711.91:0),1
Intestinal infection due to E coli (008.00:0),1
Fail abort cx genital& pelv infect (638.0:0),1
# foot bone - closed (825.20:0),1
Tricuspid valve disease (397.0:0),1
Gastrostomy status (V44.1:0),1
Malign hypertensive heart disease (402.00:0),1
Meckel's diverticulum (751.0:0),1
# fibula open (823.91:0),1
"Adhesion bands, peritoneum (568.0:1)",1
Type I DM + hypoglycemic coma (250.31:2),1
Leakage (997.4:10),1
Close skull base # w ICH mod LOC (801.23:0),1
Caesarean scar pregnancy (633.8:4),1
Chron peptic ulcer w perfor/obstr (533.51:0),1
Prematurity complicate pregnancy (644.20:1),1
Eating disorder (307.50:0),1
Fibromatosis (238.1:3),1
Immediate postpartum hemorrhage (666.10:0),1
Genital tract infection w 2nd PPH (646.60:5),1
Postpartum hemorrhage (666.10:1),1
Diffuse connective tissue disease (710.9:0),1
Stab wound of abdomen (879.2:6),1
No liquor (658.80:1),1
Bacterial meningoencephalitis (320.9:3),1
Caisson disease (993.3:0),1
Hypertensive heart disease (402.90:0),1
Infection PD catheter (996.68:0),1
Open wound of trunk (879.6:0),1
Extradural abscess of spinal cord (324.1:5),1
Porphyria (277.1:1),1
"Trauma, VU laceration (878.4:1)",1
RV dysfunction (429.9:2),1
Inverted papilloma of bladder (236.7:2),1
Esophageal injury (862.22:0),1
Acute miliary TB (018.00:0),1
Carbuncle of leg (680.6:1),1
Macrocytic anemia (281.9:1),1
Acontractile bladder (344.61:1),1
Tracheoesophageal fistula (530.84:0),1
Adjustment disorder (309.9:0),1
HIV diseas result in multi disease (042:37),1
Injury abdominal aorta (902.0:0),1
Meatal stenosis (598.9:2),1
Rupture uterus at labor (665.10:0),1
"Delivered, ruptured uterus + PPPH (665.11:802)",1
Appendicitis (541:0),1
"Bipolar affective disorder, manic (296.40:0)",1
Spontaneous hemorrhage (459.0:2),1
Perimembranous VSD (745.4:7),1
Jakob-Creutzfeldt disease (046.1:0),1
Follicular lymphoma grade 3b (202.00:19),1
Monoarthritis (716.60:0),1
Carotid cavernous fistula (437.3:1),1
Poison by salicylate (965.1:0),1
Bipolar current manic w psycho sym (296.44:4),1
Abn toxicologic finding (796.0:0),1
Drugs induced psychotic disorder (292.89:64),1
Ascorbic acid deficiency (267:0),1
Renal infarction (593.81:2),1
Clos# sku base lac+ contu mod LOC (801.13:0),1
Acute dilation of stomach (536.1:0),1
Uncontrol type I DM hyperglycemia (250.83:5),1
Carbuncle of buttock (680.5:1),1
"AMI, post-op (410.90:2)",1
Warfarin OD (964.2:1),1
Septic arthritis costovertebral jt (711.08:5),1
Lumbar spondylolisthesis (738.41:8),1
Hemoglobin SS disease w crisis (282.62:0),1
CA perianal skin (173.5:1),1
Membranoproliferative nephritis (583.2:0),1
GI anastomotic stricture postop (997.4:39),1
Streptococcus group D infection (041.04:0),1
Bowel obstruct due to stricture (560.9:15),1
Recur unilat inguin hernia w gangr (550.01:0),1
Hydatidiform mole (630:0),1
Hepatomegaly (789.1:0),1
# femoral condyle - open (821.31:0),1
"SLE GN syndrome, WHO class V (710.0:17)",1
Delivered with postpartum GTI (646.62:805),1
Close base # prolong LOC regain (801.04:0),1
Ileocolic Intussuception (560.0:2),1
Pleurisy (511.0:0),1
Aphasia (784.3:0),1
Dominant RV + hypoplastic LV (746.89:135),1
Inj infer mesenteric art (902.27:0),1
Secondary malign neoplas of tongue (198.89:9),1
Cancer of spleen (159.1:0),1
"Ureteric stones, Rt (592.1:6)",1
"Occlude precerebral art, no infarc (433.80:0)",1
"Delivered, slow progress in labor (661.21:804)",1
Delivered with prelabor ROM (658.11:801),1
ICH-intraventricular nontraumatic (431:7),1
"Delivered, 4th degre perineal tear (664.31:800)",1
Cancer of larynx - subglottis (161.2:0),1
Uterine prolapse (618.1:0),1
Lumbar spondylosis (721.3:1),1
Heart valve replace by other mean (V43.3:0),1
Inflam small bowel & colon (558.9:22),1
Apraxia (784.69:3),1
Disease of digestive system (569.9:3),1
HIV result in multi infections (042:32),1
Disorder character by eosinophilia (288.3:1),1
Hydronephrosis w ureter stricture (591:8),1
Mesenteric lymphadenitis (289.2:3),1
Lymphocytosis (288.8:9),1
Liver subcapsular hematoma (573.8:3),1
Hepatopulmonary syndrome (573.8:13),1
Bone infection - pelvis (730.95:0),1
Closed # supracondylar humerus (812.41:0),1
Frontal AVM (747.81:5),1
Hx of alcoholism (V11.3:0),1
Bowel adhesion (568.0:4),1
Acute transverse myelitis (323.9:7),1
Type II DM+ background retinopathy (250.50:8),1
Poison by cardiotonic glycoside (972.1:0),1
Eye disorder (379.90:0),1
Progressive supranuclear palsy (333.0:7),1
"Injury to ureter, intra-operative (998.2:10)",1
Blastic NK-cell lymphoma (202.80:49),1
Spinal arteriovenous malformation (747.82:1),1
Sensorineural hearing loss (389.10:0),1
Type I DM incipient nephropathy (250.41:4),1
Traumatic amputation above knee (897.2:3),1
Perforation retroperitoneal organ (568.89:5),1
Ankle pain (719.47:1),1
Telogen effluvium (704.02:0),1
"Nodular lymphoma, spleen (202.07:0)",1
Delirium superimposed on dementia (290.11:3),1
Pulmonary aspiration of blood (507.8:2),1
Parox ventric tachycard (427.1:0),1
Chronic pyelonephritis (590.00:0),1
Malig seconda HT by renal disorder (405.02:0),1
Alcohol amnestic syndrome (291.1:0),1
Heart chamber lacerat-cl (861.03:0),1
Stomach dysplasia (537.89:4),1
"Moderate MR, with impair behavior (318.0:3)",1
Ornithine transcarbamylase def (270.6:7),1
Small intest injury (863.20:0),1
Multi chop wounds upper limb (884.0:1),1
Intrahepatic ductal stricture (576.2:6),1
Burn lower limb (945.00:0),1
Paget's disease of scrotum (187.7:2),1
Groin scrotal abscess (608.4:1),1
# bimalleolar - closed (824.4:0),1
Diverticulosis of small intestine (562.00:0),1
Malign neopl scrotum (187.7:0),1
Immune reconstitution syndrome (279.9:2),1
Vocal paral unilat part (478.31:0),1
Chr osteomyelit-pelvis (730.15:0),1
Transfusion reaction (999.8:0),1
Nephritis w rapid progress GN (583.4:0),1
Psychomot ep-intractable (345.41:0),1
Defibrillator lead complication (996.04:2),1
Bile leakage from liver (573.8:4),1
Pneumonia in whoop cough (033.9:1),1
Kaposi's sarcoma GI tract (176.3:0),1
Bladder Outflow Obstruct (596.0:3),1
Giant cell tumor of pelvic bones (213.6:2),1
RVOT obst - septoparietal band (746.84:5),1
# metatarsal - closed (825.25:0),1
Intestinal abscess (569.5:0),1
Puerperal sepsis (670.04:2),1
Hepatitis E with coma (070.43:0),1
Bone marrow donor (V59.3:0),1
Fracture calcaneus - open (825.1:0),1
Strangulated Umbilical H (552.1:1),1
Otitis externa infective (380.10:0),1
Irreducible incisional hernia (552.21:2),1
Malig neo cervix (180.8:0),1
LN metastasis (196.9:1),1
Abruptio placentae (641.20:2),1
Neoplasm of soft tissue (239.2:41),1
Abnormal diagnostic image of lung (793.1:2),1
Malig neo skin trunk not scrotum (173.5:0),1
Type II DM with foot ulcer (250.80:16),1
Splenic infarction (289.59:6),1
Hemophilus meningitis (320.0:0),1
Staghorn renal stone (592.0:3),1
"Threatened miscarriage, antepartum (640.03:800)",1
Mal neo labia majora (184.1:0),1
"Vascular injury, postoperative (997.2:8)",1
Budd-Chiari syndrome (453.0:0),1
Tuberculosis with arthritis (015.90:1),1
CA hypopharynx aryepiglottic fold (148.2:0),1
Takayasu's disease (446.7:0),1
Relapsing polychondritis (733.99:3),1
Malignant Melanoma (172.9:0),1
Retained placenta (667.00:0),1
Uterine fibroid polyp (218.9:5),1
Sialoadenitis (527.2:0),1
Acute alcohol intoxicat continuous (303.01:0),1
Post-procedure tricuspid regurgit (424.2:3),1
Acute prostatitis (601.0:0),1
"Headache, post traumatic (310.2:1)",1
Tracheostomy status (V44.0:0),1
Epiglottic cyst (478.79:5),1
Periodontal abscess (523.3:1),1
"Aplastic anemia, parvovirus infect (284.8:5)",1
Oral soft tissue disease (528.9:0),1
Burn larynx/trachea/lung (947.1:0),1
Dysplastic coxarthrosis (715.15:4),1
"Cardiac tamponade, post-op (423.9:3)",1
Open vault # w ICH brief LOC (800.72:0),1
Hydroureteronephrosis (591:4),1
Chronic ascites (789.5:2),1
# symphy mandib bdy-opn (802.36:0),1
Multi+ psych drug depen contin use (304.80:4),1
Unc behav neo bladder (236.7:0),1
Alcohol withdrawal convulsion (291.81:4),1
Post TURP cystitis (595.9:3),1
Ankyl vert hyperostosis (721.6:0),1
Thalassemias (282.4:0),1
Infection of vascular entry site (998.59:15),1
# facial bone close (802.8:0),1
Primary IgA nephropathy (583.89:20),1
Alcohol depend continuous drinker (303.91:0),1
Acute vascular dementia mix sympto (290.40:14),1
Carcinoma of cardia of stomach (151.0:1),1
Drug overdose (977.9:1),1
UTI for antepartum care (646.63:801),1
Renal graft rejection (996.81:2),1
Lumbar spinal pain (724.4:5),1
Parietal AVM (747.81:3),1
Major hep lacer + open wd to cavi (864.14:0),1
PAN related nephropathy (446.0:1),1
Long QT interval (426.9:2),1
Mal neo conjunctiva (190.3:0),1
Congestive liver (573.0:1),1
Prolapsed colostomy (569.6:3),1
Open wound back (876.0:0),1
Hyperglycinemia (270.7:6),1
Raynaud's phenomenon (443.0:3),1
Hypertrophic cardiomyopathy (425.4:8),1
APH from placenta previa type IV (641.13:804),1
Acute vascular dementia delusional (290.42:3),1
Delivered with anemia (648.21:800),1
Mixed mitral valve disease (394.9:2),1
Multiple system atrophy (333.0:9),1
Bleeding rectal polyp (569.0:2),1
Inflammatory myopathy (359.8:4),1
Skin cancer of upper limb (173.6:0),1
"GIST, duodenum (235.2:5)",1
Viral myocarditis (422.91:2),1
Open wound buttock (877.0:0),1
CA skin ear+ ext audit canal (173.2:0),1
Alcohol-induced dementia (291.2:0),1
Dietary B12 deficiency anemia (281.1:5),1
Hereditary coproporphyria (277.1:5),1
"Cardiomyopathy, antepartum care (648.63:805)",1
FB in intestine & colon (936:1),1
Hodgkin disease axilla+ UL LN (201.94:0),1
Bilateral renal stones (592.0:1),1
"Vaginal hematoma after labor, PP (665.74:802)",1
"Placenta previa type IV, AP (641.03:805)",1
Bartonellosis (088.0:0),1
Acute vascul dementia depressive (290.43:3),1
Ben neo spinal meninges (225.4:0),1
Nephrotic synd w proliferative GN (581.0:0),1
Pigmented lesion (709.00:1),1
Herpes labialis (054.9:1),1
Delivered with maternal disease (648.91:813),1
Hx-uterus malignancy (V10.42:0),1
Electroencephalography (89.14:0),1
TB arthritis lower leg (015.20:1),1
Cancer of ureteric orifice (188.6:0),1
"Paraganglioma, adrenal gland (227.0:3)",1
Paratyphoid fever B (002.2:0),1
Dissociative convulsion (300.11:5),1
Delivered with transverse lie (652.31:801),1
"Nodular lymphoma, axilla (202.04:0)",1
Skin & subcut tissue disorder (709.9:0),1
Focal proliferative GN (583.0:2),1
Persist postop fistula (998.6:0),1
Regular wide complex tachycardia (427.1:10),1
Mod MR sig impair behav atten/ tx (318.0:2),1
Upper ureteric stones (592.1:4),1
Orbital cellulitis (376.01:0),1
Abort w pel inf-inc (637.01:0),1
TB bone by culture (015.74:0),1
Oliguria & anuria (788.5:0),1
Cancer of prostatic urethra (189.3:6),1
Thyroid disease (246.9:0),1
Streptococcus milleri group infect (041.09:2),1
Hypoalbuminuria (791.0:1),1
"Delirium, psychotic (293.0:2)",1
Popliteal space synovial cyst (727.51:0),1
Femoral artery perforation (904.1:1),1
"dummy code, pls enter dx (000:0)",1
Inflammation of CNS (349.89:5),1
Open dislocation of knee (836.60:0),1
"Sinus of Valsalva aneurysm, NCC (747.29:14)",1
Hx of myeloid leukemia (V10.62:0),1
"Subdural effusion, non traumatic (348.5:2)",1
Addison's Disease (255.4:1),1
Artif urinary open statu (V44.6:0),1
Endometrial cystic hyperplasia (621.3:0),1
Cerebell contus- mod coma (851.43:0),1
Polymyalgia rheumatica (725:0),1
Monocytosis (288.8:8),1
Injury multi mus& tendon upper arm (840.8:5),1
Free wall rupture - post MI (429.79:1),1
Mature T/NK cell lymphoma (202.80:40),1
Empyema with fistula (510.0:0),1
Postop urethral stricture (598.2:0),1
"Clotting time, prolonged (790.92:2)",1
Pelvic endometriosis (617.3:3),1
Disease of spinal cord (336.9:0),1
Post TKR - follow up (V67.0:3),1
Hematoma at generator site (996.72:1),1
Vitamin B12 deficiency anemia (281.1:0),1
Uncontrolled DM with IHD (250.82:10),1
Chr osteomyelit-hand (730.14:0),1
Klebsiella pneumoniae (041.3:1),1
Dementia in Parkinson's disease (294.1:3),1
Open skull vault # no coma (800.51:0),1
Hemophilia B (286.1:1),1
Benign tumor pituitary gland (227.3:0),1
Necrosis (785.4:3),1
Streptococcus pneumoniae (041.06:1),1
# facial bone open (802.9:0),1
Bursitis (727.3:0),1
GI anastomotic ulcer postop (997.4:40),1
"Abnormal findings, stool contents (792.1:0)",1
Salpingitis and oophoritis (614.2:0),1
Leaking ovarian cyst (620.2:3),1
"Septic shock, delivery episode (648.91:1)",1
Cholestatic hepatitis (573.8:11),1
"Laceration of stomach, traumatic (863.0:1)",1
Lung metastasis (197.0:0),1
Concussion w moderate LOC (850.2:0),1
Open dislocation of foot (838.10:0),1
Fanconi syndrom-hyperaminoaciduria (270.0:1),1
Bleeding colitis (558.9:4),1
Acute fulminating viral hepatitis (070.9:5),1
Acute glomerulonephritis (580.9:0),1
Lower limb art thromboembolism (444.22:0),1
Alcoholic myopathy (359.4:2),1
"Lymphangitis, Acute (682.9:6)",1
VUJ stricture (593.3:4),1
Chronic osteomyelitis of foot (730.17:1),1
"Splenic tear, traumatic (865.02:1)",1
Erythrodermic psoriasis (696.1:10),1
Intra-abdominal adhesion (568.0:6),1
Cholera (001.9:0),1
TB epidural abscess (013.80:2),1
Acute cellular graft rejection (996.52:7),1
# larynx/trachea-open (807.6:0),1
Iliac artery embolism (444.81:1),1
Infect/ inflam by int orth device (996.67:0),1
Paranoid schizo complete remiss (295.35:5),1
Ureteric Colic (788.0:1),1
Crushing injury LL (928.9:0),1
Renal papillary necrosis (590.80:2),1
"Delivered, DIC + primary PPH (666.32:800)",1
UTI for postpartum care (646.64:801),1
Upper limb art thromboembolism (444.21:0),1
Eye problems (V41.1:0),1
Crohn's disease of colon (555.1:2),1
Insect bite (919.4:1),1
Lymphocele (457.8:3),1
Varicella pneumonitis (052.1:0),1
Renal artery stenosis (440.1:1),1
"spon abort, compl, gen infect (634.02:0)",1
Perforating ulcer of the foot (707.1:12),1
Septic arthritis sacroiliac joint (711.05:2),1
Achilles tendonitis (726.71:1),1
Chikungunya fever (066.3:1),1
HIV result in CMV disease (042:27),1
"Venous infarction, small bowel (557.0:14)",1
Plasma cell tumour (238.6:0),1
Cadaveric liver donor (V59.6:2),1
1st degree uterovaginal prolapse (618.2:1),1
Type II DM with nephrotic syndrome (250.40:6),1
"Sepsis, post-op complication (998.59:11)",1
Spon incompl abort w exces bleed (634.11:0),1
Heart laceratio+ open wd to thorax (861.12:0),1
Pickwickian Syndrome (278.8:1),1
Liver disorder in pregnancy (646.70:0),1
"10-19% body burn, 3 deg 10-19% (948.11:0)",1
Cancer digest organ& peritoneum (159.9:0),1
Malign neopl cerebrum (191.0:0),1
Megakaryo hyperplasia bone marrow (289.9:9),1
Subluxation of lens (379.32:0),1
Abnormal ECG (794.31:0),1
Hematoma complicating procedure (998.12:0),1
Ganglion of tendon (727.42:0),1
Ventilation pneumonitis (495.7:0),1
Mild MR no/ mini behavior impair (317:1),1
TB arthritis elbow (015.80:5),1
Type II DM autonomic neuropathy (250.60:8),1
Fume/vapor acute resp condition (506.3:0),1
Spondylolisthesis degen (738.41:1),1
Neuritis (729.2:24),1
Cutaneous T-cell lymphoma (202.80:46),1
Op base# cere lac+ contu mod LOC (801.63:0),1
Grafted renal artery thrombosis (996.81:1),1
Hx of CA oropharynx (V10.02:6),1
Gastroduodenitis with hemorrhage (535.51:0),1
Joint pain (719.40:0),1
Chemical pneumonitis (506.0:2),1
Liver hematoma/contusion (864.01:0),1
Cauda equina synd w neurog bladder (344.61:0),1
Cx due to ortho implant/device (996.78:1),1
Bacterial pleural effusion (511.1:0),1
Nonrheumatic mitral insufficiency (424.0:4),1
Brief depressive adjust reaction (309.0:1),1
Vocal paral bilat total (478.34:0),1
Thalassemia major beta (282.4:1),1
Atten to previous Hartmann's op (V55.3:2),1
Dermatomyositis in neoplastic dis (710.3:2),1
"Cancer of male breast, right (175.9:2)",1
Bleeding anal polyp (569.0:8),1
Psych dis by stimulant incl caffe (292.89:61),1
Chronic osteomyelitis of ankle (730.17:2),1
Streptococcus mitis group infect (041.09:1),1
Hyperten heart and renal disease (404.90:0),1
Malignant carcinoid tumor (199.1:16),1
Nocturia (788.43:0),1
Cancer of tonsillar fossa (146.1:0),1
Double J stent in situ (V45.89:22),1
