Organism,Count,Year
Methicillin resistant Staphylococcus aureus,1687,2003
Candida albicans,1438,2003
Pseudomonas aeruginosa,1425,2003
Escherichia coli,1268,2003
Acinetobacter species,635,2003
Enterococcus species,595,2003
Klebsiella species,567,2003
"Staphylococcus, coagulase negative",520,2003
Stenotrophomonas maltophilia,492,2003
Candida species,432,2003
Yeast,425,2003
Staphylococcus epidermidis,240,2003
Coliform bacteria,229,2003
Klebsiella pneumoniae,227,2003
Staphylococcus aureus,218,2003
Enterobacter species,157,2003
Bacillus species,114,2003
Pseudomonas species,113,2003
Morganella morganii,97,2003
Diphtheroids,95,2003
Enterococcus faecalis,81,2003
Proteus mirabilis,81,2003
Candida glabrata,76,2003
Streptococcus milleri group,67,2003
Serratia species,60,2003
Bacteroides species,56,2003
Candida tropicalis,52,2003
Proteus species,51,2003
Haemophilus influenzae,51,2003
Citrobacter species,49,2003
Mycobacterium tuberculosis,46,2003
Acinetobacter baumannii,44,2003
Corynebacterium striatum,44,2003
Flavobacterium species,44,2003
Mycobacterium species,44,2003
Corynebacterium species,39,2003
Enterobacter cloacae,34,2003
Enterococcus faecium,33,2003
Trichosporon species,32,2003
Providencia species,32,2003
Bacteroides fragilis,32,2003
Aeromonas hydrophila,31,2003
Streptococcus pneumoniae,30,2003
Elizabethkingia meningoseptica,30,2003
Aeromonas species,28,2003
Candida parapsilosis,27,2003
Klebsiella aerogenes,25,2003
Serratia marcescens,23,2003
Proteus vulgaris,22,2003
Alpha-haemolytic streptococcus,22,2003
Salmonella group D,22,2003
Streptococcus agalactiae,20,2003
Achromobacter xylosoxidans,19,2003
Clostridium perfringens,18,2003
Non-haemolytic streptococcus,17,2003
Burkholderia cepacia,17,2003
Klebsiella oxytoca,16,2003
Chryseobacterium indologenes,15,2003
Cryptococcus neoformans,15,2003
Bacteroides fragilis group,15,2003
Streptococcus constellatus,15,2003
Sphingomonas paucimobilis,13,2003
Streptococcus pyogenes,13,2003
Talaromyces marneffei,13,2003
Micrococcus species,12,2003
Corynebacterium jeikeium,12,2003
Staphylococcus haemolyticus,10,2003
Aspergillus fumigatus,10,2003
"Streptococcus, viridans group",10,2003
Clostridium species,9,2003
"Streptococcus, group G",9,2003
Providencia stuartii,9,2003
Peptostreptococcus species,9,2003
Staphylococcus species,9,2003
Lactobacillus species,8,2003
Citrobacter koseri,8,2003
Anaerobic Gram-positive cocci,8,2003
Pichia kudriavzevii,8,2003
Staphylococcus capitis,7,2003
Streptococcus bovis group,7,2003
Cutibacterium acnes,7,2003
Citrobacter freundii,7,2003
Anaerobic bacteria,7,2003
Moraxella catarrhalis,6,2003
Bacillus cereus,6,2003
Citrobacter youngae,6,2003
Aspergillus species,6,2003
"Streptococcus, group F",6,2003
Streptococcus intermedius,6,2003
Salmonella Enteritidis,6,2003
Haemophilus parainfluenzae,5,2003
Gram-negative bacilli,5,2003
Alcaligenes species,5,2003
Candida lusitaniae,5,2003
Streptococcus mitis,5,2003
Veillonella species,5,2003
Anaerobic diphtheroids,5,2003
Peptococcus species,4,2003
Nocardia asteroides,4,2003
Eikenella corrodens,4,2003
Corynebacterium urealyticum,4,2003
Trichophyton rubrum,4,2003
Salmonella Typhi,4,2003
Gardnerella vaginalis,4,2003
Neisseria species,4,2003
Candida guilliermondii,4,2003
Mycobacterium fortuitum,3,2003
Enterococcus gallinarum,3,2003
Aeromonas veronii,3,2003
Propionibacterium species,3,2003
Acid-fast bacillus,3,2003
Fusobacterium species,3,2003
Enterococcus casseliflavus,3,2003
Aeromonas caviae,3,2003
Mycobacterium avium complex,2,2003
Non-fermentative Gram-negative bacilli,2,2003
Vibrio parahaemolyticus,2,2003
Fusarium species,2,2003
Staphylococcus warneri,2,2003
Trichosporon cutaneum,2,2003
Acinetobacter calcoaceticus-Acinetobacter baumannii complex,2,2003
Anaerobic Gram-negative bacilli,2,2003
Pseudomonas stutzeri,2,2003
Ochrobactrum anthropi,2,2003
Klebsiella pneumoniae subsp. Ozaenae,2,2003
Trichosporon asahii,2,2003
Aerococcus species,2,2003
Plesiomonas shigelloides,2,2003
Prevotella species,2,2003
Pseudomonas putida,2,2003
Lactobacillus,2,2003
Gram-positive cocci,2,2003
Streptococcus anginosus,2,2003
Prevotella buccae,2,2003
Enterococcus avium,2,2003
"Streptococcus, group D",2,2003
Clostridium ramosum,1,2003
Brevundimonas diminuta,1,2003
Prevotella bivia,1,2003
Peptostreptococcus micros,1,2003
Prevotella melaninogenica,1,2003
Fusobacterium necrophorum,1,2003
"Mycobacterium, non-TB",1,2003
Rhodotorula species,1,2003
Mycoplasma species,1,2003
Eubacterium aerofaciens,1,2003
Pseudomonas oryzihabitans,1,2003
Oerskovia species,1,2003
Fusobacterium necrogenes,1,2003
Prevotella buccalis,1,2003
Pasteurella species,1,2003
Chryseomonas luteola,1,2003
Fusobacterium mortiferum,1,2003
Mycobacterium tuberculosis complex,1,2003
Neisseria cinerea,1,2003
Myroides species,1,2003
Mycoplasma hominis,1,2003
Aeromonas sobria,1,2003
Fusobacterium nucleatum,1,2003
Aspergillus flavus,1,2003
Vibrio vulnificus,1,2003
Pseudomonas fluorescens,1,2003
Providencia rettgeri,1,2003
Rhizobium radiobacter,1,2003
Proteus penneri,1,2003
Gemella species,1,2003
Aspergillus niger,1,2003
Acremonium species,1,2003
Salmonella species,1,2003
Staphylococcus hominis,1,2003
Eggerthella lenta,1,2003
Aerococcus viridans,1,2003
"Streptococcus, group C",1,2003
Nocardia species,1,2003
Bacteroides stercoris,1,2003
Streptococcus mitis group,1,2003
Kluyvera species,1,2003
Staphylococcus saprophyticus,1,2003
Trichoderma species,1,2003
Beta-haemolytic streptococcus,1,2003
Salmonella group B,1,2003
Listeria monocytogenes,1,2003
Arcanobacterium haemolyticum,1,2003
Delftia acidovorans,1,2003
Chryseobacterium species,1,2003
Anaerobic Gram-positive bacilli,1,2003
Haemophilus parahaemolyticus,1,2003
Salmonella group E,1,2003
Clostridium subterminale,1,2003
"Vibrio cholerae, non-O1/non-O139",1,2003
Sphingobacterium species,1,2003
CDC Corynebacterium group G,1,2003
Salmonella group C1,1,2003
Candida famata,1,2003
Rhodococcus species,1,2003
Gemella morbillorum,1,2003
Corynebacterium afermentans,1,2003
Pseudomonas aeruginosa,2091,2004
Escherichia coli,1943,2004
Methicillin resistant Staphylococcus aureus,1832,2004
Candida albicans,1553,2004
Enterococcus species,907,2004
Klebsiella species,818,2004
Acinetobacter species,683,2004
Stenotrophomonas maltophilia,630,2004
"Staphylococcus, coagulase negative",581,2004
Candida species,570,2004
Yeast,462,2004
Staphylococcus epidermidis,323,2004
Staphylococcus aureus,315,2004
Klebsiella pneumoniae,290,2004
Coliform bacteria,256,2004
Enterobacter species,206,2004
Diphtheroids,148,2004
Proteus mirabilis,132,2004
Bacillus species,116,2004
Morganella morganii,110,2004
Bacteroides species,107,2004
Pseudomonas species,98,2004
Enterococcus faecalis,92,2004
Candida tropicalis,89,2004
Citrobacter species,76,2004
Proteus species,72,2004
Enterobacter cloacae,65,2004
Serratia species,63,2004
Streptococcus milleri group,57,2004
Candida glabrata,56,2004
Mycobacterium tuberculosis,53,2004
Haemophilus influenzae,51,2004
Bacteroides fragilis,47,2004
Corynebacterium striatum,44,2004
Streptococcus pneumoniae,43,2004
Klebsiella aerogenes,37,2004
Acinetobacter baumannii,36,2004
Enterococcus faecium,36,2004
Alpha-haemolytic streptococcus,36,2004
Aeromonas hydrophila,33,2004
Streptococcus agalactiae,33,2004
Non-haemolytic streptococcus,31,2004
Serratia marcescens,31,2004
Corynebacterium species,30,2004
Bacteroides fragilis group,30,2004
Candida parapsilosis,30,2004
Burkholderia cepacia,30,2004
Providencia species,30,2004
"Streptococcus, group G",29,2004
Achromobacter xylosoxidans,25,2004
Aeromonas species,24,2004
Elizabethkingia meningoseptica,24,2004
Klebsiella oxytoca,23,2004
Anaerobic Gram-positive cocci,23,2004
Streptococcus constellatus,23,2004
Chryseobacterium indologenes,21,2004
Clostridium perfringens,19,2004
Citrobacter freundii,18,2004
Proteus vulgaris,17,2004
Flavobacterium species,15,2004
Trichosporon species,14,2004
Moraxella catarrhalis,14,2004
Mycobacterium species,13,2004
Streptococcus bovis group,12,2004
Alcaligenes species,12,2004
Clostridium species,12,2004
Citrobacter koseri,11,2004
Aeromonas caviae,10,2004
Micrococcus species,10,2004
Anaerobic bacteria,10,2004
Providencia stuartii,10,2004
Aeromonas sobria,10,2004
"Streptococcus, viridans group",9,2004
Corynebacterium jeikeium,9,2004
Prevotella melaninogenica,9,2004
Staphylococcus species,9,2004
Propionibacterium species,8,2004
Peptostreptococcus species,8,2004
Neisseria species,8,2004
Acid-fast bacillus,8,2004
Lactobacillus,8,2004
"Streptococcus, group D",8,2004
Vibrio vulnificus,7,2004
Pichia kudriavzevii,7,2004
Streptococcus mitis,7,2004
Acinetobacter haemolyticus,7,2004
Fusobacterium species,7,2004
Salmonella group D,7,2004
Arcanobacterium haemolyticum,6,2004
Cryptococcus neoformans,6,2004
"Streptococcus, group F",6,2004
Aspergillus species,6,2004
Rothia mucilaginosa,6,2004
Lactobacillus species,6,2004
Acinetobacter calcoaceticus-Acinetobacter baumannii complex,6,2004
Leuconostoc species,6,2004
Ochrobactrum anthropi,5,2004
Enterococcus avium,5,2004
Haemophilus parainfluenzae,5,2004
Bacillus cereus,5,2004
Aspergillus flavus,5,2004
Trichophyton rubrum,5,2004
Nocardia species,4,2004
Streptococcus dysgalactiae subsp. equisimilis,4,2004
Sphingomonas species,4,2004
Dermabacter hominis,4,2004
Corynebacterium urealyticum,4,2004
Streptococcus intermedius,4,2004
Staphylococcus haemolyticus,4,2004
Aspergillus fumigatus,4,2004
Salmonella group B,4,2004
Edwardsiella tarda,4,2004
Trichosporon cutaneum,3,2004
Prevotella bivia,3,2004
Staphylococcus capitis,3,2004
Gram-negative bacilli,3,2004
Mycobacterium avium complex,3,2004
Anaerobic Gram-positive bacilli,3,2004
Enterococcus gallinarum,3,2004
Burkholderia species,3,2004
Citrobacter youngae,3,2004
Veillonella species,3,2004
Eikenella corrodens,3,2004
Anaerobic diphtheroids,3,2004
Talaromyces marneffei,3,2004
Streptococcus anginosus,3,2004
Bacteroides ureolyticus,2,2004
Staphylococcus hominis,2,2004
Eubacterium species,2,2004
Bacteroides thetaiotaomicron,2,2004
Proteus penneri,2,2004
Prevotella oralis,2,2004
Candida guilliermondii,2,2004
Rhizopus species,2,2004
Citrobacter braakii,2,2004
Alcaligenes faecalis,2,2004
Mycobacterium chelonae,2,2004
Trichosporon mucoides,2,2004
Streptococcus species,2,2004
Salmonella group C,2,2004
Delftia acidovorans,2,2004
Prevotella species,2,2004
Anaerobic Gram-negative bacilli,2,2004
Klebsiella pneumoniae subsp. Ozaenae,2,2004
Sphingomonas paucimobilis,2,2004
Enterococcus casseliflavus,2,2004
Clostridioides difficile,2,2004
Beta-haemolytic streptococcus,2,2004
Mycobacterium tuberculosis complex,2,2004
Peptococcus species,2,2004
Eggerthella lenta,2,2004
Streptococcus pyogenes,2,2004
Providencia rettgeri,2,2004
Burkholderia pseudomallei,1,2004
Salmonella choleraesuis,1,2004
Bifidobacterium adolescentis,1,2004
Bacteroides caccae,1,2004
Clostridium ramosum,1,2004
Mycobacterium kansasii,1,2004
Mycobacterium gordonae,1,2004
Tsukamurella species,1,2004
Acinetobacter lwoffii,1,2004
Aspergillus terreus,1,2004
Porphyromonas endodontalis,1,2004
Anaerococcus tetradius,1,2004
Porphyromonas asaccharolytica,1,2004
Aeromonas veronii,1,2004
Bacteroides stercoris,1,2004
Chryseobacterium species,1,2004
Lactobacillus acidophilus,1,2004
"Streptococcus, group C",1,2004
Salmonella Typhi,1,2004
Candida famata,1,2004
Fusobacterium nucleatum,1,2004
Tsukamurella pulmonis,1,2004
Candida lusitaniae,1,2004
Enterococcus hirae,1,2004
Anaerococcus prevotii,1,2004
Bifidobacterium species,1,2004
Clostridium symbiosum,1,2004
Plesiomonas shigelloides,1,2004
Trichosporon asahii,1,2004
Vibrio parahaemolyticus,1,2004
Vibrio alginolyticus,1,2004
Sphingobacterium species,1,2004
Staphylococcus simulans,1,2004
Salmonella Paratyphi A,1,2004
Campylobacter jejuni,1,2004
Streptomyces species,1,2004
Aerococcus species,1,2004
Nocardia asteroides,1,2004
Bordetella bronchiseptica,1,2004
Pantoea species,1,2004
Shigella sonnei,1,2004
Bacteroides vulgatus,1,2004
Rapid growing mycobacteria,1,2004
Enterobacter asburiae,1,2004
Neisseria gonorrhoeae,1,2004
Gemella haemolysans,1,2004
Ralstonia picketti,1,2004
Exophiala dermatitidis,1,2004
Campylobacter jejuni subsp. Jejuni,1,2004
Salmonella Enteritidis,1,2004
Aspergillus niger,1,2004
Pseudomonas stutzeri,1,2004
Pseudomonas fluorescens,1,2004
Chrysosporium species,1,2004
Gemella species,1,2004
Streptococcus sanguinis,1,2004
Pseudomonas putida,1,2004
Neisseria meningitidis,1,2004
Escherichia coli,2184,2005
Pseudomonas aeruginosa,1795,2005
Candida albicans,1757,2005
Methicillin resistant Staphylococcus aureus,1713,2005
"Staphylococcus, coagulase negative",961,2005
Enterococcus species,903,2005
Klebsiella species,841,2005
Acinetobacter species,767,2005
Stenotrophomonas maltophilia,692,2005
Candida species,691,2005
Yeast,363,2005
Klebsiella pneumoniae,348,2005
Staphylococcus aureus,316,2005
Coliform bacteria,303,2005
Enterobacter species,226,2005
Staphylococcus epidermidis,215,2005
Diphtheroids,190,2005
Proteus mirabilis,185,2005
Bacillus species,154,2005
Pseudomonas species,135,2005
Mycobacterium tuberculosis,119,2005
Proteus species,118,2005
Candida tropicalis,116,2005
Alpha-haemolytic streptococcus,109,2005
Enterococcus faecalis,108,2005
Haemophilus influenzae,97,2005
Morganella morganii,95,2005
Acinetobacter baumannii,91,2005
Bacteroides species,83,2005
Gram-negative bacilli,81,2005
Streptococcus milleri group,80,2005
Candida glabrata,78,2005
Klebsiella aerogenes,67,2005
Staphylococcus species,66,2005
Non-haemolytic streptococcus,64,2005
Streptococcus pneumoniae,62,2005
Corynebacterium striatum,58,2005
Enterobacter cloacae,55,2005
Citrobacter species,54,2005
"Streptococcus, group G",51,2005
Burkholderia cepacia,50,2005
Candida parapsilosis,49,2005
Bacteroides fragilis,48,2005
Serratia species,42,2005
Streptococcus agalactiae,41,2005
Elizabethkingia meningoseptica,40,2005
Enterococcus faecium,40,2005
Neisseria species,39,2005
Serratia marcescens,38,2005
Mycobacterium species,36,2005
Clostridium perfringens,33,2005
Providencia species,32,2005
Proteus vulgaris,27,2005
Streptococcus pyogenes,27,2005
Anaerobic Gram-positive cocci,26,2005
Bacteroides fragilis group,25,2005
Aeromonas hydrophila,25,2005
Klebsiella oxytoca,24,2005
Achromobacter xylosoxidans,24,2005
Vibrio vulnificus,23,2005
Flavobacterium species,23,2005
Corynebacterium species,22,2005
Aspergillus species,21,2005
Citrobacter freundii,20,2005
Beta-haemolytic streptococcus,19,2005
Streptococcus constellatus,18,2005
Aeromonas species,18,2005
Peptostreptococcus species,16,2005
Lactobacillus species,16,2005
Rothia mucilaginosa,16,2005
Salmonella group B,15,2005
Streptococcus species,15,2005
Trichosporon species,14,2005
Acinetobacter calcoaceticus-Acinetobacter baumannii complex,14,2005
Fusobacterium species,14,2005
Clostridioides difficile,13,2005
Moraxella catarrhalis,13,2005
Trichosporon asahii,13,2005
Clostridium species,13,2005
Chryseobacterium indologenes,12,2005
Citrobacter koseri,12,2005
Alcaligenes species,12,2005
Mycoplasma hominis,12,2005
Candida guilliermondii,11,2005
"Streptococcus, viridans group",11,2005
"Streptococcus, group C",11,2005
Anaerobic Gram-positive bacilli,10,2005
Prevotella melaninogenica,10,2005
Anaerobic bacteria,10,2005
Aspergillus fumigatus,10,2005
Cutibacterium acnes,9,2005
Corynebacterium jeikeium,9,2005
Staphylococcus haemolyticus,9,2005
Prevotella species,9,2005
Aspergillus flavus,9,2005
Aeromonas sobria,8,2005
Fusarium species,8,2005
Micrococcus species,8,2005
Staphylococcus capitis,8,2005
Streptococcus bovis group,8,2005
Mycobacterium avium complex,8,2005
Veillonella species,8,2005
Mycobacterium chelonae,8,2005
Salmonella group D,7,2005
Shewanella species,6,2005
Salmonella Typhi,6,2005
Prevotella bivia,6,2005
Streptococcus intermedius,6,2005
Enterococcus gallinarum,6,2005
Sphingomonas paucimobilis,6,2005
Pichia kudriavzevii,5,2005
Moraxella species,5,2005
"Streptococcus, group D",5,2005
Trichophyton rubrum,5,2005
Streptococcus anginosus,5,2005
Mycobacterium tuberculosis complex,5,2005
Haemophilus parainfluenzae,4,2005
Haemophilus parahaemolyticus,4,2005
Eggerthella lenta,4,2005
Streptococcus suis,4,2005
Anaerobic Gram-negative bacilli,4,2005
Staphylococcus lugdunensis,3,2005
Prevotella loescheii,3,2005
Trichosporon mucoides,3,2005
Bacillus cereus,3,2005
Propionibacterium species,3,2005
Aspergillus niger,3,2005
Curvularia species,3,2005
Arcanobacterium haemolyticum,3,2005
Peptococcus species,3,2005
Corynebacterium urealyticum,3,2005
Streptococcus mitis,3,2005
Pseudomonas stutzeri,3,2005
Streptococcus salivarius,3,2005
Neisseria gonorrhoeae,3,2005
Arcanobacterium species,3,2005
Enterococcus durans,3,2005
Pantoea species,2,2005
Blastoschizomyces capitatus,2,2005
Haemophilus haemolyticus,2,2005
Malassezia species,2,2005
Klebsiella pneumoniae complex,2,2005
Ralstonia picketti,2,2005
Providencia stuartii,2,2005
Staphylococcus simulans,2,2005
Non-fermentative Gram-negative bacilli,2,2005
Corynebacterium amycolatum,2,2005
Streptococcus dysgalactiae subsp. equisimilis,2,2005
Campylobacter species,2,2005
Pseudomonas putida,2,2005
Salmonella Enteritidis,2,2005
Streptococcus dysgalactiae,2,2005
Peptostreptococcus micros,2,2005
Rhodotorula species,2,2005
Listeria monocytogenes,2,2005
Cryptococcus neoformans,2,2005
Pediococcus species,2,2005
Corynebacterium propinquum,1,2005
Acinetobacter haemolyticus,1,2005
"Streptococcus, group F",1,2005
Fusobacterium necrophorum,1,2005
"Mycobacterium, non-TB",1,2005
Lactobacillus,1,2005
Bacteroides eggerthii,1,2005
Proteus penneri,1,2005
Streptococcus oralis,1,2005
Streptococcus mutans,1,2005
Actinomyces turicensis,1,2005
Staphylococcus cohnii,1,2005
Raoultella ornithinolytica,1,2005
Burkholderia pseudomallei,1,2005
"Beta-haemolytic streptococcus, non-Group A, non-Group B",1,2005
Granulicatella adiacens,1,2005
Trichosporon cutaneum,1,2005
Dermabacter hominis,1,2005
Staphylococcus saprophyticus,1,2005
Lactobacillus acidophilus,1,2005
Pasteurella multocida,1,2005
Clostridium hastiforme,1,2005
Prevotella oralis,1,2005
Chromobacterium species,1,2005
Eikenella corrodens,1,2005
Bifidobacterium species,1,2005
Campylobacter gracilis,1,2005
Eubacterium aerofaciens,1,2005
Rothia species,1,2005
Mycobacterium kansasii,1,2005
Rhodococcus species,1,2005
Peptococcus niger,1,2005
Staphylococcus warneri,1,2005
Staphylococcus auricularis,1,2005
Staphylococcus hominis,1,2005
Enterococcus hirae,1,2005
Enterococcus casseliflavus,1,2005
Salmonella group Q,1,2005
Rhodotorula rubra,1,2005
Saccharomyces cerevisiae,1,2005
Salmonella group G,1,2005
Aggregatibacter aphrophilus,1,2005
Staphylococcus xylosus,1,2005
Ralstonia mannitolilytica,1,2005
Anaerobic diphtheroids,1,2005
Ochrobactrum anthropi,1,2005
Absidia corymbifera,1,2005
Enterococcus avium,1,2005
Morganella species,1,2005
Comamonas species,1,2005
Trichoderma species,1,2005
Nocardia species,1,2005
Hafnia alvei,1,2005
Salmonella group C,1,2005
Eubacterium species,1,2005
Capnocytophaga species,1,2005
Clostridium butyricum,1,2005
Delftia acidovorans,1,2005
Salmonella Paratyphi A,1,2005
Aeromonas caviae,1,2005
Chryseobacterium species,1,2005
Pluralibacter gergoviae,1,2005
Gardnerella vaginalis,1,2005
Plesiomonas shigelloides,1,2005
Candida dubliniensis,1,2005
Streptococcus sanguinis,1,2005
Corynebacterium xerosis,1,2005
Sphingomonas species,1,2005
Eubacterium limosum,1,2005
Escherichia coli,1502,2006
Candida albicans,1272,2006
Pseudomonas aeruginosa,1179,2006
Methicillin resistant Staphylococcus aureus,1064,2006
"Staphylococcus, coagulase negative",936,2006
Klebsiella species,639,2006
Enterococcus species,622,2006
Stenotrophomonas maltophilia,425,2006
Yeast,382,2006
Acinetobacter species,377,2006
Staphylococcus aureus,310,2006
Candida species,296,2006
Klebsiella pneumoniae,256,2006
Enterobacter species,212,2006
Coliform bacteria,161,2006
Diphtheroids,121,2006
Bacillus species,106,2006
Gram-negative bacilli,90,2006
Candida tropicalis,88,2006
Mycobacterium tuberculosis,87,2006
Proteus species,79,2006
Bacteroides species,68,2006
Non-haemolytic streptococcus,67,2006
Alpha-haemolytic streptococcus,64,2006
Staphylococcus species,63,2006
Streptococcus milleri group,62,2006
Citrobacter species,61,2006
Enterococcus faecalis,60,2006
Mycobacterium species,60,2006
Pseudomonas species,57,2006
Corynebacterium striatum,54,2006
Streptococcus pneumoniae,51,2006
Proteus mirabilis,50,2006
Morganella morganii,50,2006
Burkholderia cepacia,49,2006
Candida glabrata,44,2006
Enterobacter cloacae,43,2006
Haemophilus influenzae,43,2006
Citrobacter freundii,40,2006
Streptococcus agalactiae,38,2006
Bacteroides fragilis,35,2006
Serratia species,32,2006
Bacteroides fragilis group,32,2006
Klebsiella aerogenes,30,2006
Anaerobic Gram-positive cocci,30,2006
Elizabethkingia meningoseptica,29,2006
Enterococcus faecium,29,2006
Clostridium perfringens,28,2006
Vibrio vulnificus,28,2006
Acinetobacter baumannii,27,2006
Corynebacterium species,26,2006
Anaerobic Gram-positive bacilli,24,2006
Candida parapsilosis,23,2006
Streptococcus constellatus,21,2006
Staphylococcus epidermidis,21,2006
Aeromonas hydrophila,20,2006
Streptococcus pyogenes,20,2006
Achromobacter xylosoxidans,19,2006
Lactobacillus species,18,2006
Salmonella Enteritidis,18,2006
Neisseria species,17,2006
Streptococcus species,17,2006
Serratia marcescens,17,2006
Prevotella species,16,2006
Peptostreptococcus species,16,2006
Proteus vulgaris,15,2006
Flavobacterium species,15,2006
Providencia species,12,2006
"Streptococcus, group G",12,2006
Aeromonas species,11,2006
Klebsiella oxytoca,10,2006
Aspergillus species,10,2006
Propionibacterium species,9,2006
Talaromyces marneffei,9,2006
Corynebacterium amycolatum,9,2006
Prevotella melaninogenica,9,2006
Corynebacterium jeikeium,9,2006
Streptococcus anginosus,9,2006
Streptococcus oralis,9,2006
Veillonella species,8,2006
Moraxella catarrhalis,8,2006
Enterococcus avium,7,2006
"Mycobacterium, non-TB",7,2006
Micrococcus species,7,2006
Enterococcus casseliflavus,7,2006
Chryseobacterium indologenes,7,2006
Citrobacter koseri,6,2006
Beta-haemolytic streptococcus,6,2006
Aspergillus fumigatus,6,2006
"Streptococcus, viridans group",6,2006
Rothia mucilaginosa,6,2006
Streptococcus salivarius,6,2006
Streptococcus bovis group,6,2006
Fusobacterium species,6,2006
Eggerthella lenta,6,2006
Clostridium species,5,2006
Alcaligenes species,5,2006
Trichosporon species,5,2006
Trichosporon mucoides,5,2006
Cryptococcus neoformans,5,2006
"Streptococcus, group D",4,2006
Arcanobacterium haemolyticum,4,2006
Mycoplasma species,4,2006
Cutibacterium acnes,4,2006
Streptococcus dysgalactiae subsp. equisimilis,4,2006
Clostridioides difficile,4,2006
Chryseobacterium species,4,2006
Leuconostoc species,3,2006
Anaerobic bacteria,3,2006
Mycobacterium tuberculosis complex,3,2006
Aeromonas caviae,3,2006
Mycobacterium chelonae,3,2006
"Streptococcus, group C",3,2006
Pantoea species,3,2006
Peptostreptococcus micros,3,2006
Acinetobacter calcoaceticus-Acinetobacter baumannii complex,3,2006
Streptococcus mitis,3,2006
Gardnerella vaginalis,3,2006
Sphingomonas paucimobilis,3,2006
Enterococcus gallinarum,3,2006
Bacillus cereus,3,2006
Staphylococcus haemolyticus,3,2006
Salmonella group C,3,2006
Mycobacterium kansasii,3,2006
Salmonella group B,2,2006
Rothia species,2,2006
Alcaligenes faecalis,2,2006
Fusarium species,2,2006
Prevotella loescheii,2,2006
Candida famata,2,2006
Staphylococcus capitis,2,2006
Providencia stuartii,2,2006
Mycobacterium avium complex,2,2006
Salmonella group D,2,2006
Vibrio parahaemolyticus,2,2006
Acid-fast bacillus,2,2006
Malassezia species,2,2006
Haemophilus paraphrophilus,2,2006
Bacteroides caccae,2,2006
Staphylococcus lugdunensis,2,2006
Pichia kudriavzevii,2,2006
Prevotella bivia,2,2006
Aspergillus flavus,2,2006
Neisseria gonorrhoeae,2,2006
Aeromonas sobria,2,2006
Candida dubliniensis,2,2006
Bacteroides stercoris,1,2006
Malassezia furfur,1,2006
Eubacterium species,1,2006
Anaerobic Gram-negative bacilli,1,2006
Clostridium paraputrificum,1,2006
Candida guilliermondii,1,2006
Shewanella species,1,2006
Shewanella putrefaciens,1,2006
Salmonella species,1,2006
Pluralibacter gergoviae,1,2006
Streptococcus gallolyticus subspecies pasteurianus,1,2006
Prevotella buccae,1,2006
Moraxella species,1,2006
Streptococcus alactolyticus,1,2006
Streptococcus intermedius,1,2006
Trichosporon asahii,1,2006
Trichophyton rubrum,1,2006
Clostridium ramosum,1,2006
Mucor species,1,2006
Staphylococcus chromogenes,1,2006
Prevotella denticola,1,2006
Enterobacter asburiae,1,2006
Streptococcus suis,1,2006
Rhodotorula rubra,1,2006
Anaerobic Gram-negative cocci,1,2006
Enterocloster clostridioformis,1,2006
Prevotella corporis,1,2006
Campylobacter gracilis,1,2006
Pasteurella species,1,2006
Ralstonia picketti,1,2006
Prevotella veroralis,1,2006
Salmonella group E,1,2006
Aerococcus viridans,1,2006
Gemella species,1,2006
Actinomyces turicensis,1,2006
Bacteroides thetaiotaomicron,1,2006
Bacteroides eggerthii,1,2006
Pseudomonas fluorescens,1,2006
Providencia rettgeri,1,2006
Parabacteroides distasonis,1,2006
Prevotella oralis,1,2006
Escherichia hermannii,1,2006
Mycobacterium terrae complex,1,2006
Aerococcus species,1,2006
Haemophilus parainfluenzae,1,2006
Plesiomonas shigelloides,1,2006
Salmonella Typhi,1,2006
Corynebacterium urealyticum,1,2006
Streptococcus sanguinis,1,2006
Klebsiella pneumoniae subsp. Ozaenae,1,2006
Corynebacterium xerosis,1,2006
Non-fermentative Gram-negative bacilli,1,2006
Campylobacter jejuni,1,2006
Comamonas species,1,2006
Pseudomonas stutzeri,1,2006
Citrobacter braakii,1,2006
Bifidobacterium species,1,2006
Mycoplasma hominis,1,2006
Candida lipolytica,1,2006
Penicillium species,1,2006
Absidia species,1,2006
Escherichia coli,1577,2007
Pseudomonas aeruginosa,1239,2007
Candida albicans,1199,2007
Methicillin resistant Staphylococcus aureus,790,2007
Enterococcus species,695,2007
"Staphylococcus, coagulase negative",637,2007
Klebsiella species,601,2007
Stenotrophomonas maltophilia,497,2007
Acinetobacter species,417,2007
Yeast,355,2007
Candida species,314,2007
Staphylococcus aureus,266,2007
Klebsiella pneumoniae,233,2007
Enterobacter species,197,2007
Coliform bacteria,196,2007
Mycobacterium tuberculosis,117,2007
Diphtheroids,99,2007
Streptococcus milleri group,98,2007
Staphylococcus epidermidis,96,2007
Morganella morganii,89,2007
Proteus mirabilis,88,2007
Bacillus species,88,2007
Candida glabrata,87,2007
Candida tropicalis,85,2007
Alpha-haemolytic streptococcus,78,2007
Gram-negative bacilli,75,2007
Pseudomonas species,74,2007
Acinetobacter baumannii,71,2007
Mycobacterium species,68,2007
Bacteroides species,66,2007
Proteus species,65,2007
Non-haemolytic streptococcus,55,2007
Candida parapsilosis,54,2007
Enterococcus faecium,53,2007
Enterobacter cloacae,52,2007
Klebsiella aerogenes,51,2007
Enterococcus faecalis,47,2007
Citrobacter species,47,2007
Bacteroides fragilis,46,2007
Serratia species,42,2007
Staphylococcus species,40,2007
Streptococcus pneumoniae,38,2007
Streptococcus agalactiae,38,2007
Burkholderia cepacia,36,2007
Serratia marcescens,36,2007
"Streptococcus, group G",33,2007
Haemophilus influenzae,32,2007
Corynebacterium striatum,30,2007
Aspergillus fumigatus,30,2007
Elizabethkingia meningoseptica,28,2007
Neisseria species,27,2007
Anaerobic Gram-positive cocci,25,2007
Vibrio vulnificus,22,2007
Bacteroides fragilis group,22,2007
Clostridium perfringens,19,2007
Lactobacillus species,18,2007
Streptococcus species,17,2007
Rothia mucilaginosa,15,2007
Cryptococcus neoformans,14,2007
Fusobacterium species,14,2007
Klebsiella oxytoca,14,2007
Peptostreptococcus species,14,2007
Streptococcus constellatus,14,2007
Beta-haemolytic streptococcus,13,2007
Aeromonas hydrophila,13,2007
Mycoplasma species,13,2007
Pichia kudriavzevii,12,2007
Providencia species,12,2007
Aeromonas species,12,2007
Aspergillus species,11,2007
Sphingomonas paucimobilis,11,2007
Clostridium species,10,2007
Streptococcus bovis group,10,2007
Citrobacter freundii,10,2007
"Streptococcus, group C",9,2007
Streptococcus pyogenes,9,2007
Pseudomonas stutzeri,9,2007
Corynebacterium species,9,2007
Salmonella group D,9,2007
Achromobacter xylosoxidans,9,2007
Streptococcus anginosus,9,2007
Aeromonas caviae,8,2007
Proteus vulgaris,8,2007
Staphylococcus capitis,8,2007
Flavobacterium species,8,2007
Chryseobacterium indologenes,8,2007
Anaerobic Gram-positive bacilli,8,2007
Propionibacterium species,8,2007
Veillonella species,8,2007
Micrococcus species,7,2007
Acremonium species,7,2007
"Streptococcus, viridans group",7,2007
Mycobacterium avium complex,7,2007
Moraxella catarrhalis,7,2007
Streptococcus mitis,7,2007
Prevotella species,7,2007
Staphylococcus haemolyticus,7,2007
Providencia stuartii,7,2007
Staphylococcus lugdunensis,6,2007
Actinomyces meyeri,6,2007
Staphylococcus hominis,6,2007
Rhizopus arrhizus,6,2007
Cutibacterium acnes,6,2007
Achromobacter species,6,2007
Mycoplasma hominis,5,2007
Fusarium species,5,2007
Clostridioides difficile,5,2007
Salmonella Enteritidis,5,2007
Trichosporon species,5,2007
Gardnerella vaginalis,5,2007
Listeria monocytogenes,5,2007
Bacillus cereus,4,2007
Streptococcus salivarius,4,2007
Rhizopus species,4,2007
Pseudomonas fluorescens,4,2007
Enterococcus casseliflavus,4,2007
Corynebacterium jeikeium,4,2007
Leuconostoc species,4,2007
"Streptococcus, group D",4,2007
Mycobacterium tuberculosis complex,3,2007
Prevotella loescheii,3,2007
Anaerobic bacteria,3,2007
Pasteurella multocida,3,2007
Actinomyces turicensis,3,2007
Salmonella Typhi,3,2007
Ralstonia mannitolilytica,3,2007
Mycobacterium chelonae,3,2007
Streptococcus oralis,3,2007
Streptococcus sanguinis,3,2007
Enterococcus gallinarum,3,2007
Haemophilus parainfluenzae,3,2007
Gemella species,3,2007
Gram-positive bacilli,3,2007
Plesiomonas shigelloides,2,2007
Acinetobacter calcoaceticus-Acinetobacter baumannii complex,2,2007
Mycobacterium fortuitum,2,2007
Geotrichum species,2,2007
Nocardia species,2,2007
Prevotella melaninogenica,2,2007
Salmonella group C1,2,2007
Nutritionally Variant Streptococcus,2,2007
Citrobacter koseri,2,2007
Parabacteroides distasonis,2,2007
Anaerobic diphtheroids,2,2007
Haemophilus species,2,2007
Klebsiella pneumoniae subsp. Ozaenae,2,2007
Alcaligenes species,2,2007
Capnocytophaga species,2,2007
Arcanobacterium haemolyticum,2,2007
Staphylococcus caprae,2,2007
Haemophilus parahaemolyticus,2,2007
Kluyvera species,1,2007
Brevundimonas diminuta,1,2007
Microbacterium species,1,2007
Aspergillus niger,1,2007
Cronobacter sakazakii,1,2007
Candida lusitaniae,1,2007
Kodamaea ohmeri,1,2007
Trichosporon asahii,1,2007
Prevotella buccae,1,2007
Candida rugosa,1,2007
Aerococcus viridans,1,2007
Prevotella denticola,1,2007
Mucor species,1,2007
Prevotella intermedia,1,2007
Prevotella corporis,1,2007
Ochrobactrum anthropi,1,2007
Actinomyces species,1,2007
Prevotella bivia,1,2007
Edwardsiella tarda,1,2007
Rothia species,1,2007
Bifidobacterium species,1,2007
Corynebacterium tuberculostearicum,1,2007
"Beta-haemolytic streptococcus, non-Group A, non-Group B",1,2007
Salmonella group E,1,2007
Streptococcus dysgalactiae subsp. equisimilis,1,2007
Streptococcus mitis group,1,2007
Ralstonia picketti,1,2007
Pantoea agglomerans,1,2007
Haemophilus haemolyticus,1,2007
Penicillium species,1,2007
Citrobacter braakii,1,2007
Bacteroides stercoris,1,2007
"Streptococcus, group F",1,2007
Aspergillus flavus,1,2007
Pseudomonas oryzihabitans,1,2007
Non-fermentative Gram-negative bacilli,1,2007
Candida dubliniensis,1,2007
Enterococcus cecorum,1,2007
Acinetobacter parvus,1,2007
Chryseobacterium species,1,2007
Enterococcus avium,1,2007
Corynebacterium resistens,1,2007
Clostridium histolyticum,1,2007
Candida famata,1,2007
Kytococcus sedentarius,1,2007
Streptococcus dysgalactiae,1,2007
Alcaligenes faecalis,1,2007
Moraxella species,1,2007
Eikenella corrodens,1,2007
Clostridium septicum,1,2007
Trichophyton rubrum,1,2007
Streptococcus intermedius,1,2007
Salmonella group B,1,2007
Bacteroides vulgatus,1,2007
Escherichia coli,1841,2008
Candida albicans,1448,2008
Pseudomonas aeruginosa,1414,2008
"Staphylococcus, coagulase negative",862,2008
Klebsiella species,860,2008
Methicillin resistant Staphylococcus aureus,821,2008
Enterococcus species,785,2008
Acinetobacter species,618,2008
Stenotrophomonas maltophilia,476,2008
Candida species,344,2008
Klebsiella pneumoniae,335,2008
Staphylococcus aureus,332,2008
Yeast,282,2008
Enterobacter species,224,2008
Alpha-haemolytic streptococcus,167,2008
Diphtheroids,156,2008
Candida tropicalis,151,2008
Proteus species,111,2008
Proteus mirabilis,108,2008
Bacillus species,106,2008
Coliform bacteria,97,2008
Burkholderia cepacia,96,2008
Enterococcus faecalis,91,2008
Acinetobacter baumannii,86,2008
Acinetobacter calcoaceticus-Acinetobacter baumannii complex,85,2008
Bacteroides species,85,2008
Morganella morganii,70,2008
Neisseria species,69,2008
Candida glabrata,67,2008
Citrobacter species,66,2008
Streptococcus milleri group,60,2008
Bacteroides fragilis group,56,2008
Mycobacterium tuberculosis,51,2008
Serratia species,50,2008
Non-haemolytic streptococcus,48,2008
Streptococcus agalactiae,46,2008
Staphylococcus epidermidis,44,2008
Corynebacterium striatum,44,2008
"Streptococcus, group G",44,2008
Enterococcus faecium,43,2008
Klebsiella aerogenes,39,2008
Pseudomonas species,39,2008
Rothia mucilaginosa,36,2008
Mycobacterium species,35,2008
Enterobacter cloacae,35,2008
Haemophilus influenzae,35,2008
Streptococcus pneumoniae,35,2008
Vibrio vulnificus,32,2008
Streptococcus pyogenes,31,2008
Candida parapsilosis,31,2008
Bacteroides fragilis,31,2008
Providencia species,30,2008
Clostridium perfringens,28,2008
Aeromonas species,26,2008
Corynebacterium species,23,2008
Anaerobic Gram-positive cocci,23,2008
Gram-negative bacilli,22,2008
Pichia kudriavzevii,22,2008
Salmonella group D,21,2008
Klebsiella oxytoca,20,2008
Citrobacter freundii,20,2008
Peptostreptococcus species,20,2008
"Streptococcus, viridans group",20,2008
Lactobacillus species,19,2008
Elizabethkingia meningoseptica,18,2008
Clostridioides difficile,17,2008
Aspergillus species,16,2008
Streptococcus constellatus,15,2008
Serratia marcescens,15,2008
Achromobacter xylosoxidans,14,2008
Aeromonas hydrophila,13,2008
Enterococcus avium,13,2008
Clostridium species,12,2008
Streptococcus species,12,2008
Mycobacterium fortuitum,12,2008
Corynebacterium jeikeium,12,2008
Talaromyces marneffei,11,2008
Bacillus cereus,10,2008
Citrobacter koseri,10,2008
Haemophilus parainfluenzae,9,2008
Prevotella species,9,2008
Streptococcus anginosus,9,2008
Salmonella Typhi,9,2008
Acinetobacter lwoffii,8,2008
Proteus vulgaris,8,2008
Fusobacterium species,8,2008
Moraxella catarrhalis,7,2008
Lactobacillus,7,2008
Micrococcus species,7,2008
Streptococcus intermedius,7,2008
Anaerobic Gram-positive bacilli,7,2008
Streptococcus sanguinis,6,2008
"Streptococcus, group D",6,2008
Anaerobic bacteria,6,2008
Moraxella species,6,2008
Sphingomonas paucimobilis,6,2008
Propionibacterium species,6,2008
Providencia stuartii,6,2008
Staphylococcus haemolyticus,6,2008
Candida guilliermondii,6,2008
Cutibacterium acnes,5,2008
Eikenella corrodens,5,2008
Aspergillus fumigatus,5,2008
Prevotella bivia,5,2008
"Mycobacterium, non-TB",5,2008
Shewanella algae,5,2008
Streptococcus bovis group,5,2008
Aeromonas sobria,5,2008
Flavobacterium species,5,2008
Beta-haemolytic streptococcus,5,2008
Saccharomyces cerevisiae,5,2008
Chryseobacterium indologenes,5,2008
Veillonella species,5,2008
Enterococcus gallinarum,5,2008
Streptococcus mitis group,4,2008
Aggregatibacter actinomycetemcomitans,4,2008
Achromobacter species,4,2008
Staphylococcus capitis,4,2008
Haemophilus parahaemolyticus,4,2008
Candida lusitaniae,4,2008
Bacteroides thetaiotaomicron,4,2008
Staphylococcus hominis,4,2008
Rhizopus species,4,2008
Pseudomonas putida,4,2008
Scedosporium apiospermum,4,2008
Mould,4,2008
Fusarium species,4,2008
Trichosporon species,4,2008
Peptococcus species,4,2008
Alcaligenes species,3,2008
Nocardia beijingensis,3,2008
Klebsiella pneumoniae subsp. Ozaenae,3,2008
Pluralibacter gergoviae,3,2008
Staphylococcus species,3,2008
Streptococcus salivarius,3,2008
Campylobacter fetus,3,2008
Salmonella group B,3,2008
Mycoplasma hominis,3,2008
Penicillium species,3,2008
Rhodotorula species,2,2008
Burkholderia pseudomallei,2,2008
Exophiala dermatitidis,2,2008
Lactococcus garvieae,2,2008
Non-fermentative Gram-negative bacilli,2,2008
Mycobacterium chelonae,2,2008
Mycobacterium kansasii,2,2008
Cryptococcus neoformans,2,2008
Enterococcus casseliflavus,2,2008
Ralstonia picketti,2,2008
Staphylococcus lugdunensis,2,2008
Edwardsiella tarda,2,2008
Actinomyces odontolyticus,2,2008
Pantoea agglomerans,2,2008
Bacteroides uniformis,2,2008
Streptococcus oralis,2,2008
Leuconostoc species,2,2008
Streptococcus dysgalactiae,2,2008
Mycobacterium avium complex,2,2008
Gardnerella vaginalis,2,2008
Prevotella intermedia,2,2008
Salmonella group E,2,2008
Prevotella melaninogenica,2,2008
"Streptococcus, group C",2,2008
Salmonella group C,2,2008
Granulicatella adiacens,2,2008
Acinetobacter haemolyticus,2,2008
Bifidobacterium species,2,2008
Shewanella putrefaciens,2,2008
Kluyvera species,2,2008
Chryseobacterium species,1,2008
Oligella urethralis,1,2008
Clostridium innocuum,1,2008
Streptococcus dysgalactiae subsp. equisimilis,1,2008
Parabacteroides distasonis,1,2008
Clostridium ramosum,1,2008
Cronobacter sakazakii,1,2008
Clostridium tertium,1,2008
Paecilomyces species,1,2008
Clostridium bifermentans,1,2008
Prototheca species,1,2008
Neisseria subflava,1,2008
Salmonella group Q,1,2008
Aeromonas caviae,1,2008
Trichophyton mentagrophytes,1,2008
Tsukamurella species,1,2008
Comamonas testosteroni,1,2008
Rhodotorula rubra,1,2008
Desulfovibrio species,1,2008
Delftia acidovorans,1,2008
Eggerthella lenta,1,2008
Gemella species,1,2008
Pseudomonas stutzeri,1,2008
Listeria monocytogenes,1,2008
Lactobacillus fermentum,1,2008
Moraxella osloensis,1,2008
Actinomyces neuii ss neuii,1,2008
Legionella pneumophila,1,2008
Providencia rettgeri,1,2008
Plesiomonas shigelloides,1,2008
Haemophilus paraphrophilus,1,2008
Citrobacter amalonaticus,1,2008
Acinetobacter junii,1,2008
Salmonella Enteritidis,1,2008
Streptococcus mitis,1,2008
Mycobacterium gordonae,1,2008
Peptostreptococcus micros,1,2008
Proteus penneri,1,2008
Anaerobic Gram-negative bacilli,1,2008
Staphylococcus warneri,1,2008
Corynebacterium urealyticum,1,2008
Streptococcus dysgalactiae subsp. dysgalactiae,1,2008
Mobiluncus species,1,2008
Nocardia species,1,2008
Nocardia asiatica,1,2008
Rhizobium radiobacter,1,2008
Clostridium paraputrificum,1,2008
Bacteroides caccae,1,2008
Cupriavidus pauculus,1,2008
Peptostreptococcus asaccharolyticus,1,2008
Escherichia coli,1054,2009
Candida albicans,665,2009
Pseudomonas aeruginosa,472,2009
Klebsiella species,388,2009
Acinetobacter species,362,2009
Enterococcus species,358,2009
Methicillin resistant Staphylococcus aureus,291,2009
"Staphylococcus, coagulase negative",287,2009
Yeast,195,2009
Stenotrophomonas maltophilia,174,2009
Staphylococcus aureus,160,2009
Klebsiella pneumoniae,146,2009
Coliform bacteria,85,2009
Candida species,85,2009
Enterobacter species,78,2009
Mycobacterium tuberculosis,74,2009
Bacillus species,54,2009
Proteus mirabilis,51,2009
Morganella morganii,47,2009
Diphtheroids,45,2009
Bacteroides species,38,2009
Gram-negative bacilli,35,2009
Candida parapsilosis,34,2009
Streptococcus milleri group,33,2009
Proteus species,33,2009
Citrobacter species,32,2009
Corynebacterium striatum,30,2009
Non-haemolytic streptococcus,28,2009
Bacteroides fragilis,27,2009
Streptococcus agalactiae,27,2009
Candida glabrata,26,2009
Candida tropicalis,26,2009
Enterococcus faecalis,24,2009
Anaerobic Gram-positive cocci,21,2009
Aeromonas species,21,2009
Acinetobacter baumannii,20,2009
Klebsiella aerogenes,19,2009
Acinetobacter calcoaceticus-Acinetobacter baumannii complex,19,2009
Staphylococcus species,18,2009
Burkholderia cepacia,17,2009
Clostridium perfringens,16,2009
Pseudomonas species,16,2009
"Streptococcus, group G",16,2009
Enterococcus faecium,16,2009
Anaerobic Gram-positive bacilli,15,2009
Vibrio vulnificus,14,2009
Staphylococcus epidermidis,14,2009
Haemophilus influenzae,13,2009
Serratia species,13,2009
Enterobacter cloacae,13,2009
Streptococcus pneumoniae,12,2009
Streptococcus species,12,2009
Pichia kudriavzevii,12,2009
Aspergillus fumigatus,11,2009
Streptococcus pyogenes,11,2009
Anaerobic Gram-negative bacilli,11,2009
Prevotella melaninogenica,10,2009
Peptostreptococcus species,9,2009
Proteus vulgaris,8,2009
Klebsiella oxytoca,8,2009
Clostridium species,8,2009
Streptococcus constellatus,8,2009
Salmonella Typhi,8,2009
Salmonella Enteritidis,7,2009
Micrococcus species,7,2009
Mycobacterium species,7,2009
Aspergillus species,6,2009
Alpha-haemolytic streptococcus,6,2009
Providencia species,6,2009
Corynebacterium jeikeium,6,2009
Achromobacter species,5,2009
Fusobacterium species,5,2009
Citrobacter freundii,5,2009
Trichosporon asahii,5,2009
Achromobacter xylosoxidans,5,2009
Streptococcus anginosus,5,2009
Aeromonas hydrophila,4,2009
Klebsiella pneumoniae subsp. Ozaenae,4,2009
Fusarium species,4,2009
Serratia marcescens,4,2009
Lactobacillus species,4,2009
Ralstonia mannitolilytica,4,2009
Burkholderia pseudomallei,4,2009
Bacteroides fragilis group,4,2009
Streptococcus bovis group,4,2009
Kluyvera species,3,2009
Moraxella catarrhalis,3,2009
Delftia acidovorans,3,2009
Prevotella bivia,3,2009
Veillonella species,3,2009
Propionibacterium species,3,2009
Anaerobic bacteria,3,2009
Bacillus cereus,3,2009
Cutibacterium acnes,3,2009
Enterococcus casseliflavus,3,2009
Clostridioides difficile,3,2009
Providencia stuartii,2,2009
Citrobacter koseri,2,2009
Vibrio fluvialis,2,2009
Prevotella species,2,2009
Clostridium cadaveris,2,2009
Eggerthella lenta,2,2009
Salmonella group B,2,2009
Aerococcus viridans,2,2009
Aeromonas sobria,2,2009
Flavobacterium species,2,2009
Rhizopus species,2,2009
Pseudomonas stutzeri,2,2009
Aeromonas caviae,2,2009
Enterococcus gallinarum,2,2009
Alcaligenes faecalis,2,2009
Streptococcus oralis,2,2009
Corynebacterium urealyticum,2,2009
Providencia rettgeri,1,2009
Streptococcus parasanguinis,1,2009
Streptococcus mutans,1,2009
Bacteroides thetaiotaomicron,1,2009
Enterobacter asburiae,1,2009
Prevotella denticola,1,2009
Malassezia species,1,2009
Listeria monocytogenes,1,2009
Actinomyces turicensis,1,2009
Citrobacter youngae,1,2009
Chryseobacterium indologenes,1,2009
Fusobacterium varium,1,2009
Sphingobacterium species,1,2009
Eikenella corrodens,1,2009
Elizabethkingia meningoseptica,1,2009
Actinomyces species,1,2009
Parabacteroides distasonis,1,2009
Gemella species,1,2009
Leuconostoc species,1,2009
Gardnerella vaginalis,1,2009
Corynebacterium macginleyi,1,2009
Corynebacterium species,1,2009
Staphylococcus haemolyticus,1,2009
"Streptococcus, viridans group",1,2009
Gram-positive cocci,1,2009
Salmonella group E,1,2009
Streptococcus mitis,1,2009
Gemella morbillorum,1,2009
Candida famata,1,2009
Trichophyton species,1,2009
Staphylococcus hominis,1,2009
Prevotella intermedia,1,2009
Pasteurella species,1,2009
Streptococcus intermedius,1,2009
Ralstonia picketti,1,2009
Bifidobacterium species,1,2009
Alcaligenes species,1,2009
Acinetobacter junii,1,2009
Trichophyton rubrum,1,2009
Citrobacter farmeri,1,2009
Trichosporon mucoides,1,2009
Saccharomyces species,1,2009
Streptococcus salivarius,1,2009
Aspergillus flavus,1,2009
Comamonas species,1,2009
Haemophilus parainfluenzae,1,2009
Lactobacillus,1,2009
Kodamaea ohmeri,1,2009
Prevotella oralis,1,2009
Candida guilliermondii,1,2009
Escherichia coli,1943,2012
Candida albicans,1659,2012
Pseudomonas aeruginosa,1297,2012
Klebsiella species,809,2012
Methicillin resistant Staphylococcus aureus,762,2012
"Staphylococcus, coagulase negative",735,2012
Enterococcus species,650,2012
Acinetobacter species,559,2012
Staphylococcus aureus,410,2012
Klebsiella pneumoniae,374,2012
Stenotrophomonas maltophilia,366,2012
Candida species,363,2012
Yeast,316,2012
Acinetobacter baumannii,314,2012
Enterobacter species,258,2012
Diphtheroids,208,2012
Coliform bacteria,145,2012
Proteus mirabilis,142,2012
Candida tropicalis,114,2012
Proteus species,113,2012
Candida parapsilosis,105,2012
Bacteroides fragilis group,99,2012
Enterococcus faecium,96,2012
Bacillus species,96,2012
Candida glabrata,96,2012
Mycobacterium tuberculosis,91,2012
Streptococcus milleri group,86,2012
Alpha-haemolytic streptococcus,81,2012
Enterococcus faecalis,78,2012
Morganella morganii,72,2012
Klebsiella aerogenes,70,2012
Citrobacter species,68,2012
Streptococcus agalactiae,68,2012
Gram-negative bacilli,65,2012
Pseudomonas species,61,2012
Enterobacter cloacae,57,2012
Bacteroides fragilis,57,2012
Serratia species,54,2012
Anaerobic Gram-negative bacilli,47,2012
Aeromonas species,46,2012
Serratia marcescens,44,2012
Corynebacterium striatum,44,2012
Haemophilus influenzae,43,2012
Streptococcus pneumoniae,43,2012
Neisseria species,38,2012
Peptostreptococcus species,38,2012
"Streptococcus, group G",36,2012
Mycobacterium species,36,2012
Non-haemolytic streptococcus,35,2012
Streptococcus pyogenes,35,2012
Clostridioides difficile,32,2012
Clostridium perfringens,32,2012
Corynebacterium species,31,2012
Vibrio vulnificus,29,2012
Streptococcus constellatus,27,2012
Bacteroides species,26,2012
Anaerobic Gram-positive cocci,23,2012
Staphylococcus epidermidis,22,2012
Klebsiella oxytoca,21,2012
Lactobacillus species,21,2012
Streptococcus anginosus,20,2012
Burkholderia cepacia,20,2012
Enterococcus gallinarum,20,2012
Providencia species,19,2012
Aspergillus fumigatus,19,2012
Pichia kudriavzevii,18,2012
"Streptococcus, viridans group",18,2012
Rothia mucilaginosa,18,2012
Prevotella bivia,16,2012
Citrobacter freundii,16,2012
Streptococcus mitis,15,2012
Elizabethkingia meningoseptica,14,2012
Aeromonas hydrophila,13,2012
Achromobacter xylosoxidans,12,2012
Talaromyces marneffei,12,2012
Staphylococcus species,12,2012
Streptococcus species,12,2012
Salmonella group D,11,2012
Micrococcus species,11,2012
Citrobacter koseri,11,2012
Moraxella catarrhalis,10,2012
Staphylococcus haemolyticus,10,2012
Gram-positive cocci,10,2012
Fusobacterium species,9,2012
Mycobacterium abscessus,8,2012
Chryseobacterium indologenes,8,2012
Anaerobic bacteria,8,2012
Anaerobic Gram-positive bacilli,8,2012
Clostridium species,8,2012
Enterococcus avium,8,2012
Mycobacterium avium complex,7,2012
Aspergillus species,7,2012
Candida guilliermondii,7,2012
Aspergillus flavus,7,2012
Salmonella Enteritidis,7,2012
Actinomyces species,7,2012
Acinetobacter calcoaceticus-Acinetobacter baumannii complex,6,2012
Streptococcus mitis group,6,2012
Actinomyces turicensis,6,2012
Proteus vulgaris,6,2012
Staphylococcus lugdunensis,6,2012
Cutibacterium acnes,5,2012
Enterococcus casseliflavus,5,2012
Flavobacterium species,5,2012
Acinetobacter junii,5,2012
Capnocytophaga species,5,2012
Streptococcus oralis,5,2012
Streptococcus bovis group,5,2012
Vibrio parahaemolyticus,4,2012
Mycobacterium kansasii,4,2012
Fusobacterium mortiferum,4,2012
Gemella species,4,2012
Prevotella species,4,2012
Trichophyton rubrum,4,2012
Bacteroides thetaiotaomicron,4,2012
Rhodotorula species,4,2012
Providencia stuartii,4,2012
Trichosporon mucoides,4,2012
Streptococcus gallolyticus subspecies pasteurianus,4,2012
Propionibacterium species,4,2012
Corynebacterium urealyticum,4,2012
Salmonella group B,4,2012
Trichosporon species,4,2012
Haemophilus parainfluenzae,4,2012
Legionella pneumophila serogroup 1,3,2012
Alcaligenes species,3,2012
Streptococcus dysgalactiae subsp. equisimilis,3,2012
Candida lusitaniae,3,2012
Eubacterium species,3,2012
Streptococcus sanguinis,3,2012
Sphingomonas paucimobilis,3,2012
Candida famata,3,2012
Aeromonas caviae,3,2012
Chryseobacterium gleum,3,2012
Achromobacter species,2,2012
Peptostreptococcus anaerobius,2,2012
Prevotella disiens,2,2012
Chaetomium species,2,2012
Bifidobacterium species,2,2012
Moraxella species,2,2012
Dialister micraerophilus,2,2012
Fusarium solani,2,2012
Bacteroides eggerthii,2,2012
Beta-haemolytic streptococcus,2,2012
Dialister pneumosintes,2,2012
Corynebacterium macginleyi,2,2012
Ochrobactrum anthropi,2,2012
Veillonella species,2,2012
Cryptococcus neoformans,2,2012
Corynebacterium jeikeium,2,2012
Staphylococcus capitis,2,2012
Granulicatella adiacens,2,2012
Listeria monocytogenes,2,2012
Salmonella group C,2,2012
Gram-positive bacilli,2,2012
Parabacteroides distasonis,2,2012
Neisseria mucosa,2,2012
Gram-positive coccobacilli,2,2012
"Mycobacterium, non-TB",2,2012
Non-fermentative Gram-negative bacilli,2,2012
Leuconostoc species,2,2012
Streptococcus infantarius subspecies infantarius,2,2012
Actinomyces naeslundii,2,2012
Fusobacterium varium,2,2012
Bacteroides ovatus,1,2012
Shewanella putrefaciens,1,2012
Neisseria meningitidis,1,2012
Eggerthella lenta,1,2012
Plesiomonas shigelloides,1,2012
Trueperella bernardiae,1,2012
Aggregatibacter aphrophilus,1,2012
Delftia acidovorans,1,2012
Pantoea species,1,2012
Enterococcus raffinosus,1,2012
Prevotella loescheii,1,2012
Providencia rettgeri,1,2012
Campylobacter species,1,2012
Citrobacter braakii,1,2012
Clostridium hathewayi,1,2012
Peptostreptococcus micros,1,2012
Sphingobacterium species,1,2012
Citrobacter youngae,1,2012
Megasphaera elsdenii,1,2012
Clostridium bifermentans,1,2012
Pseudomonas otitidis,1,2012
Shewanella species,1,2012
Prevotella intermedia,1,2012
Nocardia species,1,2012
Aeromonas veronii biovar sobria,1,2012
Haemophilus parahaemolyticus,1,2012
Streptococcus dysgalactiae subsp. dysgalactiae,1,2012
Gemella haemolysans,1,2012
Odoribacter splanchnicus,1,2012
"Streptococcus, group D",1,2012
Campylobacter jejuni,1,2012
Alistipes species,1,2012
Propionimicrobium lymphophilum,1,2012
Arcanobacterium haemolyticum,1,2012
Haemophilus haemolyticus,1,2012
Streptococcus parasanguinis,1,2012
Campylobacter jejuni subsp. Jejuni,1,2012
Streptococcus gallolyticus,1,2012
Gram-positive bacteria,1,2012
Chryseobacterium species,1,2012
Staphylococcus warneri,1,2012
Escherichia fergusonii,1,2012
Saccharomyces cerevisiae,1,2012
Staphylococcus lentus,1,2012
Eikenella corrodens,1,2012
Streptococcus salivarius,1,2012
Salmonella group E,1,2012
Propionibacterium granulosum,1,2012
"Vibrio cholerae, non-O1/non-O139",1,2012
Achromobacter denitrificans,1,2012
Comamonas species,1,2012
Pseudomonas fluorescens,1,2012
Malassezia species,1,2012
Trichosporon asahii,1,2012
Gram-positive cocci in clusters,1,2012
Arcanobacterium species,1,2012
Streptococcus lutetiensis,1,2012
Mould,1,2012
Ochrobactrum species,1,2012
Comamonas testosteroni,1,2012
Streptococcus intermedius,1,2012
Escherichia coli,2317,2013
Candida albicans,1592,2013
Pseudomonas aeruginosa,1237,2013
Enterococcus species,956,2013
Klebsiella species,949,2013
Candida species,821,2013
"Staphylococcus, coagulase negative",818,2013
Methicillin resistant Staphylococcus aureus,743,2013
Klebsiella pneumoniae,569,2013
Stenotrophomonas maltophilia,547,2013
Acinetobacter species,491,2013
Staphylococcus aureus,391,2013
Acinetobacter baumannii,378,2013
Enterococcus faecium,252,2013
Enterobacter species,249,2013
Yeast,243,2013
Diphtheroids,236,2013
Alpha-haemolytic streptococcus,181,2013
Candida tropicalis,179,2013
Candida glabrata,142,2013
Proteus species,134,2013
Candida parapsilosis,125,2013
Enterococcus faecalis,119,2013
Proteus mirabilis,113,2013
Bacillus species,113,2013
Citrobacter species,96,2013
Streptococcus milleri group,82,2013
Coliform bacteria,79,2013
Neisseria species,78,2013
Bacteroides fragilis,76,2013
Mycobacterium tuberculosis,75,2013
Klebsiella aerogenes,74,2013
Clostridioides difficile,71,2013
Mycobacterium species,70,2013
Morganella morganii,70,2013
Streptococcus agalactiae,69,2013
Streptococcus pneumoniae,64,2013
Bacteroides fragilis group,62,2013
Pseudomonas species,62,2013
Enterobacter cloacae,60,2013
Non-haemolytic streptococcus,47,2013
Aeromonas species,45,2013
Bacteroides species,43,2013
Gram-negative bacilli,42,2013
Corynebacterium striatum,42,2013
Serratia marcescens,41,2013
Rothia mucilaginosa,40,2013
Clostridium perfringens,39,2013
"Streptococcus, group G",38,2013
Serratia species,36,2013
Anaerobic Gram-negative bacilli,34,2013
Trichosporon species,33,2013
Haemophilus influenzae,33,2013
"Streptococcus, viridans group",30,2013
Vibrio vulnificus,30,2013
Acinetobacter calcoaceticus-Acinetobacter baumannii complex,30,2013
Klebsiella oxytoca,28,2013
Pichia kudriavzevii,28,2013
Staphylococcus epidermidis,26,2013
Streptococcus anginosus,25,2013
Streptococcus pyogenes,25,2013
Aeromonas hydrophila,25,2013
Lactobacillus species,25,2013
Streptococcus constellatus,24,2013
Burkholderia cepacia,23,2013
Citrobacter koseri,22,2013
Aspergillus species,22,2013
Elizabethkingia meningoseptica,22,2013
Aspergillus flavus,21,2013
Streptococcus bovis group,20,2013
Anaerobic Gram-positive cocci,19,2013
Cryptococcus neoformans,19,2013
Chryseobacterium indologenes,18,2013
Salmonella Enteritidis,18,2013
Aspergillus fumigatus,18,2013
Salmonella group D,17,2013
Peptostreptococcus species,16,2013
Corynebacterium jeikeium,16,2013
Streptococcus dysgalactiae subsp. equisimilis,15,2013
Flavobacterium species,15,2013
Enterococcus gallinarum,15,2013
Providencia species,14,2013
Prevotella species,13,2013
Corynebacterium species,13,2013
Staphylococcus capitis,12,2013
Enterococcus avium,12,2013
Eggerthella lenta,12,2013
Peptostreptococcus anaerobius,12,2013
Enterococcus casseliflavus,11,2013
Achromobacter xylosoxidans,11,2013
Streptococcus species,11,2013
Anaerobic Gram-positive bacilli,11,2013
Cutibacterium acnes,11,2013
Citrobacter freundii,10,2013
Candida lusitaniae,10,2013
Streptococcus mitis,10,2013
Haemophilus parainfluenzae,9,2013
Leuconostoc species,9,2013
Burkholderia species,9,2013
Haemophilus parahaemolyticus,8,2013
Micrococcus species,8,2013
Providencia stuartii,8,2013
Moraxella catarrhalis,7,2013
Saccharomyces cerevisiae,7,2013
Veillonella species,7,2013
Sphingomonas paucimobilis,6,2013
Achromobacter species,6,2013
Prevotella bivia,6,2013
Fusobacterium species,6,2013
Clostridium species,6,2013
Salmonella Typhi,6,2013
Mycobacterium avium complex,6,2013
Gleimia europaea,5,2013
Talaromyces marneffei,5,2013
Pseudomonas fluorescens,5,2013
Actinomyces species,5,2013
Aeromonas sobria,5,2013
Gram-positive cocci,5,2013
Rothia species,5,2013
Staphylococcus lugdunensis,5,2013
Anaerobic bacteria,5,2013
Candida guilliermondii,5,2013
Trichosporon asahii,4,2013
Streptococcus gallolyticus subspecies pasteurianus,4,2013
Aeromonas caviae,4,2013
Fusarium species,4,2013
Ochrobactrum anthropi,4,2013
Mould,4,2013
Clostridium tertium,4,2013
Trichophyton rubrum,4,2013
Salmonella group C,4,2013
Staphylococcus species,4,2013
Moraxella species,3,2013
Streptococcus intermedius,3,2013
Ralstonia species,3,2013
Arcanobacterium haemolyticum,3,2013
Bacteroides thetaiotaomicron,3,2013
Parabacteroides distasonis,3,2013
Streptococcus salivarius,3,2013
Streptococcus mitis group,3,2013
Gram-positive bacilli,3,2013
Staphylococcus haemolyticus,3,2013
Propionibacterium species,3,2013
Prevotella buccae,3,2013
Enterococcus raffinosus,2,2013
Bilophila wadsworthia,2,2013
Parvimonas micra,2,2013
Gardnerella vaginalis,2,2013
Prevotella melaninogenica,2,2013
Alcaligenes species,2,2013
Fusobacterium varium,2,2013
Bordetella bronchiseptica,2,2013
Solobacterium moorei,2,2013
Plesiomonas shigelloides,2,2013
Gemella species,2,2013
Finegoldia magna,2,2013
Ochrobactrum species,2,2013
Mycobacterium abscessus,2,2013
Comamonas testosteroni,2,2013
Clostridium ramosum,2,2013
Delftia acidovorans,2,2013
Proteus vulgaris,2,2013
Fusobacterium mortiferum,2,2013
Enterobacter cloacae complex,2,2013
Bacteroides eggerthii,2,2013
Lactobacillus acidophilus,2,2013
Bacteroides vulgatus,2,2013
Scotochromogenic mycobacteria,2,2013
Burkholderia cepacia complex,2,2013
Desulfovibrio species,2,2013
Achromobacter denitrificans,2,2013
Peptostreptococcus micros,2,2013
Listeria monocytogenes,2,2013
Lactobacillus salivarius,1,2013
Streptococcus parasanguinis,1,2013
Lactobacillus fermentum,1,2013
Anaerobic diphtheroids,1,2013
Rapid growing mycobacteria,1,2013
Cryptococcus species,1,2013
Kodamaea ohmeri,1,2013
Brevibacterium species,1,2013
Citrobacter youngae,1,2013
Rhodotorula species,1,2013
Aspergillus terreus,1,2013
Bifidobacterium species,1,2013
Candida dubliniensis,1,2013
Shewanella putrefaciens,1,2013
Bacteroides stercoris,1,2013
Citrobacter braakii,1,2013
Acinetobacter lwoffii,1,2013
Roseomonas species,1,2013
Pantoea species,1,2013
Citrobacter amalonaticus,1,2013
Pseudomonas putida,1,2013
Fusobacterium nucleatum,1,2013
Exophiala species,1,2013
Campylobacter jejuni subsp. Jejuni,1,2013
Kluyveromyces marxianus,1,2013
Dialister species,1,2013
Anaerobic Gram-negative cocci,1,2013
Pseudomonas mendocina,1,2013
Bacteroides ovatus,1,2013
Ralstonia picketti,1,2013
Trichosporon mucoides,1,2013
Shewanella algae,1,2013
Enterococcus durans,1,2013
Lactobacillus gasseri,1,2013
Propionibacterium granulosum,1,2013
Salmonella group B,1,2013
Corynebacterium urealyticum,1,2013
Candida famata,1,2013
Granulicatella adiacens,1,2013
Campylobacter species,1,2013
Providencia rettgeri,1,2013
Vibrio fluvialis,1,2013
Kluyvera species,1,2013
Serratia fonticola,1,2013
Shigella sonnei,1,2013
Campylobacter rectus,1,2013
Mycobacterium fortuitum,1,2013
Peptostreptococcus asaccharolyticus,1,2013
Microbacterium species,1,2013
Corynebacterium xerosis,1,2013
Enterobacter asburiae,1,2013
Malassezia furfur,1,2013
Neisseria gonorrhoeae,1,2013
Porphyromonas endodontalis,1,2013
Micrococcus luteus,1,2013
Clostridium sporogenes,1,2013
Non-fermentative Gram-negative bacilli,1,2013
Prevotella intermedia,1,2013
Enterococcus hirae,1,2013
"Vibrio cholerae, non-O1/non-O139",1,2013
Peptoniphilus species,1,2013
Enterocloster clostridioformis,1,2013
Eikenella corrodens,1,2013
Streptococcus iniae,1,2013
Leptotrichia trevisanii,1,2013
Chromobacterium violaceum,1,2013
Actinomyces radingae,1,2013
Streptococcus oralis,1,2013
Acinetobacter ursingii,1,2013
Eubacterium limosum,1,2013
Candida norvegensis,1,2013
Kocuria kristinae,1,2013
Escherichia coli,3786,2014
Candida albicans,2385,2014
Pseudomonas aeruginosa,2369,2014
Methicillin resistant Staphylococcus aureus,1633,2014
Klebsiella species,1371,2014
Enterococcus species,1361,2014
Candida species,1261,2014
"Staphylococcus, coagulase negative",1157,2014
Acinetobacter species,1104,2014
Stenotrophomonas maltophilia,1003,2014
Klebsiella pneumoniae,839,2014
Staphylococcus aureus,783,2014
Acinetobacter baumannii,667,2014
Enterococcus faecium,571,2014
Enterobacter species,513,2014
Yeast,504,2014
Coliform bacteria,350,2014
Candida glabrata,323,2014
Diphtheroids,310,2014
Candida tropicalis,273,2014
Proteus mirabilis,269,2014
Alpha-haemolytic streptococcus,254,2014
Proteus species,234,2014
Candida parapsilosis,193,2014
Mycobacterium species,185,2014
Mycobacterium tuberculosis,184,2014
Acinetobacter calcoaceticus-Acinetobacter baumannii complex,177,2014
Enterococcus faecalis,177,2014
Gram-negative bacilli,174,2014
Corynebacterium striatum,171,2014
Bacillus species,162,2014
Clostridioides difficile,155,2014
Citrobacter species,145,2014
Streptococcus pneumoniae,131,2014
Morganella morganii,130,2014
Neisseria species,127,2014
Streptococcus agalactiae,120,2014
Streptococcus pyogenes,119,2014
Streptococcus milleri group,112,2014
Haemophilus influenzae,95,2014
Aeromonas species,83,2014
Bacteroides fragilis group,82,2014
Anaerobic Gram-negative bacilli,80,2014
Bacteroides fragilis,75,2014
Enterobacter cloacae,72,2014
Pseudomonas species,71,2014
Non-haemolytic streptococcus,71,2014
Burkholderia species,69,2014
Lactobacillus species,69,2014
Staphylococcus epidermidis,66,2014
"Streptococcus, viridans group",64,2014
Rothia mucilaginosa,63,2014
Klebsiella aerogenes,63,2014
Clostridium perfringens,58,2014
Serratia species,57,2014
Pichia kudriavzevii,51,2014
Streptococcus constellatus,50,2014
Bacteroides species,47,2014
"Streptococcus, group G",43,2014
Serratia marcescens,42,2014
Salmonella group D,39,2014
Anaerobic Gram-positive cocci,36,2014
Trichosporon species,34,2014
Burkholderia cepacia,34,2014
Aspergillus fumigatus,34,2014
Aspergillus species,32,2014
Klebsiella oxytoca,32,2014
Flavobacterium species,31,2014
Streptococcus species,30,2014
Streptococcus anginosus,27,2014
Chryseobacterium indologenes,26,2014
Staphylococcus species,24,2014
Corynebacterium species,23,2014
Enterococcus gallinarum,23,2014
Vibrio vulnificus,22,2014
Anaerobic Gram-positive bacilli,22,2014
Micrococcus species,21,2014
Moraxella catarrhalis,21,2014
Achromobacter species,20,2014
Peptostreptococcus species,20,2014
Citrobacter koseri,20,2014
Mycobacterium abscessus,18,2014
Candida lusitaniae,17,2014
Streptococcus bovis group,17,2014
Cryptococcus neoformans,17,2014
Enterococcus avium,16,2014
Aspergillus flavus,16,2014
Aspergillus niger,16,2014
Providencia species,16,2014
Gram-positive bacilli,16,2014
Streptococcus mitis group,16,2014
Streptococcus intermedius,15,2014
Eggerthella lenta,15,2014
Elizabethkingia meningoseptica,14,2014
Staphylococcus capitis,14,2014
Enterobacter cloacae complex,13,2014
Mycobacterium chelonae,13,2014
Clostridium species,13,2014
Sphingomonas paucimobilis,13,2014
Bacteroides thetaiotaomicron,13,2014
Citrobacter freundii,13,2014
Proteus vulgaris,12,2014
Aeromonas caviae,12,2014
Salmonella Enteritidis,11,2014
Streptococcus dysgalactiae subsp. equisimilis,11,2014
Staphylococcus haemolyticus,11,2014
Providencia stuartii,11,2014
Streptococcus mitis,11,2014
Candida guilliermondii,11,2014
Enterococcus casseliflavus,11,2014
Prevotella species,10,2014
Anaerobic Gram-negative cocci,10,2014
Trichosporon asahii,10,2014
Corynebacterium urealyticum,10,2014
Salmonella group B,10,2014
Aeromonas hydrophila,10,2014
Actinomyces species,9,2014
Fusobacterium species,9,2014
Cutibacterium acnes,9,2014
Trichophyton rubrum,9,2014
Prevotella bivia,9,2014
Streptococcus salivarius,8,2014
Talaromyces marneffei,8,2014
Mycobacterium avium complex,8,2014
Haemophilus parainfluenzae,8,2014
Parvimonas micra,7,2014
Streptococcus oralis,7,2014
Vibrio parahaemolyticus,7,2014
Anaerobic bacteria,7,2014
Saccharomyces cerevisiae,7,2014
Achromobacter xylosoxidans,7,2014
Gram-positive cocci,7,2014
Leuconostoc species,7,2014
Ralstonia mannitolilytica,6,2014
Mycobacterium kansasii,6,2014
Non-fermentative Gram-negative bacilli,6,2014
Streptococcus dysgalactiae,6,2014
Enterococcus raffinosus,6,2014
Salmonella group C,6,2014
Streptococcus gallolyticus subspecies pasteurianus,6,2014
Arcanobacterium haemolyticum,6,2014
Corynebacterium jeikeium,6,2014
Rapid growing mycobacteria,6,2014
Eikenella corrodens,5,2014
Micrococcus luteus,5,2014
Aspergillus terreus,5,2014
Staphylococcus lugdunensis,5,2014
Shewanella algae,5,2014
Corynebacterium minutissimum,5,2014
Aeromonas sobria,5,2014
Moraxella species,5,2014
Citrobacter braakii,4,2014
Burkholderia cepacia complex,4,2014
Streptococcus parasanguinis,4,2014
Arcanobacterium species,4,2014
Sphingomonas species,4,2014
Mould,4,2014
Gemella species,4,2014
Rhizobium radiobacter,4,2014
Malassezia pachydermatis,4,2014
Streptococcus sanguinis,4,2014
Pseudomonas putida,4,2014
Eubacterium species,4,2014
Fusobacterium varium,4,2014
Salmonella Typhi,4,2014
Raoultella planticola,4,2014
Absidia species,4,2014
Peptostreptococcus anaerobius,4,2014
Pediococcus species,3,2014
Legionella pneumophila,3,2014
Staphylococcus warneri,3,2014
Candida famata,3,2014
Aeromonas veronii biovar sobria,3,2014
Campylobacter fetus,3,2014
"Mycobacterium, non-TB",3,2014
Kluyveromyces marxianus,3,2014
Aeromonas veronii,3,2014
Proteus penneri,3,2014
Clostridium tertium,3,2014
Malassezia furfur,3,2014
Absidia corymbifera,3,2014
Candida dubliniensis,3,2014
Helcococcus kunzii,3,2014
Bacteroides caccae,3,2014
Veillonella species,3,2014
Rhodotorula species,3,2014
Cupriavidus species,3,2014
Slackia exigua,3,2014
Rothia species,3,2014
Salmonella typhimurium,3,2014
Streptococcus gordonii,3,2014
Mycobacterium tuberculosis complex,3,2014
Bacteroides vulgatus,3,2014
Haemophilus parahaemolyticus,3,2014
Salmonella group E,2,2014
Abiotrophia defectiva,2,2014
Parabacteroides distasonis,2,2014
Streptococcus suis,2,2014
Salmonella Paratyphi A,2,2014
Actinomyces turicensis,2,2014
"Streptococcus, group C",2,2014
Vibrio fluvialis,2,2014
Alcaligenes faecalis,2,2014
Bacteroides eggerthii,2,2014
Bacteroides ovatus,2,2014
Elizabethkingia species,2,2014
Prevotella intermedia,2,2014
Trichosporon mucoides,2,2014
Nocardia farcinica,2,2014
Mycobacterium haemophilum,2,2014
Enterococcus hirae,2,2014
Myroides species,2,2014
Pantoea species,2,2014
Moraxella osloensis,2,2014
Mycobacterium mageritense,2,2014
Candida auris,2,2014
Acinetobacter lwoffii,2,2014
Pseudomonas stutzeri,2,2014
Bacillus cereus,2,2014
Acinetobacter baumannii group,2,2014
Eubacterium limosum,2,2014
Pseudomonas mendocina,2,2014
Campylobacter species,2,2014
Propionibacterium species,2,2014
Nocardia species,2,2014
Pseudomonas pseudoalcaligenes,2,2014
Pseudomonas fluorescens,2,2014
Actinomyces odontolyticus,2,2014
Enterocloster clostridioformis,1,2014
Haemophilus influenzae type B,1,2014
Clostridium disporicum,1,2014
Clostridium ramosum,1,2014
Prevotella denticola,1,2014
Catabacter hongkongensis,1,2014
Peptostreptococcus micros,1,2014
Anaerococcus species,1,2014
Clostridium sporogenes,1,2014
Clostridium innocuum,1,2014
Bacteroides uniformis,1,2014
Campylobacter jejuni subsp. Jejuni,1,2014
Ochrobactrum anthropi,1,2014
Pasteurella multocida,1,2014
Salmonella derby,1,2014
Sphingobacterium species,1,2014
Prevotella loescheii,1,2014
Graphium species,1,2014
Aspergillus versicolor,1,2014
Mycobacterium fortuitum complex,1,2014
Staphylococcus hominis,1,2014
Citrobacter amalonaticus,1,2014
Rhizomucor species,1,2014
Roseomonas species,1,2014
Prevotella melaninogenica,1,2014
Gleimia europaea,1,2014
Desulfovibrio species,1,2014
Helcococcus ovis,1,2014
Actinobaculum schaalii,1,2014
Brevibacterium casei,1,2014
Enterococcus cecorum,1,2014
Lactobacillus fermentum,1,2014
Raoultella ornithinolytica,1,2014
Enterococcus durans,1,2014
Aggregatibacter aphrophilus,1,2014
Staphylococcus cohnii,1,2014
Clostridium bifermentans,1,2014
Dermabacter hominis,1,2014
Listeria monocytogenes,1,2014
Granulicatella adiacens,1,2014
Corynebacterium amycolatum,1,2014
Hafnia alvei,1,2014
Streptococcus gallolyticus,1,2014
Corynebacterium pseudodiphtheriticum,1,2014
Aspergillus nidulans,1,2014
Clostridium glycolicum,1,2014
Haemophilus paraphrophilus,1,2014
Acinetobacter ursingii,1,2014
Campylobacter rectus,1,2014
Staphylococcus saccharolyticus,1,2014
Blautia producta,1,2014
Filifactor alocis,1,2014
Gram-positive coccobacilli,1,2014
Prevotella buccae,1,2014
Synergistes species,1,2014
Comamonas testosteroni,1,2014
Fusobacterium mortiferum,1,2014
Propionibacterium avidum,1,2014
Saccharomyces species,1,2014
Neisseria meningitidis,1,2014
Corynebacterium propinquum,1,2014
Citrobacter youngae,1,2014
Mycobacterium gordonae,1,2014
Shewanella putrefaciens,1,2014
Delftia acidovorans,1,2014
Chryseobacterium species,1,2014
Mycobacterium fortuitum,1,2014
Malassezia species,1,2014
Alcaligenes species,1,2014
Kocuria rhizophila,1,2014
Anaerobic diphtheroids,1,2014
"Vibrio cholerae, non-O1/non-O139",1,2014
Capnocytophaga species,1,2014
Clostridium hathewayi,1,2014
Streptococcus mutans,1,2014
Haemophilus species,1,2014
Acinetobacter junii,1,2014
Solobacterium moorei,1,2014
Aerococcus species,1,2014
Peptoniphilus asaccharolyticus,1,2014
Escherichia coli,5046,2015
Candida albicans,3234,2015
Pseudomonas aeruginosa,2821,2015
Methicillin resistant Staphylococcus aureus,2339,2015
Klebsiella pneumoniae,1683,2015
Klebsiella species,1485,2015
Enterococcus species,1386,2015
"Staphylococcus, coagulase negative",1383,2015
Candida species,1304,2015
Stenotrophomonas maltophilia,1182,2015
Staphylococcus aureus,1061,2015
Acinetobacter species,637,2015
Candida glabrata,623,2015
Acinetobacter calcoaceticus-Acinetobacter baumannii complex,620,2015
Yeast,609,2015
Enterococcus faecium,514,2015
Enterobacter species,513,2015
Proteus mirabilis,449,2015
Diphtheroids,425,2015
Candida tropicalis,420,2015
Acinetobacter baumannii,357,2015
Enterococcus faecalis,342,2015
Corynebacterium striatum,288,2015
Candida parapsilosis,284,2015
Gram-negative bacilli,279,2015
Clostridioides difficile,233,2015
Mycobacterium tuberculosis,230,2015
Alpha-haemolytic streptococcus,219,2015
Bacillus species,218,2015
Coliform bacteria,212,2015
Proteus species,205,2015
Morganella morganii,200,2015
Bacteroides fragilis group,189,2015
Streptococcus pneumoniae,182,2015
Citrobacter species,149,2015
Haemophilus influenzae,135,2015
Enterobacter cloacae complex,129,2015
Aeromonas species,126,2015
Streptococcus agalactiae,125,2015
Streptococcus milleri group,113,2015
Serratia marcescens,111,2015
Bacteroides fragilis,111,2015
Neisseria species,108,2015
Klebsiella aerogenes,106,2015
Mycobacterium species,106,2015
Serratia species,98,2015
Bacteroides species,97,2015
"Streptococcus, group G",90,2015
Streptococcus anginosus,89,2015
Clostridium perfringens,86,2015
Streptococcus pyogenes,80,2015
Rothia mucilaginosa,76,2015
Pichia kudriavzevii,72,2015
Pseudomonas species,72,2015
Citrobacter koseri,70,2015
Salmonella group D,62,2015
Enterobacter cloacae,60,2015
Elizabethkingia meningoseptica,58,2015
Corynebacterium species,57,2015
Lactobacillus species,55,2015
Streptococcus constellatus,54,2015
Klebsiella oxytoca,54,2015
Trichosporon asahii,53,2015
"Streptococcus, viridans group",50,2015
Providencia stuartii,48,2015
Non-haemolytic streptococcus,47,2015
Trichosporon species,44,2015
Anaerobic Gram-negative bacilli,42,2015
Gram-positive bacilli,40,2015
Prevotella species,38,2015
Staphylococcus epidermidis,38,2015
Burkholderia cepacia,36,2015
Vibrio vulnificus,36,2015
Salmonella group B,34,2015
Salmonella Enteritidis,33,2015
Achromobacter species,33,2015
Mycobacterium abscessus,33,2015
Anaerobic Gram-positive cocci,31,2015
Enterococcus avium,31,2015
Citrobacter freundii,30,2015
Enterococcus gallinarum,29,2015
Micrococcus species,29,2015
Streptococcus species,29,2015
Streptococcus mitis group,27,2015
Anaerobic Gram-positive bacilli,26,2015
Candida lusitaniae,25,2015
Talaromyces marneffei,25,2015
Moraxella catarrhalis,24,2015
Cutibacterium acnes,24,2015
Fusobacterium species,23,2015
Peptostreptococcus species,23,2015
Aspergillus fumigatus,22,2015
Streptococcus dysgalactiae subsp. equisimilis,22,2015
Clostridium species,21,2015
Achromobacter xylosoxidans,20,2015
Bacteroides thetaiotaomicron,20,2015
Streptococcus salivarius,20,2015
Staphylococcus lugdunensis,20,2015
Flavobacterium species,19,2015
Cryptococcus neoformans,19,2015
Streptococcus bovis group,18,2015
Aeromonas hydrophila,18,2015
Mycobacterium tuberculosis complex,18,2015
Candida auris,17,2015
Corynebacterium jeikeium,17,2015
Streptococcus intermedius,17,2015
Burkholderia species,17,2015
Veillonella species,16,2015
Eggerthella lenta,16,2015
Staphylococcus haemolyticus,16,2015
Moraxella species,15,2015
Anaerobic bacteria,15,2015
Candida guilliermondii,15,2015
Rhizopus species,15,2015
Aspergillus species,15,2015
Actinomyces species,14,2015
Mycobacterium avium complex,14,2015
Granulicatella adiacens,14,2015
Gram-positive cocci,14,2015
Staphylococcus species,13,2015
Propionibacterium species,13,2015
Enterococcus casseliflavus,13,2015
Streptococcus mitis,12,2015
Proteus vulgaris,12,2015
Chryseobacterium indologenes,11,2015
Staphylococcus capitis,11,2015
Burkholderia cepacia complex,11,2015
Sphingomonas paucimobilis,11,2015
Carbapenem resistant Acinetobacter baumannii,11,2015
Enterococcus raffinosus,11,2015
Streptococcus oralis,11,2015
Corynebacterium urealyticum,11,2015
Candida parapsilosis complex,10,2015
Salmonella group E,10,2015
Haemophilus parainfluenzae,10,2015
Candida dubliniensis,9,2015
Salmonella group C,9,2015
Streptococcus dysgalactiae,9,2015
Ochrobactrum species,9,2015
Mould,9,2015
Streptococcus sanguinis,9,2015
Providencia species,9,2015
Streptococcus gallolyticus subspecies pasteurianus,9,2015
Prevotella intermedia,8,2015
Listeria monocytogenes,8,2015
Shewanella species,8,2015
Staphylococcus caprae,8,2015
Non-fermentative Gram-negative bacilli,7,2015
Delftia acidovorans,7,2015
Aeromonas caviae,7,2015
Streptococcus parasanguinis,7,2015
Aspergillus flavus,6,2015
Pandoraea pnomenusa,6,2015
Fusobacterium mortiferum,6,2015
Gram-positive coccobacilli,6,2015
Fusobacterium nucleatum,6,2015
Trichophyton rubrum,6,2015
Enterococcus hirae,6,2015
Clostridium ramosum,6,2015
Mycobacterium chelonae,6,2015
Mycobacterium kansasii,5,2015
Bacillus cereus group,5,2015
Acinetobacter lwoffii,5,2015
Prevotella melaninogenica,5,2015
Dialister pneumosintes,5,2015
Parabacteroides distasonis,5,2015
Haemophilus parahaemolyticus,5,2015
Malassezia furfur,5,2015
Aggregatibacter actinomycetemcomitans,5,2015
Aeromonas sobria,5,2015
Trichosporon mucoides,5,2015
Clostridium septicum,5,2015
Bifidobacterium species,4,2015
Gemella species,4,2015
Plesiomonas shigelloides,4,2015
Vibrio parahaemolyticus,4,2015
"Streptococcus, group C",4,2015
Fusarium species,4,2015
Shewanella algae,4,2015
Legionella pneumophila,4,2015
Eikenella corrodens,4,2015
Saccharomyces cerevisiae,4,2015
"Mycobacterium, non-TB",4,2015
Gardnerella vaginalis,4,2015
Pantoea species,4,2015
Fusobacterium varium,4,2015
Weissella confusa,3,2015
Rothia species,3,2015
Abiotrophia defectiva,3,2015
Candida metapsilosis,3,2015
Aeromonas veronii biovar sobria,3,2015
Providencia rettgeri,3,2015
Raoultella planticola,3,2015
Parvimonas micra,3,2015
Corynebacterium minutissimum,3,2015
Candida haemulonii,3,2015
Gram-negative coccobacilli,3,2015
Arcanobacterium haemolyticum,3,2015
Chryseobacterium species,3,2015
Mycobacterium fortuitum complex,3,2015
Elizabethkingia species,3,2015
Rapid growing mycobacteria,3,2015
Candida famata,3,2015
Prevotella bivia,3,2015
Anaerobic Gram-negative cocci,3,2015
Vibrio harveyi,3,2015
Leuconostoc species,3,2015
Pseudomonas stutzeri,3,2015
Alcaligenes species,2,2015
Streptococcus alactolyticus,2,2015
Aerococcus species,2,2015
Scedosporium apiospermum,2,2015
Issatchenkia orientalis,2,2015
Prevotella buccae,2,2015
Peptostreptococcus asaccharolyticus,2,2015
Streptococcus gordonii,2,2015
Capnocytophaga species,2,2015
Lactobacillus gasseri,2,2015
Bacteroides ovatus,2,2015
Streptococcus gallolyticus subspecies gallolyticus,2,2015
Bacteroides vulgatus,2,2015
Lactococcus species,2,2015
Finegoldia magna,2,2015
Lactobacillus salivarius,2,2015
Peptostreptococcus anaerobius,2,2015
Staphylococcus hominis,2,2015
Raoultella species,2,2015
Raoultella ornithinolytica,2,2015
Chryseobacterium gleum,2,2015
Absidia species,2,2015
Peptococcus species,2,2015
Streptococcus mutans,2,2015
Gemella morbillorum,2,2015
Fungus,2,2015
Peptoniphilus asaccharolyticus,2,2015
Acid-fast bacillus,2,2015
Clostridium innocuum,2,2015
Clostridium tertium,2,2015
Mycobacterium gordonae,2,2015
Hafnia alvei,2,2015
Cryptococcus species,2,2015
Salmonella Typhi,2,2015
Prevotella disiens,2,2015
Aspergillus niger,2,2015
Kluyveromyces marxianus,2,2015
Salmonella species,2,2015
Roseomonas species,2,2015
Lactobacillus fermentum,1,2015
Peptostreptococcus micros,1,2015
Penicillium species,1,2015
Corynebacterium tuberculostearicum,1,2015
Gram-positive cocci in chains,1,2015
Pediococcus species,1,2015
Aeromonas veronii,1,2015
Neisseria gonorrhoeae,1,2015
Alcaligenes faecalis,1,2015
Shigella flexneri,1,2015
Aspergillus terreus,1,2015
Serratia rubidaea,1,2015
Ruminococcus species,1,2015
Campylobacter jejuni,1,2015
Haemophilus haemolyticus,1,2015
Rhodotorula species,1,2015
Campylobacter fetus,1,2015
Candida utilis,1,2015
Rhodotorula rubra,1,2015
Bacillus megaterium,1,2015
Vibrio alginolyticus,1,2015
Scopulariopsis species,1,2015
Salmonella Paratyphi A,1,2015
Neisseria cinerea,1,2015
Pasteurella multocida,1,2015
Cladosporium species,1,2015
Pseudomonas fluorescens,1,2015
Actinomyces odontolyticus,1,2015
Moraxella osloensis,1,2015
Kluyvera species,1,2015
Escherichia species,1,2015
Enterobacter asburiae,1,2015
Staphylococcus auricularis,1,2015
Acinetobacter junii,1,2015
Campylobacter species,1,2015
Mycobacterium neoaurum,1,2015
Edwardsiella tarda,1,2015
Capnocytophaga sputigena,1,2015
Rothia dentocariosa,1,2015
Candida nivariensis,1,2015
Brevibacterium species,1,2015
Salmonella typhimurium,1,2015
Eubacterium species,1,2015
Citrobacter braakii,1,2015
Porphyromonas species,1,2015
Vogesella perlucida,1,2015
Micrococcus luteus,1,2015
Neisseria meningitidis,1,2015
Pseudomonas putida,1,2015
Trichophyton mentagrophytes,1,2015
Comamonas species,1,2015
Campylobacter coli,1,2015
Sphingomonas species,1,2015
Burkholderia pseudomallei,1,2015
Microbacterium species,1,2015
Corynebacterium macginleyi,1,2015
Neisseria flavescens,1,2015
Shewanella putrefaciens,1,2015
"Vibrio cholerae, non-O1/non-O139",1,2015
Prevotella baroniae,1,2015
Clavispora lusitaniae,1,2015
Kluyvera georgiana,1,2015
Arcanobacterium species,1,2015
Trichophyton species,1,2015
Ochrobactrum intermedium,1,2015
Pseudomonas fulva,1,2015
Trueperella bernardiae,1,2015
Leclercia adecarboxylata,1,2015
Bacillus cereus,1,2015
Citrobacter werkmanii,1,2015
Globicatella sulfidifaciens,1,2015
Streptococcus infantarius,1,2015
Lactobacillus paracasei,1,2015
Corynebacterium pseudodiphtheriticum,1,2015
Mycobacterium fortuitum,1,2015
Aggregatibacter aphrophilus,1,2015
Cyberlindnera fabianii,1,2015
Bacteroides uniformis,1,2015
Fusobacterium necrophorum,1,2015
Paecilomyces species,1,2015
Bacteroides stercoris,1,2015
Solobacterium moorei,1,2015
Anaerococcus species,1,2015
Veillonella parvula,1,2015
Prevotella oris,1,2015
Bacteroides caccae,1,2015
Acremonium species,1,2015
Escherichia coli,7053,2016
Candida albicans,4210,2016
Pseudomonas aeruginosa,3934,2016
Methicillin resistant Staphylococcus aureus,2680,2016
Klebsiella pneumoniae,2572,2016
Klebsiella species,1576,2016
"Staphylococcus, coagulase negative",1523,2016
Enterococcus species,1407,2016
Stenotrophomonas maltophilia,1388,2016
Staphylococcus aureus,1313,2016
Candida species,1274,2016
Enterococcus faecium,1080,2016
Proteus mirabilis,830,2016
Candida glabrata,758,2016
Candida tropicalis,668,2016
Acinetobacter calcoaceticus-Acinetobacter baumannii complex,666,2016
Acinetobacter species,644,2016
Yeast,644,2016
Enterococcus faecalis,613,2016
Enterobacter species,513,2016
Diphtheroids,482,2016
Mycobacterium tuberculosis,465,2016
Enterobacter cloacae complex,383,2016
Corynebacterium striatum,340,2016
Candida parapsilosis,316,2016
Acinetobacter baumannii group,281,2016
Alpha-haemolytic streptococcus,277,2016
Proteus species,271,2016
Clostridioides difficile,269,2016
Haemophilus influenzae,264,2016
Morganella morganii,244,2016
Citrobacter species,238,2016
Gram-negative bacilli,215,2016
Streptococcus agalactiae,203,2016
Klebsiella aerogenes,196,2016
Bacteroides fragilis,186,2016
Coliform bacteria,184,2016
Bacteroides fragilis group,180,2016
Aeromonas species,180,2016
Acinetobacter baumannii,180,2016
Streptococcus pneumoniae,179,2016
Serratia species,169,2016
Mycobacterium species,163,2016
Streptococcus anginosus,150,2016
Neisseria species,149,2016
Rothia mucilaginosa,140,2016
Serratia marcescens,140,2016
"Streptococcus, group G",123,2016
Streptococcus pyogenes,120,2016
Clostridium perfringens,116,2016
Bacillus species,101,2016
Bacteroides species,97,2016
Streptococcus milleri group,89,2016
Lactobacillus species,88,2016
"Streptococcus, viridans group",84,2016
Burkholderia cepacia complex,77,2016
Pichia kudriavzevii,73,2016
Pseudomonas species,72,2016
Streptococcus constellatus,67,2016
Staphylococcus epidermidis,66,2016
Salmonella group D,65,2016
Klebsiella oxytoca,59,2016
Prevotella species,59,2016
Streptococcus dysgalactiae subsp. equisimilis,57,2016
Corynebacterium species,57,2016
Candida parapsilosis complex,54,2016
Enterococcus avium,51,2016
Citrobacter koseri,50,2016
Streptococcus species,50,2016
Enterobacter cloacae,49,2016
Providencia stuartii,49,2016
Talaromyces marneffei,47,2016
Moraxella catarrhalis,47,2016
Streptococcus bovis group,46,2016
Staphylococcus lugdunensis,46,2016
Aspergillus fumigatus,41,2016
Flavobacterium species,39,2016
Carbapenem resistant Acinetobacter baumannii,37,2016
Salmonella Enteritidis,37,2016
Candida dubliniensis,35,2016
Elizabethkingia meningoseptica,35,2016
Gram-positive cocci,34,2016
Corynebacterium urealyticum,34,2016
Micrococcus species,33,2016
Bacteroides thetaiotaomicron,33,2016
Enterococcus gallinarum,32,2016
Burkholderia cepacia,32,2016
Citrobacter freundii,32,2016
Mycobacterium abscessus,32,2016
Providencia species,31,2016
Achromobacter species,31,2016
Kodamaea ohmeri,30,2016
Enterococcus casseliflavus,30,2016
Aspergillus flavus,30,2016
Salmonella group B,27,2016
Burkholderia species,27,2016
Anaerobic Gram-positive cocci,26,2016
Anaerobic Gram-negative bacilli,26,2016
Peptostreptococcus species,26,2016
Streptococcus intermedius,26,2016
Anaerobic bacteria,25,2016
Haemophilus parainfluenzae,25,2016
Enterococcus raffinosus,25,2016
Staphylococcus species,24,2016
Actinomyces species,24,2016
Cryptococcus neoformans,24,2016
Staphylococcus capitis,24,2016
Streptococcus mitis group,24,2016
Propionibacterium species,24,2016
Candida lusitaniae,24,2016
Trichosporon species,24,2016
Proteus vulgaris,23,2016
Eggerthella lenta,23,2016
Corynebacterium jeikeium,21,2016
Candida guilliermondii,21,2016
Aeromonas hydrophila,21,2016
Fusobacterium species,21,2016
Clostridium species,21,2016
Veillonella species,20,2016
Achromobacter xylosoxidans,20,2016
Mycobacterium kansasii,20,2016
Streptococcus gallolyticus subspecies pasteurianus,18,2016
Anaerobic Gram-positive bacilli,18,2016
Aspergillus species,17,2016
Cutibacterium acnes,17,2016
Streptococcus salivarius,16,2016
Salmonella group C,16,2016
Pseudomonas putida,15,2016
Mycobacterium avium complex,15,2016
Peptostreptococcus anaerobius,15,2016
Gram-positive bacilli,15,2016
Chryseobacterium gleum,15,2016
Moraxella species,14,2016
"Streptococcus, group C",14,2016
Non-haemolytic streptococcus,14,2016
Vibrio vulnificus,14,2016
Arcanobacterium haemolyticum,14,2016
Chryseobacterium indologenes,14,2016
Granulicatella adiacens,13,2016
Streptococcus dysgalactiae,13,2016
Staphylococcus haemolyticus,13,2016
Trichosporon asahii,13,2016
Bacillus cereus group,12,2016
Prevotella bivia,12,2016
Mycobacterium tuberculosis complex,12,2016
Trichophyton rubrum,11,2016
Micrococcus luteus,11,2016
Aeromonas veronii,11,2016
Leuconostoc species,11,2016
Rapid growing mycobacteria,11,2016
Candida norvegensis,10,2016
Aspergillus niger,10,2016
Peptoniphilus harei,10,2016
Streptococcus mitis,10,2016
Salmonella derby,10,2016
Bacteroides vulgatus,10,2016
Gram-positive coccobacilli,10,2016
Parvimonas micra,10,2016
Clostridium ramosum,9,2016
Actinomyces odontolyticus,9,2016
Salmonella group E,9,2016
Prevotella intermedia,9,2016
Streptococcus parasanguinis,9,2016
Pichia species,9,2016
Streptococcus sanguinis,8,2016
Enterococcus hirae,8,2016
Corynebacterium amycolatum,8,2016
Plesiomonas shigelloides,8,2016
Mycobacterium fortuitum,7,2016
Providencia rettgeri,7,2016
Aeromonas sobria,7,2016
Lactobacillus fermentum,7,2016
"Vibrio cholerae, non-O1/non-O139",7,2016
Elizabethkingia species,7,2016
Acinetobacter junii,7,2016
Non-fermentative Gram-negative bacilli,7,2016
Saccharomyces cerevisiae,7,2016
Mycobacterium chelonae,7,2016
Actinomyces turicensis,6,2016
Gemella species,6,2016
nontoxigenic Corynebacterium diphtheriae,6,2016
Lactococcus species,6,2016
Peptostreptococcus micros,6,2016
Streptococcus gallolyticus,6,2016
Bacteroides pyogenes,6,2016
Bifidobacterium species,6,2016
Legionella pneumophila serogroup 1,6,2016
Fusarium species,6,2016
Acinetobacter ursingii,6,2016
Mould,6,2016
Bordetella bronchiseptica,5,2016
"Mycobacterium, non-TB",5,2016
Parabacteroides distasonis,5,2016
Streptococcus gordonii,5,2016
Enterococcus cecorum,5,2016
Gemella morbillorum,5,2016
Bacillus cereus,5,2016
Finegoldia magna,5,2016
Clostridium tertium,5,2016
Sphingomonas paucimobilis,5,2016
Prevotella buccae,5,2016
Staphylococcus caprae,5,2016
Pseudomonas mosselii,5,2016
Nocardia species,5,2016
Shewanella species,5,2016
Rhizobium radiobacter,4,2016
Haemophilus haemolyticus,4,2016
Kluyvera species,4,2016
Mycobacterium fortuitum complex,4,2016
Exophiala dermatitidis,4,2016
Raoultella species,4,2016
Aerococcus species,4,2016
Lactobacillus paracasei,4,2016
Mycobacterium gordonae,4,2016
Fusarium solani,4,2016
Aerococcus urinae,4,2016
Streptococcus cristatus,4,2016
Penicillium species,4,2016
Pediococcus species,4,2016
Ralstonia mannitolilytica,4,2016
Chryseobacterium species,4,2016
Corynebacterium resistens,4,2016
Prevotella oris,3,2016
Vagococcus fluvialis,3,2016
Streptococcus suis,3,2016
Fusobacterium varium,3,2016
Issatchenkia orientalis,3,2016
Staphylococcus hominis,3,2016
Candida lipolytica,3,2016
Fusobacterium nucleatum,3,2016
Anaerobic diphtheroids,3,2016
Aeromonas caviae,3,2016
Pseudomonas fluorescens,3,2016
Veillonella parvula,3,2016
Gemella haemolysans,3,2016
Eubacterium limosum,3,2016
Pediococcus acidilactici,3,2016
Bacteroides salyersiae,3,2016
Clostridium paraputrificum,3,2016
Mycoplasma hominis,3,2016
Salmonella typhimurium,3,2016
Comamonas species,3,2016
Edwardsiella tarda,3,2016
Malassezia furfur,3,2016
Hafnia alvei,3,2016
Eubacterium species,3,2016
Microbacterium species,3,2016
Abiotrophia species,3,2016
Legionella pneumophila,3,2016
Pseudomonas stutzeri,3,2016
Eikenella corrodens,3,2016
Kluyveromyces marxianus,2,2016
Streptococcus salivarius group,2,2016
Capnocytophaga gingivalis,2,2016
Clostridium hathewayi,2,2016
Solobacterium moorei,2,2016
Haemophilus species,2,2016
Rhodotorula species,2,2016
Exophiala species,2,2016
Dermabacter hominis,2,2016
Mycobacterium obuense,2,2016
Capnocytophaga sputigena,2,2016
Haemophilus parahaemolyticus,2,2016
Actinobaculum schaalii,2,2016
Enterocloster clostridioformis,2,2016
Mycobacterium neoaurum,2,2016
Actinomyces urogenitalis,2,2016
Abiotrophia defectiva,2,2016
Bilophila wadsworthia,2,2016
Corynebacterium tuberculostearicum,2,2016
Mycobacterium avium,2,2016
Mycobacterium scrofulaceum,2,2016
Corynebacterium minutissimum,2,2016
Lactococcus garvieae,2,2016
Acinetobacter lwoffii,2,2016
Comamonas kerstersii,2,2016
Ochrobactrum anthropi,2,2016
Salmonella london,2,2016
Cronobacter sakazakii,2,2016
Corynebacterium pseudodiphtheriticum,2,2016
Slackia exigua,2,2016
Atopobium parvulum,2,2016
Aggregatibacter segnis,2,2016
Mycobacterium lentiflavum,2,2016
Streptococcus oralis,2,2016
Acinetobacter johnsonii,2,2016
Listeria monocytogenes,2,2016
Brevundimonas diminuta,2,2016
Trichosporon inkin,2,2016
Delftia species,2,2016
Campylobacter fetus,2,2016
Vibrio parahaemolyticus,2,2016
Acid-fast bacillus,2,2016
Roseomonas species,2,2016
Vibrio furnissii,2,2016
Delftia acidovorans,2,2016
Kocuria species,2,2016
Pseudomonas otitidis,2,2016
Aerococcus viridans,2,2016
Actinomyces radingae,2,2016
Staphylococcus pseudintermedius,2,2016
Parabacteroides species,2,2016
Campylobacter species,2,2016
Fusobacterium necrophorum,2,2016
Shewanella algae,2,2016
Ochrobactrum species,2,2016
Morganella species,2,2016
Gleimia europaea,2,2016
Prevotella melaninogenica,2,2016
Pantoea species,2,2016
Corynebacterium accolens,2,2016
Raoultella planticola,2,2016
Brucella melitensis,2,2016
Gardnerella vaginalis,2,2016
Achromobacter insolitus,2,2016
Bacteroides ovatus,2,2016
Achromobacter denitrificans,2,2016
Alcaligenes faecalis,2,2016
Candida duobushaemulonii,1,2016
Citrobacter braakii,1,2016
Fungal Hyphae,1,2016
Clostridium innocuum,1,2016
Eikenella species,1,2016
Leclercia adecarboxylata,1,2016
Staphylococcus simulans,1,2016
Salmonella group G,1,2016
Cunninghamella species,1,2016
Clostridium bartlettii,1,2016
Klebsiella pneumoniae complex,1,2016
Escherichia fergusonii,1,2016
Aggregatibacter species,1,2016
Candida metapsilosis,1,2016
Vibrio alginolyticus,1,2016
Desulfovibrio species,1,2016
Prevotella denticola,1,2016
Exophiala jeanselmei,1,2016
Sphingomonas species,1,2016
Streptococcus gallolyticus subspecies gallolyticus,1,2016
Ralstonia picketti,1,2016
Cryptococcus curvatus,1,2016
Staphylococcus warneri,1,2016
Vibrio fluvialis,1,2016
Trueperella bernardiae,1,2016
Ralstonia species,1,2016
Prevotella oralis,1,2016
Proteus penneri,1,2016
Raoultella ornithinolytica,1,2016
Scedosporium apiospermum,1,2016
Fusobacterium mortiferum,1,2016
Pseudoclavibacter,1,2016
Cryptococcus species,1,2016
Actinomyces timonensis,1,2016
Trichophyton species,1,2016
Mycobacterium marinum,1,2016
Cryptococcus laurentii,1,2016
Bacteroides nordii,1,2016
Aspergillus versicolor Group,1,2016
Streptococcus pseudopneumoniae,1,2016
Fungus,1,2016
Salmonella group I,1,2016
Anaerococcus prevotii,1,2016
Salmonella goldcoast,1,2016
Prevotella timonensis,1,2016
Salmonella Typhi,1,2016
Candida nivariensis,1,2016
Oscillibacter ruminantium,1,2016
Lactobacillus gasseri,1,2016
Clostridium septicum,1,2016
Aureobasidium species,1,2016
Citrobacter farmeri,1,2016
Nocardia cyriacigeorgica,1,2016
Moraxella osloensis,1,2016
Staphylococcus cohnii,1,2016
Brevibacterium species,1,2016
Staphylococcus saprophyticus,1,2016
Ochroconis species,1,2016
Candida famata,1,2016
Peptoniphilus species,1,2016
Bacteroides uniformis,1,2016
Trichophyton violaceum,1,2016
Oligella urethralis,1,2016
Bacteroides fluxus,1,2016
Escherichia species,1,2016
Aeromonas veronii biovar sobria,1,2016
Malassezia species,1,2016
Mycelia sterilia,1,2016
Bifidobacterium dentium,1,2016
Shewanella putrefaciens,1,2016
Calidifontibacter indicus,1,2016
Wohlfahrtiimonas chitiniclastica,1,2016
Citrobacter freundii complex,1,2016
Edwardsiella species,1,2016
Mycobacterium marseillense,1,2016
Attenuated Mycobacterium bovis,1,2016
Gram-negative cocci,1,2016
Prevotella disiens,1,2016
Actinomyces meyeri,1,2016
Streptococcus mutans,1,2016
Pseudomonas mendocina,1,2016
Veillonella dispar,1,2016
Lautropia mirabilis,1,2016
Corynebacterium propinquum,1,2016
Paenibacillus lautus,1,2016
Pasteurella species,1,2016
Neisseria meningitidis,1,2016
Streptococcus dysgalactiae subsp. dysgalactiae,1,2016
Pluralibacter gergoviae,1,2016
Salmonella group Q,1,2016
Bacteroides cellulosilyticus,1,2016
Salmonella group J,1,2016
Corynebacterium glucuronolyticum,1,2016
Brevundimonas species,1,2016
Pichia norvegensis,1,2016
Chaetomium species,1,2016
Pseudomonas oryzihabitans,1,2016
Actinomyces neuii ss neuii,1,2016
Escherichia coli,9926,2017
Candida albicans,7362,2017
Pseudomonas aeruginosa,6938,2017
Methicillin resistant Staphylococcus aureus,6758,2017
Klebsiella pneumoniae,4488,2017
Staphylococcus aureus,2742,2017
"Staphylococcus, coagulase negative",2620,2017
Klebsiella species,2480,2017
Acinetobacter calcoaceticus-Acinetobacter baumannii complex,2442,2017
Enterococcus faecium,2348,2017
Stenotrophomonas maltophilia,2174,2017
Candida species,1708,2017
Proteus mirabilis,1452,2017
Enterococcus species,1416,2017
Enterococcus faecalis,1412,2017
Mycobacterium tuberculosis,1230,2017
Candida tropicalis,1172,2017
Corynebacterium striatum,1032,2017
Candida glabrata,920,2017
Diphtheroids,906,2017
Yeast,868,2017
Enterobacter species,846,2017
Enterobacter cloacae complex,796,2017
Gram-negative bacilli,734,2017
Mycobacterium species,722,2017
Candida parapsilosis,658,2017
Acinetobacter baumannii group,614,2017
Acinetobacter species,584,2017
Klebsiella aerogenes,572,2017
Haemophilus influenzae,548,2017
Morganella morganii,512,2017
Proteus species,414,2017
Clostridioides difficile,406,2017
Citrobacter species,404,2017
Streptococcus pneumoniae,394,2017
Streptococcus agalactiae,392,2017
Alpha-haemolytic streptococcus,356,2017
Serratia species,354,2017
Aeromonas species,308,2017
Serratia marcescens,276,2017
Bacteroides fragilis group,276,2017
Streptococcus anginosus,258,2017
"Streptococcus, group G",248,2017
Bacteroides fragilis,246,2017
Streptococcus pyogenes,226,2017
Coliform bacteria,216,2017
Citrobacter koseri,190,2017
Bacillus species,184,2017
Clostridium perfringens,180,2017
Neisseria species,180,2017
Burkholderia cepacia complex,178,2017
Rothia mucilaginosa,176,2017
Bacteroides species,176,2017
Gram-positive cocci,166,2017
Providencia stuartii,150,2017
Klebsiella oxytoca,146,2017
"Streptococcus, viridans group",140,2017
Staphylococcus epidermidis,140,2017
Pseudomonas species,126,2017
Salmonella group D,122,2017
Moraxella catarrhalis,116,2017
Staphylococcus capitis,114,2017
Candida parapsilosis complex,110,2017
Streptococcus constellatus,110,2017
Staphylococcus lugdunensis,110,2017
Enterococcus avium,110,2017
Lactobacillus species,98,2017
Streptococcus milleri group,92,2017
Mycobacterium tuberculosis complex,90,2017
Pichia kudriavzevii,84,2017
Streptococcus species,82,2017
Vibrio vulnificus,82,2017
Prevotella species,80,2017
Gram-positive bacilli,76,2017
Corynebacterium species,76,2017
Trichosporon species,74,2017
Candida lusitaniae,72,2017
Trichosporon asahii,72,2017
Achromobacter species,70,2017
Citrobacter freundii,70,2017
Enterococcus gallinarum,68,2017
Mycobacterium avium complex,64,2017
Mycobacterium kansasii,62,2017
Aspergillus fumigatus,60,2017
Streptococcus dysgalactiae,60,2017
Corynebacterium urealyticum,58,2017
Mould,58,2017
Streptococcus dysgalactiae subsp. equisimilis,58,2017
Streptococcus intermedius,56,2017
Cutibacterium acnes,56,2017
Fusobacterium species,54,2017
Anaerobic Gram-positive cocci,54,2017
Eggerthella lenta,54,2017
Salmonella group B,54,2017
Elizabethkingia meningoseptica,54,2017
Enterococcus raffinosus,54,2017
Streptococcus mitis group,52,2017
Staphylococcus species,52,2017
Anaerobic Gram-negative bacilli,48,2017
Mycobacterium abscessus,48,2017
Propionibacterium species,48,2017
Micrococcus species,46,2017
Cryptococcus neoformans,42,2017
Burkholderia pseudomallei,42,2017
Corynebacterium jeikeium,40,2017
Bacteroides thetaiotaomicron,40,2017
Anaerobic Gram-positive bacilli,40,2017
Parvimonas micra,40,2017
Enterococcus casseliflavus,38,2017
Finegoldia magna,38,2017
Clostridium species,38,2017
Legionella pneumophila serogroup 1,36,2017
Peptostreptococcus species,36,2017
Candida metapsilosis,36,2017
Streptococcus gallolyticus subspecies pasteurianus,36,2017
Haemophilus parainfluenzae,36,2017
Enterobacter cloacae,36,2017
Burkholderia cepacia,34,2017
Aeromonas hydrophila,34,2017
Candida guilliermondii,32,2017
Talaromyces marneffei,32,2017
Providencia species,32,2017
Veillonella species,30,2017
Micrococcus luteus,30,2017
Flavobacterium species,30,2017
Streptococcus bovis group,30,2017
Proteus vulgaris,28,2017
Elizabethkingia species,28,2017
Staphylococcus haemolyticus,28,2017
Salmonella Enteritidis,26,2017
Aspergillus species,26,2017
Achromobacter xylosoxidans,26,2017
Shewanella species,26,2017
Prevotella bivia,26,2017
Sphingomonas paucimobilis,26,2017
Actinomyces species,24,2017
Granulicatella adiacens,24,2017
Providencia rettgeri,24,2017
Chryseobacterium gleum,24,2017
Streptococcus gallolyticus,22,2017
Bacteroides ovatus,22,2017
Nocardia species,22,2017
Non-fermentative Gram-negative bacilli,22,2017
Bacteroides vulgatus,22,2017
"Mycobacterium, non-TB",22,2017
Mycobacterium fortuitum,22,2017
Leuconostoc species,20,2017
Anaerobic bacteria,20,2017
Aeromonas caviae,20,2017
Candida dubliniensis,20,2017
Streptococcus salivarius,18,2017
Aspergillus flavus,18,2017
Klebsiella variicola,18,2017
Kodamaea ohmeri,18,2017
Arcanobacterium haemolyticum,18,2017
Peptoniphilus harei,18,2017
Alcaligenes faecalis,18,2017
Moraxella species,16,2017
Plesiomonas shigelloides,16,2017
Streptococcus parasanguinis,16,2017
Aeromonas veronii biovar sobria,16,2017
Lactobacillus fermentum,14,2017
Chryseobacterium species,14,2017
Brevibacterium species,14,2017
Malassezia pachydermatis,14,2017
Pseudomonas putida,14,2017
Gram-negative coccobacilli,14,2017
Prevotella buccae,14,2017
Acinetobacter baumannii,14,2017
Gram-positive coccobacilli,14,2017
Salmonella species,14,2017
Aeromonas veronii,14,2017
Shewanella putrefaciens,14,2017
Vibrio alginolyticus,14,2017
Aspergillus niger,14,2017
Non-haemolytic streptococcus,14,2017
Mycobacterium fortuitum complex,12,2017
Bifidobacterium species,12,2017
Listeria monocytogenes,12,2017
Streptococcus sanguinis,12,2017
Prevotella intermedia,12,2017
Salmonella group C,12,2017
Corynebacterium amycolatum,12,2017
Enterococcus hirae,12,2017
Acinetobacter junii,12,2017
Corynebacterium resistens,12,2017
Peptostreptococcus anaerobius,10,2017
Pseudomonas stutzeri,10,2017
Trichophyton rubrum,10,2017
Parabacteroides distasonis,10,2017
Pantoea species,10,2017
Gemella morbillorum,10,2017
Clostridium innocuum,10,2017
Prevotella denticola,10,2017
Dermabacter hominis,10,2017
Beta-haemolytic streptococcus,10,2017
Citrobacter braakii,10,2017
Fusobacterium mortiferum,10,2017
Staphylococcus hominis,10,2017
Bacillus cereus group,10,2017
Saccharomyces cerevisiae,10,2017
Anaerobic Gram-negative cocci,8,2017
Neisseria meningitidis,8,2017
Ochrobactrum intermedium,8,2017
Propionibacterium granulosum,8,2017
Kluyveromyces marxianus,8,2017
Haemophilus parahaemolyticus,8,2017
Aggregatibacter aphrophilus,8,2017
Streptococcus gordonii,8,2017
Salmonella typhimurium,8,2017
Kluyvera species,8,2017
Staphylococcus caprae,8,2017
Pediococcus species,8,2017
Delftia acidovorans,8,2017
Gordonia sputi,8,2017
Ochrobactrum species,8,2017
Salmonella london,8,2017
Anaerobic diphtheroids,8,2017
Gemella species,6,2017
Cupriavidus gilardii,6,2017
Candida norvegensis,6,2017
Slackia exigua,6,2017
Geotrichum species,6,2017
Pichia species,6,2017
Gordonia species,6,2017
Prevotella heparinolytica,6,2017
Staphylococcus saccharolyticus,6,2017
Actinomyces odontolyticus,6,2017
Haemophilus haemolyticus,6,2017
Tsukamurella species,6,2017
Fusobacterium varium,6,2017
Leuconostoc lactis,6,2017
Anaerococcus species,6,2017
Mycobacterium gordonae,6,2017
Edwardsiella species,6,2017
Aspergillus terreus,6,2017
Peptostreptococcus micros,6,2017
Streptococcus salivarius group,6,2017
Shewanella algae,6,2017
Propionibacterium avidum,6,2017
Lactobacillus rhamnosus,6,2017
Prevotella baroniae,6,2017
Corynebacterium tuberculostearicum,6,2017
Lactobacillus gasseri,6,2017
Edwardsiella tarda,6,2017
Microbacterium species,6,2017
Eubacterium species,6,2017
Sphingomonas species,6,2017
Comamonas kerstersii,6,2017
Pseudomonas mosselii,6,2017
Campylobacter species,4,2017
Chryseobacterium indologenes,4,2017
Streptococcus suis,4,2017
Citrobacter amalonaticus,4,2017
Cronobacter sakazakii,4,2017
Ralstonia picketti,4,2017
Rapid growing mycobacteria,4,2017
Mycobacterium obuense,4,2017
Candida nivariensis,4,2017
Corynebacterium pseudodiphtheriticum,4,2017
Mycobacterium neoaurum,4,2017
Campylobacter jejuni,4,2017
Myroides odoratimimus,4,2017
Malassezia furfur,4,2017
Clostridium ramosum,4,2017
Pseudomonas nitroreducens,4,2017
Nocardia beijingensis,4,2017
Acinetobacter ursingii,4,2017
Bacillus cereus,4,2017
Prevotella nigrescens,4,2017
Alistipes species,4,2017
Desulfovibrio species,4,2017
Brachybacterium species,4,2017
Rothia species,4,2017
Aerococcus species,4,2017
Kluyvera georgiana,4,2017
Fusobacterium necrophorum,4,2017
Peptococcus species,4,2017
Bacteroides uniformis,4,2017
Pseudomonas otitidis,4,2017
Arthrobacter cumminsii,4,2017
Comamonas species,4,2017
Mycoplasma hominis,4,2017
Prevotella melaninogenica,4,2017
Citrobacter youngae,4,2017
Kocuria kristinae,4,2017
Lactococcus garvieae,4,2017
Trichophyton species,4,2017
Aeromonas sobria,4,2017
Capnocytophaga species,4,2017
Fusobacterium nucleatum,4,2017
Candida famata,4,2017
Raoultella planticola,4,2017
Candida orthopsilosis,4,2017
nontoxigenic Corynebacterium diphtheriae,4,2017
Kocuria species,4,2017
Streptococcus canis,4,2017
Bacteroides nordii,4,2017
Raoultella species,4,2017
Alcaligenes species,4,2017
Streptomyces species,4,2017
Burkholderia species,4,2017
Enterobacter asburiae,4,2017
Mycobacterium terrae complex,4,2017
Fungal Hyphae,4,2017
Ruminococcus gnavus,4,2017
Campylobacter jejuni subsp. Jejuni,4,2017
Proteus hauseri,4,2017
Streptococcus gallolyticus subspecies gallolyticus,2,2017
Prevotella oris,2,2017
Candida fabianii,2,2017
Gleimia europaea,2,2017
Trichosporon mucoides,2,2017
Arthrobacter species,2,2017
Pluralibacter gergoviae,2,2017
Atopobium rimae,2,2017
Acinetobacter bereziniae,2,2017
Actinobaculum schaalii,2,2017
Neisseria meningitidis W135,2,2017
Eubacterium limosum,2,2017
Helcococcus kunzii,2,2017
Neisseria subflava,2,2017
Eikenella corrodens,2,2017
Leclercia adecarboxylata,2,2017
Mycobacterium chelonae,2,2017
Staphylococcus warneri,2,2017
Streptococcus mitis,2,2017
Salmonella Typhi,2,2017
Alistipes finegoldii,2,2017
Rhodotorula rubra,2,2017
Acinetobacter pittii,2,2017
Vibrio furnissii,2,2017
Trichophyton mentagrophytes,2,2017
Rhizopus species,2,2017
Bacteroides stercoris,2,2017
Clostridium butyricum,2,2017
Globicatella sanguinis,2,2017
Pseudomonas putida group,2,2017
Aerococcus sanguinicola,2,2017
Pasteurella multocida,2,2017
Cyberlindnera fabianii,2,2017
Bacteroides intestinalis,2,2017
Aerococcus viridans,2,2017
Leifsonia species,2,2017
"Vibrio cholerae, non-O1/non-O139",2,2017
Kluyvera cryocrescens,2,2017
Neisseria flavescens,2,2017
Kocuria palustris,2,2017
Campylobacter rectus,2,2017
Actinomyces oris,2,2017
Moraxella nonliquefaciens,2,2017
Bordetella hinzii,2,2017
Pseudoramibacter alactolyticus,2,2017
Paenibacillus species,2,2017
Corynebacterium sundsvallense,2,2017
Enterocloster clostridioformis,2,2017
Sphingobacterium spiritivorum,2,2017
"Streptococcus, group C",2,2017
Dermabacter species,2,2017
Flavonifractor plautii,2,2017
Klebsiella pneumoniae complex,2,2017
Absidia corymbifera,2,2017
Fusobacterium gonidiaformans,2,2017
Veillonella parvula,2,2017
Microbacterium paraoxydans,2,2017
Actinomyces turicensis,2,2017
Capnocytophaga ochracea,2,2017
Lactobacillus johnsonii,2,2017
Clostridium paraputrificum,2,2017
Fusarium species,2,2017
Fusarium dimerum,2,2017
Lactobacillus paracasei,2,2017
Dialister pneumosintes,2,2017
Weissella species,2,2017
Moraxella osloensis,2,2017
Clostridium sporogenes,2,2017
"Streptococcus, group D",2,2017
Aggregatibacter actinomycetemcomitans,2,2017
Pseudomonas koreensis,2,2017
Ralstonia species,2,2017
Trueperella bernardiae,2,2017
Saccharomyces species,2,2017
Dysgonomonas gadei,2,2017
Chryseomonas luteola,2,2017
Stenotrophomonas species,2,2017
Salmonella group E,2,2017
Attenuated Mycobacterium bovis,2,2017
Bordetella bronchiseptica,2,2017
Hafnia alvei,2,2017
Lactococcus species,2,2017
Bordetella parapertussis,2,2017
Cunninghamella bertholletiae,2,2017
Pichia norvegensis,2,2017
Lactobacillus salivarius,2,2017
Escherichia species,2,2017
Cladosporium species,2,2017
Parabacteroides goldsteinii,2,2017
Atopobium parvulum,2,2017
Clostridium disporicum,2,2017
Candida duobushaemulonii,2,2017
Malassezia slooffiae,2,2017
Turicella otitidis,2,2017
Synergistaceae,2,2017
Acinetobacter johnsonii,2,2017
Capnocytophaga canimorsus,2,2017
Staphylococcus saprophyticus,2,2017
Aerococcus urinae,2,2017
Bacteroides fluxus,2,2017
Staphylococcus sciuri,2,2017
Clostridium novyi,2,2017
Anaerococcus prevotii,2,2017
Acidaminococcus intestini,2,2017
Bacteroides dorei,2,2017
Solobacterium moorei,2,2017
Photobacterium damselae subsp damselae,2,2017
Haemophilus species,2,2017
Aspergillus versicolor,2,2017
Cryptococcus species,2,2017
Mucor species,2,2017
Rhodotorula species,2,2017
Malassezia species,2,2017
Escherichia hermannii,2,2017
Shigella flexneri,2,2017
Mycobacterium paragordonae,2,2017
Exophiala dermatitidis,2,2017
Capnocytophaga sputigena,2,2017
Streptococcus lutetiensis,2,2017
Escherichia coli,13209,2018
Candida albicans,6360,2018
Pseudomonas aeruginosa,6100,2018
Methicillin resistant Staphylococcus aureus,5753,2018
Klebsiella pneumoniae,4490,2018
Klebsiella species,2701,2018
Staphylococcus aureus,2564,2018
Enterococcus faecium,2359,2018
"Staphylococcus, coagulase negative",2307,2018
Acinetobacter calcoaceticus-Acinetobacter baumannii complex,2048,2018
Stenotrophomonas maltophilia,2009,2018
Proteus mirabilis,1812,2018
Candida species,1754,2018
Enterococcus species,1710,2018
Enterococcus faecalis,1472,2018
Candida tropicalis,1336,2018
Candida glabrata,1168,2018
Corynebacterium striatum,1091,2018
Diphtheroids,1012,2018
Enterobacter cloacae complex,863,2018
Mycobacterium tuberculosis,800,2018
Yeast,780,2018
Acinetobacter baumannii group,708,2018
Candida parapsilosis,651,2018
Enterobacter species,625,2018
Proteus species,501,2018
Morganella morganii,494,2018
Haemophilus influenzae,462,2018
Klebsiella aerogenes,461,2018
Clostridioides difficile,431,2018
Mycobacterium species,430,2018
Citrobacter species,428,2018
Streptococcus anginosus,425,2018
Gram-negative bacilli,424,2018
Alpha-haemolytic streptococcus,414,2018
Bacteroides fragilis,379,2018
Streptococcus agalactiae,379,2018
Coliform bacteria,329,2018
Serratia species,313,2018
Streptococcus pneumoniae,296,2018
Aeromonas species,285,2018
Mycobacterium tuberculosis complex,275,2018
"Streptococcus, group G",256,2018
Acinetobacter species,249,2018
Neisseria species,219,2018
Rothia mucilaginosa,205,2018
Bacteroides species,205,2018
Streptococcus pyogenes,200,2018
Clostridium perfringens,197,2018
Bacteroides fragilis group,177,2018
Burkholderia cepacia complex,171,2018
Staphylococcus epidermidis,166,2018
Lactobacillus species,162,2018
Providencia stuartii,157,2018
Bacillus species,155,2018
Gram-positive cocci,152,2018
Streptococcus constellatus,149,2018
Serratia marcescens,139,2018
Salmonella group D,138,2018
"Streptococcus, viridans group",137,2018
Citrobacter koseri,135,2018
Corynebacterium species,133,2018
Klebsiella oxytoca,119,2018
Pichia kudriavzevii,118,2018
Pseudomonas species,117,2018
Moraxella catarrhalis,110,2018
Enterococcus avium,109,2018
Streptococcus species,104,2018
Staphylococcus lugdunensis,97,2018
Candida parapsilosis complex,91,2018
Streptococcus dysgalactiae subsp. equisimilis,88,2018
Achromobacter species,85,2018
Enterococcus gallinarum,85,2018
Aspergillus fumigatus,84,2018
Citrobacter freundii,83,2018
Mycobacterium avium complex,81,2018
Salmonella Enteritidis,78,2018
Bacteroides thetaiotaomicron,78,2018
Enterococcus casseliflavus,76,2018
Streptococcus mitis group,75,2018
Prevotella species,74,2018
Mycobacterium abscessus,70,2018
Klebsiella variicola,69,2018
Staphylococcus capitis,67,2018
Staphylococcus species,65,2018
Candida lusitaniae,63,2018
Salmonella group B,62,2018
Gram-positive bacilli,62,2018
Enterococcus raffinosus,62,2018
Corynebacterium urealyticum,61,2018
Streptococcus milleri group,61,2018
Trichosporon species,58,2018
Flavobacterium species,57,2018
Streptococcus bovis group,56,2018
Peptostreptococcus species,56,2018
Actinomyces species,55,2018
Streptococcus dysgalactiae,51,2018
Anaerobic Gram-negative bacilli,51,2018
Mycobacterium kansasii,51,2018
Anaerobic Gram-positive cocci,49,2018
Cutibacterium acnes,49,2018
Micrococcus species,48,2018
Vibrio vulnificus,47,2018
Aeromonas hydrophila,43,2018
Veillonella species,41,2018
Parvimonas micra,41,2018
Anaerobic Gram-positive bacilli,39,2018
Salmonella species,39,2018
Eggerthella lenta,39,2018
Clostridium species,38,2018
Streptococcus intermedius,37,2018
Providencia species,37,2018
Elizabethkingia species,36,2018
Trichosporon asahii,35,2018
Talaromyces marneffei,35,2018
Candida auris,35,2018
Mycobacterium fortuitum complex,34,2018
Non-haemolytic streptococcus,34,2018
Haemophilus parainfluenzae,34,2018
Staphylococcus haemolyticus,33,2018
Non-fermentative Gram-negative bacilli,33,2018
Streptococcus gallolyticus subspecies pasteurianus,33,2018
Finegoldia magna,32,2018
Achromobacter xylosoxidans,32,2018
Prevotella intermedia,31,2018
Propionibacterium species,31,2018
Fusobacterium species,31,2018
Streptococcus parasanguinis,30,2018
Bacteroides vulgatus,30,2018
Peptoniphilus harei,30,2018
Elizabethkingia meningoseptica,29,2018
Streptococcus salivarius,29,2018
Bacteroides ovatus,29,2018
Anaerobic bacteria,27,2018
Leuconostoc species,27,2018
Streptococcus gallolyticus,26,2018
Candida dubliniensis,26,2018
Clostridium ramosum,26,2018
Bacillus cereus group,24,2018
Aeromonas caviae,24,2018
Corynebacterium amycolatum,23,2018
Staphylococcus caprae,22,2018
Chryseobacterium species,20,2018
Peptostreptococcus anaerobius,19,2018
Lactobacillus rhamnosus,19,2018
Moraxella species,18,2018
Candida guilliermondii,18,2018
Chryseobacterium indologenes,18,2018
Actinomyces odontolyticus,18,2018
Prevotella buccae,17,2018
Aspergillus species,17,2018
Slackia exigua,17,2018
Bacillus cereus,17,2018
Shewanella algae,17,2018
Saccharomyces cerevisiae,17,2018
"Streptococcus, group C",16,2018
Cryptococcus neoformans,16,2018
Ochrobactrum species,15,2018
Prevotella bivia,15,2018
Bacteroides uniformis,15,2018
Pseudomonas putida,15,2018
Streptococcus gordonii,15,2018
Shewanella species,14,2018
Micrococcus luteus,14,2018
Granulicatella adiacens,14,2018
Providencia rettgeri,14,2018
Parabacteroides distasonis,14,2018
Fusobacterium varium,13,2018
Legionella pneumophila,13,2018
Chryseobacterium gleum,13,2018
Corynebacterium jeikeium,13,2018
Salmonella group E,13,2018
Actinomyces turicensis,12,2018
Plesiomonas shigelloides,12,2018
Legionella pneumophila serogroup 1,12,2018
Lactococcus species,12,2018
Mould,12,2018
Scedosporium inflatum,12,2018
Enterobacter cloacae,11,2018
Kodamaea ohmeri,11,2018
Arcanobacterium haemolyticum,11,2018
Trichophyton rubrum,11,2018
Fusobacterium mortiferum,11,2018
Sphingomonas paucimobilis,11,2018
Listeria monocytogenes,11,2018
Aspergillus terreus,11,2018
Peptostreptococcus micros,10,2018
Salmonella group C,10,2018
Corynebacterium tuberculostearicum,10,2018
Staphylococcus hominis,10,2018
Mycoplasma hominis,10,2018
Aspergillus flavus,10,2018
Streptococcus sanguinis,9,2018
Lactobacillus salivarius,9,2018
Acinetobacter junii,9,2018
Candida metapsilosis,9,2018
Lactobacillus fermentum,9,2018
Proteus vulgaris,9,2018
Streptococcus oralis,8,2018
Haemophilus parahaemolyticus,8,2018
Corynebacterium resistens,8,2018
Eubacterium species,8,2018
Staphylococcus saccharolyticus,8,2018
Gemella morbillorum,8,2018
Pichia species,8,2018
Lactococcus garvieae,8,2018
Staphylococcus warneri,8,2018
Alcaligenes faecalis,8,2018
Vibrio species,7,2018
Bacteroides caccae,7,2018
Rhizopus species,7,2018
Elizabethkingia anophelis,7,2018
Vibrio fluvialis,7,2018
Enterococcus hirae,7,2018
Nocardia species,7,2018
Rapid growing mycobacteria,7,2018
Vibrio parahaemolyticus,7,2018
Fusarium species,7,2018
Pichia norvegensis,7,2018
Gram-positive coccobacilli,7,2018
Acinetobacter baumannii,7,2018
Raoultella species,7,2018
Raoultella planticola,6,2018
Comamonas species,6,2018
Pseudomonas putida group,6,2018
Kluyveromyces marxianus,6,2018
Histoplasma capsulatum,6,2018
Citrobacter amalonaticus,6,2018
Salmonella typhimurium,6,2018
"Vibrio cholerae, non-O1/non-O139",6,2018
Lactobacillus gasseri,6,2018
Bifidobacterium longum,6,2018
Clostridium innocuum,6,2018
Eikenella corrodens,6,2018
Nocardia farcinica,6,2018
Corynebacterium pseudodiphtheriticum,6,2018
Pediococcus species,6,2018
Prevotella nigrescens,6,2018
Candida norvegensis,6,2018
Cryptococcus species,6,2018
Pseudomonas mendocina,6,2018
Bacteroides cellulosilyticus,6,2018
Kluyvera species,6,2018
Edwardsiella tarda,5,2018
Peptoniphilus species,5,2018
Enterococcus cecorum,5,2018
Aeromonas veronii,5,2018
Anaerobic diphtheroids,5,2018
Staphylococcus saprophyticus,5,2018
Dialister pneumosintes,5,2018
Aerococcus species,5,2018
Actinotignum species,5,2018
Bacteroides pyogenes,5,2018
Mycobacterium chelonae,5,2018
Pluralibacter gergoviae,5,2018
Brevibacillus parabrevis,5,2018
Proteus hauseri,5,2018
Pasteurella multocida,5,2018
Saccharomyces species,5,2018
Fusobacterium necrophorum,5,2018
Gardnerella vaginalis,5,2018
Pseudomonas otitidis,5,2018
Neisseria meningitidis,5,2018
Candida nivariensis,5,2018
Streptococcus sinensis,5,2018
Candida orthopsilosis,5,2018
Streptococcus salivarius group,4,2018
Dermacoccus species,4,2018
Gemella species,4,2018
Geotrichum species,4,2018
Burkholderia cepacia,4,2018
Prevotella oris,4,2018
Aerococcus urinae,4,2018
Campylobacter coli,4,2018
Campylobacter fetus,4,2018
Kocuria species,4,2018
Klebsiella pneumoniae complex,4,2018
Fungal Hyphae,4,2018
Streptococcus equi subsp. equi,4,2018
Burkholderia species,4,2018
Curvularia species,4,2018
Alcaligenes species,4,2018
Edwardsiella species,4,2018
Veillonella parvula,4,2018
Clostridium tertium,4,2018
Staphylococcus pseudintermedius,4,2018
Candida rugosa,4,2018
Aggregatibacter segnis,4,2018
Haemophilus species,4,2018
Actinobaculum schaalii,4,2018
Paenibacillus species,4,2018
Sphingobacterium species,4,2018
Mycobacterium mageritense,4,2018
Corynebacterium macginleyi,4,2018
Absidia corymbifera,4,2018
Rothia species,3,2018
Acinetobacter ursingii,3,2018
Cupriavidus species,3,2018
Bifidobacterium species,3,2018
Vibrio furnissii,3,2018
Prevotella disiens,3,2018
Trueperella bernardiae,3,2018
Trichosporon mucoides,3,2018
Aeromonas sobria,3,2018
Enterococcus durans,3,2018
Mycobacterium mucogenicum group,3,2018
Legionella species,3,2018
Arthrobacter species,3,2018
Staphylococcus cohnii,3,2018
Acid-fast bacillus,3,2018
Prevotella heparinolytica,3,2018
Aspergillus fumigatus complex,3,2018
Dermabacter hominis,3,2018
Neisseria gonorrhoeae,3,2018
Acidovorax temperans,3,2018
Scedosporium apiospermum complex,3,2018
Burkholderia pseudomallei,3,2018
Lactobacillus paracasei,3,2018
Bacteroides nordii,3,2018
Sphingomonas species,3,2018
Aggregatibacter aphrophilus,3,2018
Salmonella group G,3,2018
Brevibacterium casei,3,2018
Citrobacter braakii,3,2018
Escherichia fergusonii,3,2018
Porphyromonas species,3,2018
Ruminococcus gnavus,3,2018
Streptococcus mitis,3,2018
Clostridium paraputrificum,3,2018
Fusobacterium nucleatum,3,2018
Penicillium species,3,2018
Atopobium rimae,3,2018
Globicatella sanguinis,3,2018
Shewanella putrefaciens,3,2018
Gram-negative cocci,3,2018
Aeromonas veronii biovar sobria,3,2018
Brevibacterium species,3,2018
Proteus penneri,3,2018
Streptococcus gallolyticus subspecies gallolyticus,3,2018
Acinetobacter lwoffii,3,2018
Trichophyton species,3,2018
Dermabacter species,3,2018
Prevotella corporis,2,2018
Bordetella bronchiseptica,2,2018
Alistipes species,2,2018
Rahnella aquatilis,2,2018
Pseudomonas mosselii,2,2018
Eubacterium aerofaciens,2,2018
Mycobacterium xenopi,2,2018
Anaerococcus tetradius,2,2018
Pasteurella species,2,2018
Aggregatibacter actinomycetemcomitans,2,2018
Acinetobacter bereziniae,2,2018
Brachybacterium species,2,2018
Mycobacterium iranicum,2,2018
Cryptococcus gattii,2,2018
Anaerobic Gram-negative cocci,2,2018
Leuconostoc lactis,2,2018
Corynebacterium afermentans,2,2018
Attenuated Mycobacterium bovis,2,2018
Methylobacterium species,2,2018
Streptococcus lutetiensis,2,2018
Neisseria flavescens,2,2018
Curtobacterium flaccumfaciens,2,2018
Acinetobacter guillouiae,2,2018
Deinococcus species,2,2018
Dietzia cinnamea,2,2018
Acinetobacter variabilis,2,2018
Bifidobacterium breve,2,2018
Porphyromonas somerae,2,2018
Mucor species,2,2018
Salmonella singapore,2,2018
Corynebacterium pyruviciproducens,2,2018
Clostridium disporicum,2,2018
Mycobacterium rufum,2,2018
Aerococcus viridans,2,2018
Mycobacterium parascrofulaceum,2,2018
Rhodotorula species,2,2018
Propionibacterium avidum,2,2018
Ralstonia mannitolilytica,2,2018
Corynebacterium propinquum,2,2018
Rothia dentocariosa,2,2018
Anaerococcus species,2,2018
Hafnia alvei,2,2018
Oligella urethralis,2,2018
Cellulosimicrobium cellulans,2,2018
Fusarium solani complex,2,2018
Peptoniphilus asaccharolyticus,2,2018
Streptococcus dysgalactiae subsp. dysgalactiae,2,2018
Bacteroides stercoris,2,2018
Capnocytophaga species,2,2018
Streptococcus infantarius,2,2018
Myroides species,2,2018
Clostridium cadaveris,2,2018
Facklamia ignava,2,2018
Streptococcus mutans,2,2018
Neisseria elongata,2,2018
Ochrobactrum intermedium,2,2018
Aspergillus niger,2,2018
Rhodotorula rubra,2,2018
Campylobacter species,2,2018
Tsukamurella tyrosinosolvens,2,2018
Corynebacterium minutissimum,2,2018
Vibrio alginolyticus,2,2018
Kytococcus schroeteri,1,2018
Gram-positive cocci in chains,1,2018
Sphingomonas pseudosanguinis,1,2018
Paracoccus sanguinis,1,2018
Solobacterium moorei,1,2018
Clostridium celatum,1,2018
Roseomonas species,1,2018
Brevundimonas vesicularis,1,2018
Veillonella dispar,1,2018
Arthrobacter cumminsii,1,2018
Prevotella nanceiensis,1,2018
Abiotrophia defectiva,1,2018
Trichophyton mentagrophytes,1,2018
Candida utilis,1,2018
Anaerococcus vaginalis,1,2018
Shigella sonnei,1,2018
Helcococcus species,1,2018
Bacteroides eggerthii,1,2018
Corynebacterium glucuronolyticum,1,2018
Pseudomonas nitroreducens,1,2018
Prevotella oralis,1,2018
Acinetobacter johnsonii,1,2018
Clostridium hathewayi,1,2018
Raoultella ornithinolytica,1,2018
Arcobacter species,1,2018
Arcanobacterium species,1,2018
Turicibacter sanguinis,1,2018
Pseudomonas oryzihabitans,1,2018
Salmonella group M,1,2018
Gleimia europaea,1,2018
Citrobacter sedlakii,1,2018
Streptococcus suis,1,2018
Clostridium septicum,1,2018
Citrobacter youngae,1,2018
Sutterella species,1,2018
Pediococcus pentosaceus,1,2018
Megamonas species,1,2018
Salmonella group Q,1,2018
Pseudomonas fluorescens,1,2018
Pseudomonas guariconensis,1,2018
Elizabethkingia miricola,1,2018
Porphyromonas uenonis,1,2018
Lactobacillus crispatus,1,2018
Staphylococcus condimenti,1,2018
Acinetobacter pittii,1,2018
Anaerobic Gram-negative coccobacilli,1,2018
Cetobacterium somerae,1,2018
Kocuria rhizophila,1,2018
Comamonas kerstersii,1,2018
Salmonella bareilly,1,2018
Staphylococcus pettenkoferi,1,2018
Psychrobacillus species,1,2018
Candida lipolytica,1,2018
Prevotella baroniae,1,2018
Salmonella Typhi,1,2018
Klebsiella pneumoniae subsp. Ozaenae,1,2018
Anaerococcus prevotii,1,2018
Capnocytophaga canimorsus,1,2018
Dermacoccus nishinomiyaensis,1,2018
Corynebacterium aurimucosum,1,2018
Parabacteroides species,1,2018
Delftia acidovorans,1,2018
Pediococcus acidilactici,1,2018
Curtobacterium species,1,2018
Streptococcus peroris,1,2018
Burkholderia gladioli,1,2018
Anaerococcus murdochii,1,2018
Campylobacter ureolyticus,1,2018
Mycobacterium obuense,1,2018
Mycobacterium terrae complex,1,2018
Prevotella pallens,1,2018
Microbacterium species,1,2018
Enterococcus thailandicus,1,2018
Olsenella species,1,2018
Candida famata,1,2018
Serratia fonticola,1,2018
Paenibacillus glucanolyticus,1,2018
Parabacteroides merdae,1,2018
Aerococcus sanguinicola,1,2018
Lysinibacillus species,1,2018
Actinomyces oris,1,2018
Candida zeylanoides,1,2018
Lactobacillus delbrueckii,1,2018
Helcococcus kunzii,1,2018
Alistipes putredinis,1,2018
Clostridium bifermentans,1,2018
Campylobacter rectus,1,2018
Meyerozyma guilliermondii,1,2018
Bacteroides xylanisolvens,1,2018
Clostridium symbiosum,1,2018
Moraxella osloensis,1,2018
Actinomyces radingae,1,2018
Bacteroides intestinalis,1,2018
Actinomyces urogenitalis,1,2018
Salmonella saintpaul,1,2018
Christensenella species,1,2018
Shigella species,1,2018
Rhodococcus species,1,2018
Beta-haemolytic streptococcus,1,2018
Mycobacterium gordonae,1,2018
Nutritionally Variant Streptococcus,1,2018
Delftia species,1,2018
Enterocloster clostridioformis,1,2018
Malassezia pachydermatis,1,2018
Weissella confusa,1,2018
Paecilomyces species,1,2018
Mycobacterium fortuitum,1,2018
Gram-negative coccobacilli,1,2018
Malassezia species,1,2018
Haemophilus haemolyticus,1,2018
Actinotignum schaalii,1,2018
Absidia species,1,2018
Odoribacter splanchnicus,1,2018
Actinomyces israelii,1,2018
Bordetella species,1,2018
"Mycobacterium, non-TB",1,2018
Clostridium bartlettii,1,2018
Neurospora species,1,2018
Pseudomonas stutzeri,1,2018
Nocardia farcinica complex,1,2018
Pseudoclavibacter,1,2018
Bordetella hinzii,1,2018
Actinomyces georgiae,1,2018
Prevotella timonensis,1,2018
Vagococcus fluvialis,1,2018
Corynebacterium coyleae,1,2018
Serratia liquefaciens,1,2018
Shigella flexneri,1,2018
Corynebacterium simulans,1,2018
Kluyvera ascorbata,1,2018
Paenibacillus illinoisensis,1,2018
Actinomyces neuii,1,2018
Campylobacter gracilis,1,2018
Blastoschizomyces capitatus,1,2018
Capnocytophaga sputigena,1,2018
Pseudomonas alcaligenes,1,2018
Streptococcus iniae,1,2018
Cupriavidus gilardii,1,2018
Neisseria subflava,1,2018
Veillonella montpellierensis,1,2018
Acinetobacter haemolyticus,1,2018
Cronobacter species,1,2018
Acremonium species,1,2018
Escherichia coli,3451,2020
Candida albicans,1507,2020
Pseudomonas aeruginosa,1310,2020
Klebsiella pneumoniae,1238,2020
Methicillin resistant Staphylococcus aureus,1208,2020
Enterococcus faecium,800,2020
Proteus mirabilis,600,2020
Acinetobacter calcoaceticus-Acinetobacter baumannii complex,600,2020
Staphylococcus aureus,581,2020
Klebsiella species,552,2020
"Staphylococcus, coagulase negative",487,2020
Enterococcus faecalis,484,2020
Candida glabrata,426,2020
Candida tropicalis,384,2020
Corynebacterium striatum,332,2020
Stenotrophomonas maltophilia,320,2020
Candida species,299,2020
Enterobacter cloacae complex,250,2020
Mycobacterium tuberculosis,181,2020
Klebsiella aerogenes,174,2020
Candida parapsilosis,146,2020
Bacteroides fragilis,142,2020
Mycobacterium tuberculosis complex,136,2020
Morganella morganii,133,2020
Streptococcus agalactiae,107,2020
Coliform bacteria,103,2020
Streptococcus anginosus,101,2020
Citrobacter species,80,2020
Yeast,77,2020
Candida auris,75,2020
Enterococcus avium,65,2020
Aeromonas species,61,2020
Bacteroides species,60,2020
Serratia marcescens,56,2020
Diphtheroids,53,2020
Citrobacter koseri,51,2020
Clostridioides difficile,50,2020
Klebsiella variicola,50,2020
Streptococcus constellatus,48,2020
Clostridium perfringens,44,2020
Staphylococcus epidermidis,43,2020
Proteus species,42,2020
Corynebacterium species,41,2020
Serratia species,38,2020
Burkholderia cepacia complex,37,2020
Gram-negative bacilli,35,2020
Enterococcus raffinosus,35,2020
Streptococcus mitis group,35,2020
Streptococcus pneumoniae,35,2020
Streptococcus dysgalactiae,33,2020
Staphylococcus capitis,32,2020
Lactobacillus species,32,2020
Streptococcus species,32,2020
Candida dubliniensis,32,2020
"Streptococcus, group G",31,2020
Klebsiella oxytoca,31,2020
Mycobacterium avium complex,29,2020
Bacteroides fragilis group,28,2020
Salmonella Enteritidis,28,2020
Citrobacter freundii,27,2020
Candida lusitaniae,27,2020
Alpha-haemolytic streptococcus,27,2020
Pichia kudriavzevii,26,2020
Streptococcus dysgalactiae subsp. equisimilis,26,2020
Elizabethkingia species,26,2020
Veillonella species,25,2020
Salmonella group D,24,2020
Vibrio vulnificus,24,2020
Bacteroides thetaiotaomicron,23,2020
Klebsiella pneumoniae complex,23,2020
Candida guilliermondii,22,2020
Anaerobic bacteria,22,2020
Staphylococcus lugdunensis,22,2020
Streptococcus parasanguinis,21,2020
Enterococcus gallinarum,19,2020
Bacillus species,19,2020
Enterococcus casseliflavus,19,2020
Acinetobacter species,18,2020
Prevotella species,17,2020
Providencia stuartii,17,2020
Anaerobic Gram-negative bacilli,16,2020
Haemophilus influenzae,15,2020
Eggerthella lenta,15,2020
Staphylococcus hominis,15,2020
Streptococcus salivarius,15,2020
Corynebacterium urealyticum,15,2020
Prevotella bivia,15,2020
Actinomyces species,15,2020
Mycobacterium species,14,2020
Bacteroides vulgatus,14,2020
Enterococcus species,14,2020
"Streptococcus, viridans group",14,2020
Mycobacterium abscessus,13,2020
Streptococcus intermedius,13,2020
Streptococcus gallolyticus,13,2020
Corynebacterium amycolatum,13,2020
Streptococcus bovis group,12,2020
Trichosporon asahii,12,2020
Fusobacterium varium,12,2020
Mycobacterium fortuitum complex,12,2020
Staphylococcus caprae,12,2020
Moraxella catarrhalis,12,2020
Bacteroides ovatus,12,2020
Alcaligenes faecalis,11,2020
Chryseobacterium indologenes,11,2020
Talaromyces marneffei,11,2020
Pseudomonas species,11,2020
Trichophyton rubrum,10,2020
Achromobacter species,10,2020
Neisseria species,10,2020
Peptostreptococcus anaerobius,10,2020
Aeromonas hydrophila,9,2020
Lactobacillus fermentum,9,2020
Clostridium species,9,2020
Gram-positive cocci,9,2020
Enterobacter species,9,2020
Pichia species,9,2020
Rothia mucilaginosa,9,2020
Trichosporon species,8,2020
Bacillus cereus group,8,2020
Shewanella species,8,2020
Streptococcus pyogenes,8,2020
Peptostreptococcus species,8,2020
Finegoldia magna,8,2020
Citrobacter freundii complex,8,2020
Salmonella group B,7,2020
Candida parapsilosis complex,7,2020
Enterococcus hirae,7,2020
Clostridium innocuum,7,2020
Streptococcus sanguinis,7,2020
Candida metapsilosis,7,2020
Corynebacterium jeikeium,7,2020
Achromobacter xylosoxidans,7,2020
Streptococcus milleri group,7,2020
Providencia rettgeri,6,2020
Candida glabrata complex,6,2020
Fusobacterium nucleatum,6,2020
Fusobacterium species,6,2020
Prevotella buccae,6,2020
Streptococcus gordonii,6,2020
Acinetobacter ursingii,6,2020
Lactobacillus salivarius,6,2020
Aspergillus species,6,2020
Salmonella species,6,2020
Aeromonas caviae,5,2020
Elizabethkingia meningoseptica,5,2020
Actinomyces odontolyticus,5,2020
Kluyveromyces marxianus,5,2020
Raoultella species,5,2020
Salmonella group E,5,2020
Proteus vulgaris,5,2020
Clostridium ramosum,5,2020
Listeria monocytogenes,5,2020
Pluralibacter gergoviae,5,2020
Abiotrophia defectiva,5,2020
Mycobacterium kansasii,5,2020
Clostridium paraputrificum,5,2020
Slackia exigua,5,2020
Lodderomyces elongisporus,5,2020
Candida orthopsilosis,5,2020
Streptococcus gallolyticus subspecies pasteurianus,5,2020
Enterobacter cloacae,5,2020
Kocuria species,5,2020
Parabacteroides distasonis,4,2020
Parabacteroides goldsteinii,4,2020
Elizabethkingia miricola,4,2020
Salmonella group C,4,2020
Staphylococcus species,4,2020
Bacteroides uniformis,4,2020
Providencia species,4,2020
Chryseobacterium gleum,4,2020
Elizabethkingia anophelis,4,2020
Mould,4,2020
Prevotella melaninogenica,4,2020
Citrobacter amalonaticus,4,2020
Chryseobacterium species,4,2020
Cryptococcus neoformans,4,2020
Parvimonas micra,4,2020
Anaerobic Gram-positive bacilli,3,2020
Lactococcus garvieae,3,2020
Staphylococcus haemolyticus,3,2020
Corynebacterium macginleyi,3,2020
Aerococcus urinae,3,2020
Bacteroides caccae,3,2020
Fusobacterium mortiferum,3,2020
Shewanella algae,3,2020
Anaerobic Gram-positive cocci,3,2020
Gemella morbillorum,3,2020
Corynebacterium tuberculostearicum,3,2020
Acid-fast bacillus,3,2020
Attenuated Mycobacterium bovis,3,2020
Aerococcus species,3,2020
Trueperella bernardiae,3,2020
Enterococcus thailandicus,3,2020
Pseudomonas putida group,3,2020
Lactobacillus paracasei,3,2020
Haemophilus parainfluenzae,3,2020
Gram-positive bacilli,3,2020
Prevotella intermedia,3,2020
Rhizobium radiobacter,2,2020
Corynebacterium afermentans,2,2020
Candida pelliculosa,2,2020
Prevotella oralis,2,2020
Moraxella species,2,2020
Propionibacterium species,2,2020
Ralstonia mannitolilytica,2,2020
Butyricimonas species,2,2020
Prevotella nanceiensis,2,2020
Lactobacillus delbrueckii,2,2020
Brevibacterium casei,2,2020
Ochrobactrum anthropi,2,2020
Plesiomonas shigelloides,2,2020
Eubacterium tenue,2,2020
Candida nivariensis,2,2020
Eubacterium aerofaciens,2,2020
Geotrichum species,2,2020
Actinomyces neuii,2,2020
Campylobacter coli,2,2020
Acinetobacter junii,2,2020
Lactobacillus gasseri,2,2020
Streptococcus pseudopneumoniae,2,2020
Sphingomonas paucimobilis,2,2020
Bacteroides nordii,2,2020
Micrococcus luteus,2,2020
Vibrio alginolyticus,2,2020
Aspergillus flavus,2,2020
Aeromonas veronii,2,2020
Corynebacterium simulans,2,2020
Streptococcus infantarius,2,2020
Citrobacter farmeri,2,2020
Nocardia farcinica,2,2020
Atopobium rimae,2,2020
Burkholderia pseudomallei,2,2020
Microbacterium paraoxydans,2,2020
Ralstonia picketti,2,2020
Acinetobacter bereziniae,2,2020
Peptoniphilus species,2,2020
Leclercia adecarboxylata,2,2020
Bacteroides massiliensis,2,2020
Kluyvera georgiana,2,2020
"Streptococcus, group C",2,2020
Streptococcus mutans,2,2020
Bifidobacterium species,2,2020
Prevotella timonensis,2,2020
Pseudomonas mendocina,2,2020
Citrobacter youngae,2,2020
Leuconostoc lactis,2,2020
Bilophila wadsworthia,2,2020
Eikenella corrodens,2,2020
Prevotella denticola,2,2020
Pantoea species,2,2020
Gemella species,2,2020
Propionibacterium avidum,2,2020
Corynebacterium pseudodiphtheriticum,2,2020
Globicatella species,1,2020
Burkholderia species,1,2020
Staphylococcus saprophyticus,1,2020
Mycobacterium gordonae,1,2020
Actinotignum sanguinis,1,2020
Kodamaea ohmeri,1,2020
Non-haemolytic streptococcus,1,2020
Anaerobic Gram-negative cocci,1,2020
Mucor species,1,2020
Cutibacterium acnes,1,2020
Lactobacillus sakei,1,2020
Globicatella sanguinis,1,2020
Gordonia sputi,1,2020
Gordonia species,1,2020
Eubacterium species,1,2020
Saccharomyces cerevisiae,1,2020
Parvimonas species,1,2020
Lactobacillus rhamnosus,1,2020
Penicillium species,1,2020
Peptoniphilus harei,1,2020
Edwardsiella tarda,1,2020
Edwardsiella species,1,2020
Pichia norvegensis,1,2020
"Vibrio cholerae, non-O1/non-O139",1,2020
Roseomonas mucosa,1,2020
Parabacteroides johnsonii,1,2020
Aspergillus niger,1,2020
Comamonas species,1,2020
Neisseria subflava,1,2020
Prevotella loescheii,1,2020
Mycobacterium neoaurum,1,2020
Legionella pneumophila,1,2020
Gleimia europaea,1,2020
Pseudomonas otitidis,1,2020
Streptococcus salivarius group,1,2020
Bifidobacterium dentium,1,2020
Rhodotorula species,1,2020
Micrococcus species,1,2020
Kluyvera intermedia,1,2020
Staphylococcus equorum,1,2020
Cronobacter species,1,2020
Vibrio parahaemolyticus,1,2020
Gordonibacter pamelaeae,1,2020
Meyerozyma species,1,2020
Alloscardovia omnicolens,1,2020
Veillonella atypica,1,2020
Paenibacillus barengoltzii,1,2020
Lactobacillus crispatus,1,2020
Staphylococcus pettenkoferi,1,2020
Bacillus licheniformis,1,2020
Campylobacter jejuni,1,2020
Salmonella group I,1,2020
Pseudomonas guariconensis,1,2020
Rothia dentocariosa,1,2020
Candida norvegensis,1,2020
Pasteurella multocida,1,2020
Dermacoccus species,1,2020
Proteus hauseri,1,2020
Capnocytophaga gingivalis,1,2020
Clostridium hathewayi,1,2020
Eubacterium limosum,1,2020
Kluyvera ascorbata,1,2020
Paenibacillus lautus,1,2020
Clostridium sporogenes,1,2020
Arthrobacter species,1,2020
Chryseobacterium hominis,1,2020
Aerococcus sanguinicola,1,2020
Porphyromonas gingivalis,1,2020
Acinetobacter guillouiae,1,2020
Candida rugosa,1,2020
Paenibacillus species,1,2020
Ochrobactrum intermedium,1,2020
Corynebacterium aurimucosum,1,2020
Prevotella disiens,1,2020
Gordonia bronchialis,1,2020
Corynebacterium resistens,1,2020
Raoultella planticola,1,2020
Streptococcus cristatus,1,2020
Kazachstania telluris,1,2020
Atopobium parvulum,1,2020
Prevotella nigrescens,1,2020
Enterococcus cecorum,1,2020
Prevotella heparinolytica,1,2020
Bacillus idriensis,1,2020
Bacillus megaterium,1,2020
Myroides species,1,2020
Dietzia species,1,2020
Gemella haemolysans,1,2020
Paenibacillus urinalis,1,2020
Streptococcus vestibularis,1,2020
Bacteroides cellulosilyticus,1,2020
Streptococcus gallolyticus subspecies gallolyticus,1,2020
Mycobacterium terrae complex,1,2020
Olsenella uli,1,2020
Prevotella baroniae,1,2020
Mycobacterium obuense,1,2020
Lactobacillus plantarum,1,2020
Clostridium tertium,1,2020
Cetobacterium somerae,1,2020
Anaerococcus murdochii,1,2020
Actinomyces naeslundii,1,2020
Actinotignum schaalii,1,2020
Paenibacillus glucanolyticus,1,2020
Acinetobacter schindleri,1,2020
Arcanobacterium haemolyticum,1,2020
Staphylococcus petrasii,1,2020
Mycobacterium chelonae,1,2020
Chryseobacterium taklimakanense,1,2020
Parabacteroides species,1,2020
Rothia aeria,1,2020
Cronobacter sakazakii,1,2020
Rothia endophytica,1,2020
Actinomyces neuii ss neuii,1,2020
Anaerococcus vaginalis,1,2020
Eggerthella species,1,2020
Clavispora opuntiae,1,2020
Non-fermentative Gram-negative bacilli,1,2020
Escherichia coli,7784,2021
Candida albicans,3991,2021
Pseudomonas aeruginosa,3860,2021
Methicillin resistant Staphylococcus aureus,3040,2021
Enterococcus faecium,2145,2021
Acinetobacter calcoaceticus-Acinetobacter baumannii complex,2109,2021
Klebsiella pneumoniae,1932,2021
Klebsiella pneumoniae complex,1705,2021
Staphylococcus aureus,1484,2021
Proteus mirabilis,1365,2021
Candida glabrata,1066,2021
Enterococcus faecalis,1060,2021
Stenotrophomonas maltophilia,947,2021
Candida tropicalis,934,2021
"Staphylococcus, coagulase negative",887,2021
Klebsiella species,683,2021
Corynebacterium striatum,660,2021
Enterobacter cloacae complex,544,2021
Klebsiella aerogenes,518,2021
Mycobacterium tuberculosis,501,2021
Diphtheroids,440,2021
Candida parapsilosis,422,2021
Staphylococcus epidermidis,338,2021
Streptococcus agalactiae,331,2021
Candida species,326,2021
Morganella morganii,321,2021
Streptococcus anginosus,270,2021
Mycobacterium tuberculosis complex,269,2021
Aeromonas species,264,2021
Bacteroides fragilis,251,2021
Coliform bacteria,251,2021
Citrobacter species,239,2021
Clostridioides difficile,236,2021
Mycobacterium species,217,2021
Enterobacter species,215,2021
Candida parapsilosis complex,208,2021
Enterococcus species,187,2021
Alpha-haemolytic streptococcus,173,2021
"Streptococcus, group G",143,2021
Corynebacterium species,142,2021
Clostridium perfringens,135,2021
Gram-negative bacilli,132,2021
Bacteroides fragilis group,124,2021
Burkholderia cepacia complex,123,2021
Bacteroides species,116,2021
Neisseria species,114,2021
Yeast,107,2021
Enterococcus avium,106,2021
Citrobacter koseri,106,2021
Serratia species,105,2021
Proteus species,104,2021
Providencia stuartii,103,2021
Staphylococcus haemolyticus,97,2021
Candida auris,90,2021
Pichia kudriavzevii,88,2021
Streptococcus species,88,2021
Staphylococcus capitis,87,2021
Acinetobacter species,81,2021
Klebsiella oxytoca,76,2021
"Streptococcus, viridans group",75,2021
Bacillus species,75,2021
Rothia mucilaginosa,74,2021
Salmonella group D,70,2021
Trichosporon asahii,69,2021
Mycobacterium avium complex,68,2021
Acinetobacter baumannii,68,2021
Salmonella Enteritidis,67,2021
Candida dubliniensis,67,2021
Staphylococcus lugdunensis,66,2021
Streptococcus constellatus,65,2021
Haemophilus influenzae,64,2021
Serratia marcescens,61,2021
Lactobacillus species,60,2021
Streptococcus mitis group,57,2021
Enterococcus raffinosus,56,2021
Prevotella species,49,2021
Pseudomonas species,48,2021
Anaerobic bacteria,48,2021
Citrobacter freundii complex,48,2021
Enterococcus casseliflavus,47,2021
Gram-positive cocci,44,2021
Achromobacter species,44,2021
Elizabethkingia species,40,2021
Staphylococcus caprae,40,2021
Streptococcus pyogenes,40,2021
Kodamaea ohmeri,39,2021
Eggerthella lenta,37,2021
Candida lusitaniae,37,2021
Staphylococcus hominis,36,2021
Salmonella group B,36,2021
Streptococcus pneumoniae,35,2021
Burkholderia pseudomallei,35,2021
Mycobacterium abscessus,34,2021
Bacteroides thetaiotaomicron,31,2021
Flavobacterium species,31,2021
Enterococcus gallinarum,31,2021
Actinomyces species,29,2021
Candida orthopsilosis,29,2021
Klebsiella variicola,28,2021
Streptococcus bovis group,27,2021
Bacteroides vulgatus,27,2021
Mycobacterium kansasii,26,2021
Streptococcus dysgalactiae,25,2021
Peptostreptococcus species,25,2021
Anaerobic Gram-positive cocci,25,2021
Cutibacterium acnes,25,2021
Anaerobic Gram-negative bacilli,25,2021
Corynebacterium jeikeium,24,2021
Parabacteroides distasonis,23,2021
Corynebacterium urealyticum,23,2021
Fusobacterium species,22,2021
Talaromyces marneffei,21,2021
Parvimonas micra,21,2021
Cryptococcus neoformans,21,2021
Non-fermentative Gram-negative bacilli,21,2021
Aspergillus fumigatus,21,2021
Aspergillus species,20,2021
Streptococcus salivarius group,20,2021
Finegoldia magna,20,2021
Haemophilus parainfluenzae,20,2021
Candida metapsilosis,20,2021
Bacillus cereus group,20,2021
Acid-fast bacillus,20,2021
Citrobacter freundii,19,2021
Shewanella species,19,2021
Prevotella bivia,19,2021
Prevotella intermedia,19,2021
Streptococcus intermedius,19,2021
Anaerobic Gram-positive bacilli,19,2021
Candida guilliermondii,19,2021
Trichosporon species,19,2021
Streptococcus dysgalactiae subsp. equisimilis,18,2021
Streptococcus gallolyticus subspecies pasteurianus,18,2021
Propionibacterium species,18,2021
Salmonella species,18,2021
Fusarium species,18,2021
Micrococcus species,17,2021
Streptococcus gallolyticus,17,2021
Streptococcus parasanguinis,16,2021
Peptostreptococcus anaerobius,16,2021
Gram-positive bacilli,16,2021
Providencia rettgeri,15,2021
Providencia species,15,2021
Prevotella buccae,15,2021
Trichophyton rubrum,14,2021
Corynebacterium resistens,14,2021
Salmonella group C,14,2021
Staphylococcus species,14,2021
Acinetobacter junii,14,2021
Clostridium ramosum,13,2021
Achromobacter xylosoxidans,13,2021
Mycobacterium fortuitum complex,13,2021
Fusobacterium varium,13,2021
Streptococcus milleri group,13,2021
Streptococcus sanguinis,13,2021
Actinomyces odontolyticus,12,2021
Bacteroides uniformis,12,2021
Bacteroides ovatus,11,2021
Plesiomonas shigelloides,11,2021
Aspergillus fumigatus complex,10,2021
Clostridium species,10,2021
Clostridium innocuum,10,2021
Corynebacterium amycolatum,10,2021
Vibrio vulnificus,9,2021
"Vibrio cholerae, non-O1/non-O139",9,2021
Chryseobacterium species,9,2021
Slackia exigua,9,2021
Geotrichum species,9,2021
Bacteroides pyogenes,9,2021
Streptococcus salivarius,8,2021
Campylobacter jejuni,8,2021
Aspergillus flavus,8,2021
Veillonella species,8,2021
Acinetobacter bereziniae,8,2021
Clostridium tertium,8,2021
Streptococcus gordonii,8,2021
Gemella morbillorum,8,2021
Corynebacterium tuberculostearicum,8,2021
Lactobacillus paracasei,8,2021
Lactobacillus salivarius,7,2021
Bacteroides salyersiae,7,2021
"Streptococcus, group C",7,2021
Shewanella putrefaciens,7,2021
Streptococcus gallolyticus subspecies gallolyticus,7,2021
Pediococcus species,7,2021
Enterobacter cloacae,7,2021
Gemella species,7,2021
Elizabethkingia anophelis,6,2021
Aspergillus niger,6,2021
Mould,6,2021
Streptococcus oralis,6,2021
Bacteroides caccae,6,2021
Eubacterium species,6,2021
Alcaligenes faecalis,6,2021
Peptoniphilus species,6,2021
Granulicatella adiacens,6,2021
Proteus penneri,6,2021
Streptococcus cristatus,6,2021
Aeromonas caviae,6,2021
Moraxella species,6,2021
Leuconostoc species,6,2021
Saccharomyces cerevisiae,6,2021
Actinomyces radingae,6,2021
Gram-positive coccobacilli,5,2021
Aerococcus urinae,5,2021
Salmonella group E,5,2021
Aeromonas veronii,5,2021
Aeromonas hydrophila,5,2021
Non-haemolytic streptococcus,5,2021
Pseudomonas otitidis,5,2021
Vibrio parahaemolyticus,5,2021
Raoultella species,5,2021
Nocardia species,5,2021
Chryseobacterium indologenes,5,2021
Eikenella corrodens,5,2021
Proteus vulgaris,5,2021
Corynebacterium simulans,5,2021
Enterococcus hirae,5,2021
Sphingomonas species,5,2021
Actinotignum species,5,2021
Citrobacter amalonaticus,5,2021
Comamonas kerstersii,5,2021
Candida pararugosa,5,2021
Proteus hauseri,5,2021
Prevotella disiens,5,2021
Prevotella nigrescens,5,2021
Lactobacillus rhamnosus,5,2021
Neisseria meningitidis,5,2021
Sphingomonas paucimobilis,5,2021
Moraxella catarrhalis,5,2021
Trichomonas vaginalis,4,2021
Streptococcus mitis,4,2021
Kocuria species,4,2021
Arthrobacter cumminsii,4,2021
Kluyveromyces marxianus,4,2021
Pluralibacter gergoviae,4,2021
Dermabacter hominis,4,2021
Globicatella sanguinis,4,2021
Anaerococcus species,4,2021
Enterobacter hormaechei,4,2021
Bifidobacterium species,4,2021
Streptococcus suis,4,2021
Fusobacterium nucleatum,4,2021
Bacteroides nordii,4,2021
Candida norvegensis,4,2021
Aspergillus flavus complex,4,2021
Hafnia alvei,4,2021
Aeromonas caviae complex,4,2021
Pichia norvegensis,4,2021
Micrococcus luteus,4,2021
Pseudomonas putida group,4,2021
Actinomyces turicensis,4,2021
Aspergillus terreus,4,2021
Veillonella parvula,4,2021
Lactobacillus fermentum,4,2021
Comamonas species,4,2021
Mycobacterium mageritense,4,2021
Dialister pneumosintes,4,2021
Mycobacterium gordonae,4,2021
Schizophyllum commune,4,2021
Staphylococcus saprophyticus,3,2021
Staphylococcus saccharolyticus,3,2021
Fusobacterium gonidiaformans,3,2021
Neisseria subflava,3,2021
Enterococcus cecorum,3,2021
Cetobacterium somerae,3,2021
Trichosporon mucoides,3,2021
Nocardia otitidiscaviarum,3,2021
Parabacteroides gordonii,3,2021
Corynebacterium aurimucosum,3,2021
Candida nivariensis,3,2021
Aggregatibacter aphrophilus,3,2021
Pasteurella multocida,3,2021
Actinomyces neuii ss neuii,3,2021
Porphyromonas species,3,2021
Haemophilus parahaemolyticus,3,2021
Kluyvera species,3,2021
Ochrobactrum species,3,2021
Peptostreptococcus stomatis,3,2021
Lactococcus garvieae,3,2021
Mycobacterium parascrofulaceum,3,2021
Bacteroides massiliensis,3,2021
Prevotella melaninogenica,3,2021
Campylobacter coli,3,2021
Malassezia species,3,2021
Neisseria gonorrhoeae,3,2021
Gardnerella vaginalis,3,2021
Vibrio species,3,2021
Parabacteroides merdae,3,2021
Desulfovibrio species,3,2021
Aerococcus sanguinicola,3,2021
Leptotrichia trevisanii,3,2021
Burkholderia gladioli,3,2021
Paenibacillus urinalis,3,2021
Fusobacterium mortiferum,3,2021
Rapid growing mycobacteria,2,2021
Pantoea species,2,2021
Eubacterium limosum,2,2021
Listeria monocytogenes,2,2021
Actinomyces naeslundii,2,2021
Bacillus cereus,2,2021
Delftia acidovorans,2,2021
Porphyromonas asaccharolytica,2,2021
Leuconostoc lactis,2,2021
Aggregatibacter segnis,2,2021
Penicillium species,2,2021
Prevotella baroniae,2,2021
Corynebacterium macginleyi,2,2021
Vibrio fluvialis,2,2021
Candida fabianii,2,2021
Parabacteroides faecis,2,2021
Prevotella oris,2,2021
Lactococcus species,2,2021
Megamonas species,2,2021
Streptococcus mutans,2,2021
Microbacterium species,2,2021
Staphylococcus pettenkoferi,2,2021
Ruminococcus gnavus,2,2021
Elizabethkingia meningoseptica,2,2021
Gabonibacter species,2,2021
Pasteurella species,2,2021
Mycobacterium neoaurum,2,2021
Prevotella oralis,2,2021
Actinobaculum species,2,2021
Salmonella saintpaul,2,2021
Mycobacterium novocastrense,2,2021
Pseudomonas putida,2,2021
Staphylococcus simulans,2,2021
Legionella pneumophila,2,2021
Prevotella buccalis,2,2021
Cryptococcus species,2,2021
Mycobacterium chelonae,2,2021
Mycobacterium paragordonae,2,2021
Nocardia beijingensis,2,2021
Raoultella planticola,2,2021
Cronobacter sakazakii,2,2021
Delftia species,2,2021
Legionella pneumophila serogroup 1,2,2021
Lactobacillus gasseri,2,2021
Aeromonas sobria,2,2021
Shewanella algae,2,2021
Rhizopus arrhizus,2,2021
Prevotella loescheii,2,2021
Bifidobacterium bifidum,2,2021
Corynebacterium coyleae,2,2021
Brevibacterium species,2,2021
Citrobacter braakii,2,2021
Abiotrophia defectiva,2,2021
Streptococcus peroris,1,2021
Kluyvera cryocrescens,1,2021
Actinomyces funkei,1,2021
Lactobacillus delbrueckii,1,2021
Candida glabrata complex,1,2021
Paenibacillus lautus,1,2021
Hathewaya limosa,1,2021
Hafnia species,1,2021
Paracoccus yeei,1,2021
Actinotignum schaalii,1,2021
Peptoniphilus harei,1,2021
Bacteroides coprocola,1,2021
Ralstonia mannitolilytica,1,2021
Corynebacterium imitans,1,2021
Clostridium sporogenes,1,2021
Clostridium scindens,1,2021
Odoribacter splanchnicus,1,2021
Kazachstania telluris,1,2021
Trichophyton species,1,2021
Bordetella bronchiseptica,1,2021
Aspergillus niger complex,1,2021
Mycobacterium marinum,1,2021
Clostridium septicum,1,2021
Salmonella group I,1,2021
Enterocloster clostridioformis,1,2021
Campylobacter ureolyticus,1,2021
Prevotella corporis,1,2021
Actinomyces urogenitalis,1,2021
Peptoniphilus coxii,1,2021
Corynebacterium mucifaciens,1,2021
Cronobacter species,1,2021
Attenuated Mycobacterium bovis,1,2021
Candida palmioleophila,1,2021
Hungatella species,1,2021
Flavonifractor plautii,1,2021
Brachybacterium species,1,2021
Clostridium subterminale,1,2021
Bacteroides stercoris,1,2021
Staphylococcus pseudintermedius,1,2021
Staphylococcus petrasii,1,2021
Clostridium bifermentans,1,2021
Alistipes onderdonkii,1,2021
Myroides species,1,2021
Salmonella goldcoast,1,2021
Aerococcus species,1,2021
Paeniclostridium sordellii,1,2021
Christensenella species,1,2021
Prevotella timonensis,1,2021
Edwardsiella tarda,1,2021
Solobacterium moorei,1,2021
Pseudomonas citronellolis,1,2021
Gleimia europaea,1,2021
Anaerococcus vaginalis,1,2021
Corynebacterium pseudodiphtheriticum,1,2021
Streptococcus lutetiensis,1,2021
Staphylococcus cohnii subspecies urealyticus,1,2021
Acinetobacter haemolyticus,1,2021
Clostridium butyricum,1,2021
Vagococcus fluvialis,1,2021
Paecilomyces species,1,2021
Arcobacter species,1,2021
Abiotrophia species,1,2021
Citrobacter werkmanii,1,2021
Fusobacterium necrophorum,1,2021
Acidovorax species,1,2021
Candida rugosa,1,2021
Arcanobacterium haemolyticum,1,2021
Haemophilus haemolyticus,1,2021
Pseudomonas monteilii,1,2021
Tsukamurella species,1,2021
Bulleidia extructa,1,2021
Actinomyces meyeri,1,2021
Kerstersia gyiorum,1,2021
Cronobacter sakazakii group,1,2021
Anaerococcus murdochii,1,2021
Curvularia species,1,2021
Burkholderia species,1,2021
Enterococcus canintestini,1,2021
Porphyromonas gingivalis,1,2021
Fusobacterium periodonticum,1,2021
Lactobacillus crispatus,1,2021
Purpureocillium lilacinum,1,2021
Saccharomyces species,1,2021
Ochrobactrum intermedium,1,2021
Salmonella london,1,2021
Salmonella typhimurium,1,2021
Staphylococcus kloosii,1,2021
Pseudomonas stutzeri,1,2021
Cupriavidus gilardii,1,2021
Cupriavidus species,1,2021
Raoultella ornithinolytica,1,2021
Pediococcus acidilactici,1,2021
Weissella species,1,2021
Malassezia pachydermatis,1,2021
Bacillus simplex,1,2021
Parvimonas species,1,2021
Staphylococcus warneri,1,2021
Facklamia hominis,1,2021
Prevotella heparinolytica,1,2021
Dermacoccus nishinomiyaensis,1,2021
Streptococcus vestibularis,1,2021
Cutibacterium species,1,2021
Paenibacillus species,1,2021
Eisenbergiella species,1,2021
Schaalia species,1,2021
Aspergillus nidulans,1,2021
Prevotella veroralis,1,2021
Serratia marcescens complex,1,2021
Corynebacterium accolens,1,2021
Haemophilus species,1,2021
Prevotella salivae,1,2021
Weissella confusa,1,2021
Rothia dentocariosa,1,2021
Actinomyces oris,1,2021
Globicatella species,1,2021
Neisseria bacilliformis,1,2021
Fastidiosipila sanguinis,1,2021
Murdochiella asaccharolytica,1,2021
Acinetobacter ursingii,1,2021
Cladosporium species,1,2021
Lactobacillus jensenii,1,2021
Prevotella denticola,1,2021
Staphylococcus sciuri,1,2021
Capnocytophaga sputigena,1,2021
Streptococcus infantarius,1,2021
Chryseobacterium arthrosphaerae,1,2021
Candida duobushaemulonii,1,2021
Aeromonas veronii biovar sobria,1,2021
Bacteroides cellulosilyticus,1,2021
Escherichia coli,14300,2022
Candida albicans,9027,2022
Pseudomonas aeruginosa,7543,2022
Methicillin resistant Staphylococcus aureus,6756,2022
Enterococcus faecium,5568,2022
Acinetobacter calcoaceticus-Acinetobacter baumannii complex,4756,2022
Staphylococcus aureus,3868,2022
Klebsiella pneumoniae,3696,2022
Klebsiella pneumoniae complex,3621,2022
Proteus mirabilis,2794,2022
Enterococcus faecalis,2351,2022
Candida tropicalis,2176,2022
Candida glabrata,2134,2022
Stenotrophomonas maltophilia,1922,2022
"Staphylococcus, coagulase negative",1750,2022
Corynebacterium striatum,1573,2022
Klebsiella species,1178,2022
Enterobacter cloacae complex,1060,2022
Klebsiella aerogenes,1060,2022
Mycobacterium tuberculosis,910,2022
Candida parapsilosis,881,2022
Diphtheroids,831,2022
Staphylococcus epidermidis,774,2022
Morganella morganii,633,2022
Candida species,585,2022
Candida parapsilosis complex,531,2022
Coliform bacteria,526,2022
Streptococcus anginosus,515,2022
Citrobacter species,485,2022
Mycobacterium tuberculosis complex,478,2022
Streptococcus agalactiae,472,2022
Bacteroides fragilis,396,2022
Clostridioides difficile,392,2022
Serratia species,366,2022
Aeromonas species,341,2022
Mycobacterium species,340,2022
Alpha-haemolytic streptococcus,311,2022
Bacteroides fragilis group,296,2022
Enterobacter species,296,2022
Gram-negative bacilli,277,2022
Citrobacter koseri,269,2022
Clostridium perfringens,256,2022
Neisseria species,252,2022
Yeast,249,2022
Bacteroides species,237,2022
Staphylococcus capitis,237,2022
Streptococcus constellatus,236,2022
"Streptococcus, group G",235,2022
Enterococcus avium,223,2022
Corynebacterium species,219,2022
Proteus species,219,2022
Enterococcus species,218,2022
"Streptococcus, viridans group",208,2022
Pichia kudriavzevii,207,2022
Rothia mucilaginosa,203,2022
Providencia stuartii,192,2022
Bacillus species,169,2022
Staphylococcus lugdunensis,165,2022
Staphylococcus haemolyticus,157,2022
Streptococcus species,155,2022
Haemophilus influenzae,150,2022
Lactobacillus species,144,2022
Serratia marcescens,143,2022
Acinetobacter species,135,2022
Acinetobacter baumannii,134,2022
Klebsiella oxytoca,129,2022
Staphylococcus caprae,125,2022
Burkholderia cepacia complex,117,2022
Salmonella group D,113,2022
Streptococcus mitis group,108,2022
Enterococcus raffinosus,106,2022
Prevotella species,104,2022
Gram-positive cocci,97,2022
Mycobacterium avium complex,94,2022
Pseudomonas species,91,2022
Trichosporon asahii,88,2022
Enterococcus gallinarum,86,2022
Candida dubliniensis,83,2022
Salmonella Enteritidis,82,2022
Citrobacter freundii complex,82,2022
Streptococcus bovis group,81,2022
Candida lusitaniae,81,2022
Anaerobic bacteria,77,2022
Staphylococcus hominis,72,2022
Streptococcus pneumoniae,72,2022
Bacteroides thetaiotaomicron,72,2022
Streptococcus pyogenes,70,2022
Candida auris,69,2022
Parvimonas micra,69,2022
Talaromyces marneffei,67,2022
Achromobacter species,66,2022
Mycobacterium abscessus,65,2022
Acid-fast bacillus,65,2022
Vibrio vulnificus,64,2022
Corynebacterium urealyticum,57,2022
Fusobacterium species,57,2022
Enterococcus casseliflavus,56,2022
Providencia species,53,2022
Streptococcus parasanguinis,53,2022
Streptococcus intermedius,51,2022
Burkholderia pseudomallei,50,2022
Gram-positive bacilli,50,2022
Eggerthella lenta,49,2022
Bacillus cereus group,48,2022
Elizabethkingia species,48,2022
Peptostreptococcus species,47,2022
Streptococcus dysgalactiae,47,2022
Clostridium ramosum,46,2022
Klebsiella variicola,45,2022
Propionibacterium species,45,2022
Prevotella bivia,44,2022
Anaerobic Gram-positive cocci,43,2022
Actinomyces species,43,2022
Flavobacterium species,42,2022
Mycobacterium fortuitum complex,42,2022
Streptococcus gallolyticus subspecies pasteurianus,41,2022
Shewanella species,40,2022
Cutibacterium acnes,39,2022
Streptococcus dysgalactiae subsp. equisimilis,39,2022
Salmonella group B,38,2022
Candida guilliermondii,37,2022
Finegoldia magna,37,2022
Non-fermentative Gram-negative bacilli,37,2022
Streptococcus milleri group,37,2022
Anaerobic Gram-positive bacilli,36,2022
Chryseobacterium species,36,2022
Aspergillus species,36,2022
Candida orthopsilosis,35,2022
Bacteroides vulgatus,33,2022
Clostridium species,32,2022
Prevotella intermedia,31,2022
Candida metapsilosis,30,2022
Streptococcus salivarius group,30,2022
Anaerobic Gram-negative bacilli,30,2022
Veillonella species,30,2022
Haemophilus parainfluenzae,29,2022
Corynebacterium jeikeium,29,2022
Staphylococcus species,28,2022
Salmonella species,28,2022
Peptostreptococcus anaerobius,27,2022
Providencia rettgeri,27,2022
Aspergillus fumigatus,27,2022
Bacteroides ovatus,26,2022
Citrobacter freundii,26,2022
Fusobacterium varium,24,2022
Mycobacterium kansasii,24,2022
Trichophyton rubrum,24,2022
Clostridium innocuum,24,2022
Kodamaea ohmeri,23,2022
Elizabethkingia anophelis,23,2022
Streptococcus gallolyticus,23,2022
Acinetobacter junii,23,2022
Corynebacterium amycolatum,23,2022
Achromobacter xylosoxidans,21,2022
Streptococcus sanguinis,21,2022
Cryptococcus neoformans,21,2022
Micrococcus species,21,2022
Proteus vulgaris,20,2022
Peptoniphilus species,20,2022
Aeromonas hydrophila,20,2022
Saccharomyces cerevisiae,19,2022
Pseudomonas putida group,19,2022
Trichosporon species,18,2022
Alcaligenes faecalis,18,2022
Aspergillus fumigatus complex,17,2022
Parabacteroides distasonis,17,2022
Staphylococcus warneri,17,2022
Corynebacterium resistens,17,2022
Aeromonas caviae,16,2022
Pichia species,16,2022
Aerococcus urinae,16,2022
Prevotella nigrescens,16,2022
Granulicatella adiacens,16,2022
Kluyvera species,16,2022
Streptococcus gordonii,15,2022
Vibrio parahaemolyticus,15,2022
Actinomyces odontolyticus,15,2022
Enterobacter cloacae,15,2022
Pluralibacter gergoviae,15,2022
Salmonella typhimurium,15,2022
Prevotella buccae,14,2022
Actinomyces turicensis,14,2022
Listeria monocytogenes,14,2022
Gardnerella vaginalis,14,2022
Streptococcus oralis,14,2022
Acinetobacter bereziniae,14,2022
Slackia exigua,14,2022
Moraxella osloensis,14,2022
Bacteroides pyogenes,14,2022
Sphingomonas paucimobilis,13,2022
Enterococcus hirae,13,2022
Shewanella algae,13,2022
Kluyveromyces marxianus,12,2022
Campylobacter jejuni,12,2022
"Streptococcus, group C",12,2022
Bacteroides nordii,12,2022
Salmonella group C,12,2022
Gemella morbillorum,12,2022
Aggregatibacter aphrophilus,12,2022
Lactobacillus rhamnosus,11,2022
Fusobacterium nucleatum,11,2022
Non-haemolytic streptococcus,11,2022
Moraxella species,11,2022
Eikenella corrodens,11,2022
Streptococcus salivarius,11,2022
Gram-positive coccobacilli,11,2022
Aspergillus niger,11,2022
Clavispora lusitaniae,11,2022
Raoultella species,10,2022
Lactobacillus fermentum,10,2022
Bacillus cereus,10,2022
Fusobacterium mortiferum,10,2022
Gemella species,10,2022
Candida glabrata complex,10,2022
Salmonella Typhi,10,2022
Plesiomonas shigelloides,10,2022
Corynebacterium tuberculostearicum,10,2022
Citrobacter braakii,10,2022
Fusarium species,10,2022
Moraxella catarrhalis,10,2022
Proteus hauseri,9,2022
Lactobacillus paracasei,9,2022
Actinotignum species,9,2022
Ochrobactrum species,9,2022
Prevotella denticola,9,2022
Bacteroides uniformis,9,2022
Clostridium paraputrificum,8,2022
Dermabacter hominis,8,2022
Kocuria species,8,2022
Pseudomonas otitidis,8,2022
Alcaligenes species,8,2022
Lactococcus garvieae,8,2022
Micrococcus luteus,7,2022
"Vibrio cholerae, non-O1/non-O139",7,2022
Streptococcus suis,7,2022
Magnusiomyces species,7,2022
Chryseobacterium indologenes,7,2022
Campylobacter coli,7,2022
Anaerococcus species,7,2022
Clostridium tertium,7,2022
Arcanobacterium haemolyticum,7,2022
Proteus penneri,7,2022
Campylobacter jejuni subsp. Jejuni,6,2022
Lactococcus species,6,2022
Prevotella oralis,6,2022
Prevotella melaninogenica,6,2022
Aspergillus flavus,6,2022
Legionella pneumophila serogroup 1,6,2022
Bifidobacterium species,6,2022
Capnocytophaga sputigena,6,2022
Vibrio fluvialis,6,2022
Enterobacter hormaechei,6,2022
Roseomonas species,6,2022
Enterococcus thailandicus,6,2022
Parabacteroides goldsteinii,6,2022
Lactobacillus gasseri,6,2022
Porphyromonas gingivalis,6,2022
Dialister pneumosintes,6,2022
Bacteroides caccae,6,2022
Mould,6,2022
Bifidobacterium breve,6,2022
Ralstonia mannitolilytica,6,2022
Bacteroides salyersiae,5,2022
Candida norvegensis,5,2022
Raoultella ornithinolytica,5,2022
Pseudomonas putida,5,2022
Corynebacterium pseudodiphtheriticum,5,2022
Candida haemulonii complex,5,2022
Ralstonia picketti,5,2022
Actinotignum schaalii,5,2022
Catabacter hongkongensis,5,2022
Staphylococcus saccharolyticus,5,2022
Corynebacterium macginleyi,5,2022
Aeromonas veronii biovar sobria,5,2022
Aeromonas hydrophila complex,5,2022
Campylobacter rectus,5,2022
Salmonella london,5,2022
Edwardsiella tarda,5,2022
Ralstonia species,5,2022
Corynebacterium simulans,5,2022
Candida nivariensis,5,2022
Mucor species,5,2022
Burkholderia gladioli,5,2022
Lodderomyces elongisporus,5,2022
Acinetobacter ursingii,4,2022
Clostridium bifermentans,4,2022
Trichophyton rubrum complex,4,2022
Anaerococcus murdochii,4,2022
Anaerococcus vaginalis,4,2022
Mycoplasma hominis,4,2022
Malassezia species,4,2022
Cutibacterium modestum,4,2022
Mycobacterium xenopi,4,2022
Vibrio species,4,2022
Clostridium sporogenes,4,2022
Trichophyton species,4,2022
Hafnia alvei,4,2022
Exophiala dermatitidis,4,2022
Chryseobacterium arthrosphaerae,4,2022
Streptobacillus moniliformis,4,2022
Enterococcus cecorum,4,2022
Rothia dentocariosa,4,2022
Prevotella oris,4,2022
Aeromonas veronii,4,2022
Aggregatibacter segnis,4,2022
Bilophila wadsworthia,4,2022
Citrobacter amalonaticus,4,2022
Neisseria subflava,4,2022
Salmonella group E,4,2022
Prevotella buccalis,4,2022
Leuconostoc species,4,2022
Vagococcus species,4,2022
Clostridium saudiense,4,2022
Bifidobacterium longum,4,2022
Eubacterium species,4,2022
Lactobacillus delbrueckii,4,2022
Rhodotorula species,3,2022
Cryptococcus species,3,2022
Malassezia furfur,3,2022
Corynebacterium afermentans,3,2022
Ochrobactrum intermedium,3,2022
Elizabethkingia meningoseptica,3,2022
Actinomyces oris,3,2022
Aspergillus terreus,3,2022
Limosilactobacillus reuteri,3,2022
Staphylococcus cohnii,3,2022
Candida lipolytica,3,2022
Microbacterium species,3,2022
Aspergillus flavus complex,3,2022
Streptococcus mitis,3,2022
Neisseria meningitidis,3,2022
Nocardia species,3,2022
Nocardia farcinica complex,3,2022
Staphylococcus saprophyticus,3,2022
Nocardia farcinica,3,2022
Oligella urethralis,3,2022
Meyerozyma guilliermondii complex,3,2022
Paenibacillus species,3,2022
Limosilactobacillus species,3,2022
Flavonifractor plautii,3,2022
Prevotella timonensis,3,2022
Shewanella putrefaciens,3,2022
Myroides odoratimimus,3,2022
Clostridium butyricum,3,2022
Mycobacterium mageritense,3,2022
Candida rugosa,3,2022
Parabacteroides species,3,2022
Staphylococcus petrasii,3,2022
Aerococcus species,3,2022
Fusobacterium necrophorum,3,2022
Schaalia species,3,2022
Legionella pneumophila,3,2022
Rhizopus species,3,2022
Abiotrophia defectiva,3,2022
Aspergillus niger complex,3,2022
Campylobacter species,3,2022
Leuconostoc lactis,3,2022
Streptococcus mutans,3,2022
Comamonas kerstersii,3,2022
Raoultella planticola,3,2022
Paenibacillus lautus,3,2022
Brevibacillus species,3,2022
Brevibacterium species,3,2022
Actinomyces georgiae,3,2022
Streptococcus vestibularis,3,2022
Aggregatibacter species,3,2022
Lactobacillus salivarius,3,2022
Desulfovibrio species,3,2022
Candida haemulonii,3,2022
Gleimia europaea,3,2022
Prevotella baroniae,3,2022
Paenibacillus urinalis,3,2022
Bacteroides stercoris,3,2022
Cryptococcus gattii,3,2022
Comamonas species,3,2022
Clostridium hathewayi,2,2022
Vagococcus lutrae,2,2022
Tsukamurella species,2,2022
Mycobacterium kyorinense,2,2022
Bacillus subtilis,2,2022
Saccharomyces species,2,2022
Fusarium solani complex,2,2022
Kazachstania telluris,2,2022
Acinetobacter lwoffii,2,2022
Meyerozyma guilliermondii,2,2022
Olsenella uli,2,2022
Desulfovibrio desulfuricans,2,2022
Clostridium septicum,2,2022
Kerstersia gyiorum,2,2022
Citrobacter werkmanii,2,2022
Salmonella group G,2,2022
Acinetobacter johnsonii,2,2022
Actinomyces neuii,2,2022
Geotrichum species,2,2022
Brevibacterium ravenspurgense,2,2022
Actinomyces radingae,2,2022
Alloprevotella rava,2,2022
Porphyromonas species,2,2022
Dysgonomonas species,2,2022
Prevotella heparinolytica,2,2022
Actinotignum sanguinis,2,2022
Aspergillus terreus complex,2,2022
Kocuria kristinae,2,2022
Solobacterium moorei,2,2022
Mycoplasma species,2,2022
Peptostreptococcus stomatis,2,2022
Campylobacter gracilis,2,2022
Paraclostridium bifermentans,2,2022
Mycobacterium chelonae,2,2022
Roseomonas mucosa,2,2022
Corynebacterium propinquum,2,2022
Actinomyces neuii ss neuii,2,2022
Clostridium baratii,2,2022
Lysinibacillus species,2,2022
Eggerthia catenaformis,2,2022
Salmonella derby,2,2022
Gardnerella species,2,2022
Brevundimonas species,2,2022
Penicillium species,2,2022
Atopobium parvulum,2,2022
Mycobacterium haemophilum,2,2022
Ruminococcus gnavus,2,2022
Eubacterium aerofaciens,2,2022
Corynebacterium coyleae,2,2022
Schizophyllum commune,2,2022
Acidovorax temperans,2,2022
Clostridium glycolicum,2,2022
nontoxigenic Corynebacterium diphtheriae,2,2022
Rothia koreensis,2,2022
Weissella species,2,2022
Weissella confusa,2,2022
Delftia acidovorans,2,2022
Serratia marcescens complex,2,2022
Veillonella parvula,2,2022
Prevotella veroralis,2,2022
Salmonella Paratyphi A,2,2022
Haemophilus parahaemolyticus,2,2022
Rhodococcus species,2,2022
Lactobacillus johnsonii,2,2022
Salmonella stanley,2,2022
Mycobacterium parascrofulaceum,2,2022
Streptococcus infantarius,2,2022
Anaerobic Gram-negative cocci,2,2022
Staphylococcus pettenkoferi,2,2022
Pseudomonas stutzeri,2,2022
Pseudomonas fluorescens,2,2022
Pasteurella multocida,2,2022
Prevotella nanceiensis,2,2022
Salmonella group I,1,2022
Corynebacterium glucuronolyticum,1,2022
Empedobacter brevis,1,2022
Clostridium bartlettii,1,2022
Staphylococcus pseudintermedius,1,2022
Paeniclostridium sordellii,1,2022
Parvimonas species,1,2022
Corynebacterium imitans,1,2022
Bacteroides dorei,1,2022
Bacteroides faecis,1,2022
Finegoldia species,1,2022
Pandoraea species,1,2022
Leptotrichia trevisanii,1,2022
Mycobacterium marinum,1,2022
Parabacteroides merdae,1,2022
Leclercia adecarboxylata,1,2022
Brevibacterium casei,1,2022
Streptococcus infantarius subspecies infantarius,1,2022
Sphingomonas species,1,2022
Bordetella bronchiseptica,1,2022
"Legionella pneumophila, not serogroup 1",1,2022
Burkholderia cenocepacia,1,2022
Pseudomonas oryzihabitans,1,2022
Faecalitalea cylindroides,1,2022
Dialister species,1,2022
Mycobacterium terrae complex,1,2022
Porphyromonas asaccharolytica,1,2022
Propionibacterium avidum,1,2022
Actinomyces meyeri,1,2022
Wohlfahrtiimonas chitiniclastica,1,2022
Dietzia species,1,2022
Capnocytophaga species,1,2022
Trichosporon mucoides,1,2022
Prevotella corporis,1,2022
Lysinibacillus fusiformis,1,2022
Parabacteroides gordonii,1,2022
Citrobacter amalonaticus complex,1,2022
Kosakonia species,1,2022
Edwardsiella species,1,2022
Ruthenibacterium lactatiformans,1,2022
Franconibacter pulveris,1,2022
Curvularia species,1,2022
Exophiala species,1,2022
Aerococcus viridans,1,2022
Turicella otitidis,1,2022
Pichia norvegensis,1,2022
Alistipes indistinctus,1,2022
Blastoschizomyces capitatus,1,2022
Dolosigranulum pigrum,1,2022
Pantoea dispersa,1,2022
Lacrimispora species,1,2022
Alistipes finegoldii,1,2022
Actinobaculum schaalii,1,2022
Acinetobacter pittii,1,2022
Prevotella salivae,1,2022
Cyberlindnera fabianii,1,2022
Robinsoniella peoriensis,1,2022
Arthrobacter cumminsii,1,2022
Pantoea species,1,2022
Phanerochaete species,1,2022
Escherichia species,1,2022
Cutaneotrichosporon species,1,2022
Candida pararugosa,1,2022
Corynebacterium argentoratense,1,2022
Serratia liquefaciens,1,2022
Limnobacter thiooxidans,1,2022
Pseudoglutamicibacter species,1,2022
Bulleidia extructa,1,2022
Microbacterium esteraromaticum,1,2022
Pediococcus pentosaceus,1,2022
Bifidobacterium bifidum,1,2022
Atopobium rimae,1,2022
Corynebacterium aurimucosum,1,2022
Bacteroides cellulosilyticus,1,2022
Bacteroides massiliensis,1,2022
Gemella haemolysans,1,2022
Streptococcus cristatus,1,2022
Fusobacterium ulcerans,1,2022
Gordonibacter species,1,2022
Cutibacterium species,1,2022
Dermabacter species,1,2022
Kocuria rhizophila,1,2022
Streptococcus dysgalactiae subsp. dysgalactiae,1,2022
Staphylococcus simulans,1,2022
Streptococcus mutans group,1,2022
Rhizobium radiobacter,1,2022
Laribacter hongkongensis,1,2022
Haemophilus paraphrophilus,1,2022
Cladosporium species,1,2022
Bordetella trematum,1,2022
Vibrio metschnikovii,1,2022
Odoribacter splanchnicus,1,2022
Corynebacterium mucifaciens,1,2022
Lactobacillus brevis,1,2022
Propionimicrobium lymphophilum,1,2022
Facklamia hominis,1,2022
Eubacterium limosum,1,2022
Enterocloster clostridioformis,1,2022
Sutterella wadsworthensis,1,2022
Bacillus simplex,1,2022
Streptococcus pseudopneumoniae,1,2022
Acinetobacter radioresistens,1,2022
Peptoniphilus gorbachii,1,2022
Actinobaculum urinale,1,2022
Dermacoccus nishinomiyaensis,1,2022
Aerococcus sanguinicola,1,2022
Porphyromonas somerae,1,2022
Neisseria oralis,1,2022
Paraeggerthella species,1,2022
Pantoea septica,1,2022
Anaerococcus hydrogenalis,1,2022
Chryseobacterium hominis,1,2022
Myroides species,1,2022
Nocardia abscessus,1,2022
Lactobacillus crispatus,1,2022
Actinomyces israelii,1,2022
Salmonella wandsworth,1,2022
Trichophyton mentagrophytes,1,2022
Prevotella disiens,1,2022
Aeromonas sobria,1,2022
Cellulosimicrobium cellulans,1,2022
Arthrobacter species,1,2022
Alistipes onderdonkii,1,2022
Kocuria rosea,1,2022
Brevibacterium otitidis,1,2022
Kluyvera ascorbata,1,2022
Aspergillus versicolor complex,1,2022
Candida famata,1,2022
Trueperella bernardiae,1,2022
Escherichia fergusonii,1,2022
Clostridium disporicum,1,2022
Aeromonas caviae complex,1,2022
Alloprevotella tannerae,1,2022
Trichophyton tonsurans,1,2022
Vagococcus fluvialis,1,2022
Dermacoccus species,1,2022
Pseudomonas alcaliphila,1,2022
Pediococcus species,1,2022
Prevotella histicola,1,2022
Neisseria gonorrhoeae,1,2022
Cronobacter species,1,2022
Clostridium jeddahense,1,2022
Brevibacterium paucivorans,1,2022
Pseudomonas mendocina,1,2022
Collinsella species,1,2022
Haemophilus haemolyticus,1,2022
Mycobacterium iranicum,1,2022
Gram-positive cocci in chains,1,2022
Elizabethkingia miricola,1,2022
Microsporum species,1,2022
Candida duobushaemulonii,1,2022
Campylobacter fetus,1,2022
Campylobacter fetus subsp. Fetus,1,2022
Eikenella species,1,2022
Rapid growing mycobacteria,1,2022
Olsenella species,1,2022
Haemophilus species,1,2022
Candida utilis,1,2022
Bifidobacterium adolescentis,1,2022
Pseudomonas koreensis,1,2022
Helcococcus species,1,2022
Citrobacter farmeri,1,2022
Scedosporium apiospermum,1,2022
Cohnella species,1,2022
Ochrobactrum anthropi,1,2022
Ignatzschineria species,1,2022
Varibaculum cambriense,1,2022
Rhodotorula rubra,1,2022
Gallibacterium anatis,1,2022
Propionimicrobium species,1,2022
Agromyces mediolanus,1,2022
Escherichia coli,15909,2023
Candida albicans,8556,2023
Methicillin resistant Staphylococcus aureus,6725,2023
Pseudomonas aeruginosa,6663,2023
Enterococcus faecium,5960,2023
Klebsiella pneumoniae,4585,2023
Staphylococcus aureus,3908,2023
Acinetobacter calcoaceticus-Acinetobacter baumannii complex,3784,2023
Klebsiella pneumoniae complex,3076,2023
Proteus mirabilis,2822,2023
Enterococcus faecalis,2536,2023
Stenotrophomonas maltophilia,2338,2023
Candida glabrata,2330,2023
Candida tropicalis,2292,2023
"Staphylococcus, coagulase negative",1561,2023
Corynebacterium striatum,1283,2023
Enterobacter cloacae complex,1271,2023
Candida parapsilosis,1064,2023
Diphtheroids,1060,2023
Klebsiella species,955,2023
Klebsiella aerogenes,860,2023
Staphylococcus epidermidis,837,2023
Mycobacterium tuberculosis,723,2023
Morganella morganii,708,2023
Alpha-haemolytic streptococcus,596,2023
Streptococcus agalactiae,569,2023
Streptococcus anginosus,538,2023
Bacteroides fragilis,499,2023
Enterobacter species,482,2023
Aeromonas species,476,2023
Clostridioides difficile,468,2023
Coliform bacteria,449,2023
Citrobacter koseri,433,2023
Candida species,417,2023
Mycobacterium tuberculosis complex,408,2023
Citrobacter species,408,2023
Rothia mucilaginosa,406,2023
Neisseria species,398,2023
Enterococcus species,373,2023
Candida parapsilosis complex,365,2023
Serratia species,351,2023
Yeast,307,2023
Corynebacterium species,302,2023
Clostridium perfringens,291,2023
Enterococcus avium,259,2023
Streptococcus constellatus,241,2023
Lactobacillus species,229,2023
Haemophilus influenzae,224,2023
Staphylococcus capitis,223,2023
Bacteroides species,217,2023
Proteus species,216,2023
"Streptococcus, group G",214,2023
Streptococcus species,207,2023
Staphylococcus haemolyticus,203,2023
Bacteroides fragilis group,193,2023
Gram-negative bacilli,182,2023
Providencia stuartii,181,2023
Citrobacter freundii complex,179,2023
Streptococcus pyogenes,163,2023
Pichia kudriavzevii,161,2023
Acinetobacter baumannii,158,2023
Trichosporon asahii,155,2023
Staphylococcus lugdunensis,147,2023
Burkholderia cepacia complex,143,2023
"Streptococcus, viridans group",138,2023
Serratia marcescens,135,2023
Mycobacterium avium complex,133,2023
Enterococcus gallinarum,132,2023
Acinetobacter species,125,2023
Bacillus species,123,2023
Prevotella species,120,2023
Staphylococcus caprae,120,2023
Mycobacterium species,117,2023
Salmonella Enteritidis,116,2023
Pseudomonas species,113,2023
Streptococcus pneumoniae,112,2023
Streptococcus mitis group,111,2023
Candida lusitaniae,110,2023
Anaerobic bacteria,107,2023
Achromobacter species,104,2023
Streptococcus bovis group,101,2023
Gram-positive cocci,100,2023
Bacteroides thetaiotaomicron,93,2023
Enterococcus raffinosus,88,2023
Enterococcus casseliflavus,83,2023
Candida dubliniensis,80,2023
Parvimonas micra,78,2023
Candida auris,78,2023
Klebsiella oxytoca,74,2023
Elizabethkingia species,73,2023
Streptococcus salivarius group,71,2023
Streptococcus dysgalactiae subsp. equisimilis,71,2023
Staphylococcus hominis,70,2023
Mycobacterium abscessus,70,2023
Salmonella group D,70,2023
Anaerobic Gram-negative bacilli,69,2023
Cutibacterium acnes,69,2023
Acid-fast bacillus,68,2023
Corynebacterium urealyticum,68,2023
Streptococcus milleri group,67,2023
Streptococcus intermedius,67,2023
Fusobacterium species,61,2023
Kodamaea ohmeri,60,2023
Candida guilliermondii,59,2023
Klebsiella variicola,55,2023
Cryptococcus neoformans,55,2023
Streptococcus dysgalactiae,54,2023
Corynebacterium jeikeium,54,2023
Haemophilus parainfluenzae,54,2023
Peptostreptococcus species,52,2023
Micrococcus species,51,2023
Shewanella species,49,2023
Prevotella intermedia,49,2023
Candida metapsilosis,48,2023
Actinomyces species,48,2023
Prevotella bivia,48,2023
Eggerthella lenta,46,2023
Vibrio vulnificus,46,2023
Salmonella species,44,2023
Streptococcus parasanguinis,43,2023
Mycobacterium kansasii,42,2023
Salmonella group B,42,2023
Bacteroides vulgatus,42,2023
Gram-positive bacilli,40,2023
Propionibacterium species,40,2023
Candida orthopsilosis,39,2023
Trichosporon species,38,2023
Peptostreptococcus anaerobius,38,2023
Parabacteroides distasonis,38,2023
Leuconostoc species,37,2023
Chryseobacterium species,36,2023
Mould,36,2023
Trichophyton rubrum,35,2023
Burkholderia pseudomallei,34,2023
"Streptococcus, group C",34,2023
Bacteroides ovatus,33,2023
Serratia marcescens complex,33,2023
Elizabethkingia anophelis,32,2023
Clostridium ramosum,32,2023
Finegoldia magna,32,2023
Anaerobic Gram-positive bacilli,32,2023
Aspergillus species,30,2023
Flavobacterium species,29,2023
Alcaligenes faecalis,29,2023
Acinetobacter junii,29,2023
Aspergillus fumigatus complex,29,2023
Moraxella catarrhalis,28,2023
Talaromyces marneffei,28,2023
Clostridium species,28,2023
Slackia exigua,28,2023
Streptococcus gallolyticus subspecies pasteurianus,28,2023
Providencia rettgeri,27,2023
Bacillus cereus group,26,2023
Fusobacterium varium,25,2023
Anaerobic Gram-positive cocci,25,2023
Achromobacter xylosoxidans,24,2023
Providencia species,23,2023
Veillonella species,23,2023
Aeromonas hydrophila,22,2023
Citrobacter freundii,22,2023
Granulicatella adiacens,21,2023
Sphingomonas species,21,2023
Gemella species,20,2023
Streptococcus gallolyticus,20,2023
Non-fermentative Gram-negative bacilli,20,2023
Salmonella group C,20,2023
Chryseobacterium indologenes,20,2023
Corynebacterium amycolatum,20,2023
Prevotella buccae,19,2023
Mycobacterium fortuitum complex,19,2023
Lodderomyces elongisporus,19,2023
Aspergillus fumigatus,19,2023
Streptococcus oralis,19,2023
Peptoniphilus species,19,2023
Enterobacter hormaechei,19,2023
Streptococcus sanguinis,18,2023
Proteus vulgaris,18,2023
Streptococcus salivarius,18,2023
Clavispora lusitaniae,18,2023
Moraxella species,17,2023
Staphylococcus species,17,2023
Saccharomyces cerevisiae,17,2023
Plesiomonas shigelloides,15,2023
Micrococcus luteus,15,2023
Sphingomonas paucimobilis,15,2023
Bacteroides uniformis,15,2023
Prevotella nigrescens,14,2023
Corynebacterium tuberculostearicum,14,2023
Kluyvera species,14,2023
Streptococcus gordonii,13,2023
Gemella morbillorum,13,2023
Aerococcus urinae,13,2023
Campylobacter coli,13,2023
Citrobacter amalonaticus complex,13,2023
Kluyveromyces marxianus,13,2023
Shewanella algae,12,2023
Clostridium innocuum,12,2023
Aspergillus niger,12,2023
Staphylococcus warneri,12,2023
Actinomyces odontolyticus,12,2023
Gram-positive coccobacilli,12,2023
Ochrobactrum species,12,2023
Actinomyces turicensis,11,2023
Bacteroides pyogenes,11,2023
Pseudomonas putida group,11,2023
Lactobacillus gasseri,10,2023
Proteus hauseri,10,2023
Eikenella corrodens,10,2023
Salmonella group E,10,2023
Fusobacterium nucleatum,10,2023
Candida nivariensis,10,2023
Aggregatibacter segnis,10,2023
Enterococcus hirae,10,2023
Bifidobacterium species,10,2023
Lactobacillus fermentum,10,2023
Campylobacter fetus,9,2023
Aeromonas caviae,9,2023
Lactobacillus paracasei,9,2023
Acinetobacter ursingii,8,2023
Fusarium species,8,2023
Aspergillus flavus complex,8,2023
Raoultella ornithinolytica,8,2023
Ralstonia mannitolilytica,8,2023
Salmonella rissen,8,2023
Campylobacter rectus,8,2023
Moraxella osloensis,8,2023
Haemophilus influenzae type B,8,2023
Pichia norvegensis,8,2023
Kocuria species,8,2023
Campylobacter jejuni,8,2023
Comamonas species,8,2023
Trichophyton rubrum complex,8,2023
Lactobacillus salivarius,8,2023
Porphyromonas gingivalis,7,2023
Staphylococcus saprophyticus,7,2023
Bacteroides salyersiae,7,2023
Gardnerella vaginalis,7,2023
Aeromonas veronii,7,2023
Attenuated Mycobacterium bovis,7,2023
Non-haemolytic streptococcus,7,2023
Corynebacterium resistens,7,2023
Corynebacterium simulans,7,2023
Trichophyton species,6,2023
"Vibrio cholerae, non-O1/non-O139",6,2023
Ochrobactrum intermedium,6,2023
Capnocytophaga species,6,2023
Malassezia pachydermatis,6,2023
Staphylococcus cohnii,6,2023
Acinetobacter bereziniae,6,2023
Actinotignum schaalii,6,2023
Neisseria meningitidis,6,2023
Aspergillus niger complex,6,2023
Lactobacillus rhamnosus,6,2023
Bacteroides caccae,6,2023
nontoxigenic Corynebacterium diphtheriae,6,2023
Eubacterium species,6,2023
Parabacteroides merdae,6,2023
Cutibacterium modestum,6,2023
Mycobacterium mageritense,6,2023
Fusobacterium mortiferum,6,2023
Raoultella species,6,2023
Arcanobacterium haemolyticum,6,2023
Lactobacillus delbrueckii,6,2023
Pluralibacter gergoviae,6,2023
Comamonas kerstersii,6,2023
Dialister pneumosintes,6,2023
Vibrio parahaemolyticus,6,2023
Gram-negative cocci,5,2023
Aeromonas caviae complex,5,2023
Pseudomonas chlororaphis,5,2023
Mycobacterium gordonae,5,2023
Chryseobacterium arthrosphaerae,5,2023
Corynebacterium aurimucosum,5,2023
Staphylococcus saccharolyticus,5,2023
Parabacteroides goldsteinii,5,2023
Prevotella disiens,5,2023
Anaerococcus vaginalis,5,2023
Anaerobic Gram-negative cocci,5,2023
Bacteroides cellulosilyticus,5,2023
Porphyromonas asaccharolytica,5,2023
Haemophilus haemolyticus,5,2023
Elizabethkingia meningoseptica,5,2023
Malassezia furfur,5,2023
Pasteurella multocida,5,2023
Salmonella Typhi,5,2023
Corynebacterium propinquum,4,2023
Nocardia species,4,2023
Lactococcus species,4,2023
Staphylococcus pettenkoferi,4,2023
Prevotella heparinolytica,4,2023
Mycobacterium haemophilum,4,2023
Veillonella parvula,4,2023
Lactococcus garvieae,4,2023
Bifidobacterium longum,4,2023
Limosilactobacillus species,4,2023
Actinomyces neuii,4,2023
Pantoea dispersa,4,2023
Meyerozyma guilliermondii,4,2023
Citrobacter amalonaticus,4,2023
Delftia species,4,2023
Cryptococcus species,4,2023
Penicillium species,4,2023
Streptococcus suis,4,2023
Atopobium parvulum,4,2023
Eubacterium limosum,4,2023
Paenibacillus species,4,2023
Limosilactobacillus mucosae,4,2023
Edwardsiella tarda,4,2023
Aerococcus sanguinicola,4,2023
Bacteroides stercoris,4,2023
Pseudomonas otitidis,4,2023
Bilophila wadsworthia,4,2023
Aspergillus flavus,4,2023
Corynebacterium coyleae,4,2023
Dermabacter hominis,4,2023
Pseudomonas putida,4,2023
Aggregatibacter species,4,2023
Porphyromonas species,3,2023
Aggregatibacter actinomycetemcomitans,3,2023
Lactobacillus acidophilus,3,2023
Achromobacter mucicolens,3,2023
Brevibacterium ravenspurgense,3,2023
Actinomyces meyeri,3,2023
Vagococcus lutrae,3,2023
Lacticaseibacillus species,3,2023
Tsukamurella pulmonis,3,2023
Pichia species,3,2023
Neisseria subflava,3,2023
Vibrio fluvialis,3,2023
Campylobacter jejuni subsp. Jejuni,3,2023
Sphingobacterium species,3,2023
Legionella pneumophila,3,2023
Rhizobium radiobacter,3,2023
Aspergillus terreus,3,2023
Mycobacterium obuense,3,2023
Catabacter hongkongensis,3,2023
Candida norvegensis,3,2023
Globicatella sanguinis,3,2023
Pseudomonas citronellolis,3,2023
Cyberlindnera fabianii,3,2023
Abiotrophia defectiva,3,2023
Salmonella kentucky,3,2023
Edwardsiella species,3,2023
Salmonella group I,3,2023
Streptococcus gallolyticus subspecies gallolyticus,3,2023
Clostridium glycolicum,3,2023
Saccharomyces species,3,2023
Rhizopus species,3,2023
Stenotrophomonas acidaminiphila,3,2023
Clostridium paraputrificum,3,2023
Actinotignum species,3,2023
Mycobacterium parascrofulaceum,3,2023
Prevotella denticola,3,2023
Anaerococcus murdochii,3,2023
Bifidobacterium breve,3,2023
Delftia acidovorans,3,2023
Prevotella melaninogenica,3,2023
Paenibacillus urinalis,3,2023
Streptococcus mutans,3,2023
Acidaminococcus intestini,3,2023
Enterococcus thailandicus,3,2023
Prevotella oris,3,2023
Clostridium sporogenes,3,2023
Peptostreptococcus stomatis,3,2023
Propionibacterium avidum,3,2023
Dermabacter species,3,2023
Chryseobacterium gleum,3,2023
Bacteroides massiliensis,3,2023
Leuconostoc lactis,3,2023
Cupriavidus gilardii,3,2023
Parabacteroides species,3,2023
Bacteroides nordii,3,2023
Salmonella typhimurium,3,2023
Raoultella planticola,2,2023
Candida glabrata complex,2,2023
Corynebacterium afermentans,2,2023
Candida pararugosa,2,2023
Bordetella species,2,2023
Clostridium tertium,2,2023
Cupriavidus species,2,2023
Clostridium symbiosum,2,2023
Parabacteroides gordonii,2,2023
Campylobacter species,2,2023
Pseudoclavibacter,2,2023
Salmonella london,2,2023
Pseudomonas oryzihabitans,2,2023
Actinomyces oris,2,2023
Enterococcus cecorum,2,2023
Cetobacterium somerae,2,2023
Enterocloster clostridioformis,2,2023
Kluyvera georgiana,2,2023
Streptococcus vestibularis,2,2023
Lactococcus lactis,2,2023
Corynebacterium pseudodiphtheriticum,2,2023
Paeniclostridium sordellii,2,2023
Weissella species,2,2023
Candida fabianii,2,2023
Anaerococcus species,2,2023
Capnocytophaga sputigena,2,2023
Pichia manshurica,2,2023
Kazachstania species,2,2023
Schizophyllum commune,2,2023
Trueperella bernardiae,2,2023
Lichtheimia species,2,2023
Haemophilus parahaemolyticus,2,2023
Acinetobacter variabilis,2,2023
Prevotella veroralis,2,2023
Aeromonas veronii biovar sobria,2,2023
Gemella haemolysans,2,2023
Exophiala dermatitidis,2,2023
Absidia species,2,2023
Citrobacter braakii,2,2023
Veillonella atypica,2,2023
Neisseria elongata,2,2023
Mycobacterium lentiflavum,2,2023
Alistipes onderdonkii,2,2023
Flavonifractor plautii,2,2023
Roseomonas species,2,2023
Salmonella newport,2,2023
Fungus,2,2023
Streptococcus pseudopneumoniae,2,2023
Parvimonas species,2,2023
Mycobacterium xenopi,2,2023
Prevotella oralis,2,2023
Absidia corymbifera,2,2023
Citrobacter farmeri,2,2023
Granulicatella species,2,2023
Atopobium rimae,2,2023
Nocardia otitidiscaviarum,2,2023
Pseudomonas guariconensis,2,2023
Aggregatibacter aphrophilus,2,2023
Proteus penneri,2,2023
Mycelia sterilia,2,2023
Brevibacterium casei,2,2023
Citrobacter werkmanii,1,2023
Salmonella group A,1,2023
Rhodotorula species,1,2023
Vagococcus fluvialis,1,2023
Aerococcus species,1,2023
Clostridium botulinum,1,2023
Roseomonas mucosa,1,2023
Cronobacter species,1,2023
Eubacterium aerofaciens,1,2023
Tsukamurella species,1,2023
Desulfovibrio porci,1,2023
Bacteroides dorei,1,2023
Campylobacter concisus,1,2023
Rhizopus microsporus complex,1,2023
Corynebacterium macginleyi,1,2023
Metabacillus species,1,2023
Gordonia species,1,2023
Mycobacterium smegmatis,1,2023
Actinobaculum species,1,2023
Brachybacterium nesterenkovii,1,2023
Acidovorax temperans,1,2023
Pseudomonas stutzeri,1,2023
Anaerococcus octavius,1,2023
Pasteurella species,1,2023
Tsukamurella strandjordii,1,2023
Dolosigranulum pigrum,1,2023
Burkholderia species,1,2023
Dialister micraerophilus,1,2023
Gleimia europaea,1,2023
Propionimicrobium lymphophilum,1,2023
Cedecea davisae,1,2023
Candida haemulonii,1,2023
Myroides odoratimimus,1,2023
Candida palmioleophila,1,2023
Pseudomonas fluorescens,1,2023
Microbacterium paraoxydans,1,2023
Staphylococcus gallinarum,1,2023
Turicibacter sanguinis,1,2023
Pantoea agglomerans,1,2023
Actinomyces urogenitalis,1,2023
Actinomyces cardiffensis,1,2023
Capnocytophaga gingivalis,1,2023
Gabonibacter species,1,2023
Kocuria kristinae,1,2023
Rothia amarae,1,2023
Corynebacterium accolens,1,2023
Chaetomium species,1,2023
Eubacterium tenue,1,2023
Roseomonas gilardii,1,2023
Paracoccus yeei,1,2023
Butyricimonas virosa,1,2023
Myroides odoratus,1,2023
Pseudomonas mosselii,1,2023
Alloscardovia omnicolens,1,2023
Prevotella jejuni,1,2023
Chromobacterium species,1,2023
Mycoplasma hominis,1,2023
Staphylococcus pseudintermedius,1,2023
Bacillus cereus,1,2023
Acinetobacter guillouiae,1,2023
Eggerthia catenaformis,1,2023
Fusobacterium necrophorum,1,2023
Bacteroides intestinalis,1,2023
Streptomyces species,1,2023
Legionella species,1,2023
Non-photochromogenic mycobacteria,1,2023
Actinomyces israelii,1,2023
Streptococcus cristatus,1,2023
Actinomyces naeslundii,1,2023
Providencia alcalifaciens,1,2023
Brachybacterium species,1,2023
Meyerozyma guilliermondii complex,1,2023
Alloprevotella rava,1,2023
Helcococcus species,1,2023
Vibrio furnissii,1,2023
Aerococcus viridans,1,2023
Fusobacterium ulcerans,1,2023
Campylobacter curvus,1,2023
Paenibacillus lautus,1,2023
Kurthia gibsonii,1,2023
Pantoea species,1,2023
Bifidobacterium adolescentis,1,2023
Enterococcus malodoratus,1,2023
Paenibacillus glucanolyticus,1,2023
Gordonibacter species,1,2023
Clostridium cadaveris,1,2023
Bacillus circulans,1,2023
Brachybacterium rhamnosum,1,2023
Streptococcus canis,1,2023
Staphylococcus auricularis,1,2023
Prevotella dentalis,1,2023
Streptococcus lutetiensis,1,2023
Bacillus simplex,1,2023
Microbacterium species,1,2023
Olsenella uli,1,2023
Lactobacillus vaginalis,1,2023
Cronobacter sakazakii,1,2023
Acinetobacter johnsonii,1,2023
Pediococcus acidilactici,1,2023
Corynebacterium glucuronolyticum,1,2023
Lactobacillus johnsonii,1,2023
Atopobium minutum,1,2023
Anaerotruncus colihominis,1,2023
Actinomyces graevenitzii,1,2023
Bacteroides coagulans,1,2023
Peptoniphilus gorbachii,1,2023
Bacteroides eggerthii,1,2023
Bacteroides faecis,1,2023
Sphingobacterium multivorum,1,2023
Brevibacillus species,1,2023
Mycobacterium scrofulaceum,1,2023
Gardnerella species,1,2023
Peptoniphilus coxii,1,2023
Gram-positive cocci in chains,1,2023
Fusobacterium gonidiaformans,1,2023
Staphylococcus simulans,1,2023
Odoribacter splanchnicus,1,2023
Actinobaculum schaalii,1,2023
Candida utilis,1,2023
Campylobacter gracilis,1,2023
Eubacterium yurii,1,2023
Aeromonas sobria,1,2023
Kazachstania telluris,1,2023
Prevotella nanceiensis,1,2023
Paraeggerthella species,1,2023
Cutibacterium species,1,2023
Acinetobacter pittii,1,2023
Myroides phaeus,1,2023
Vibrio alginolyticus,1,2023
Brevundimonas species,1,2023
Phocaeicola species,1,2023
Achromobacter insolitus,1,2023
Acinetobacter soli,1,2023
Solobacterium moorei,1,2023
Laribacter hongkongensis,1,2023
Cunninghamella bertholletiae,1,2023
Sutterella wadsworthensis,1,2023
Varibaculum cambriense,1,2023
Salmonella goldcoast,1,2023
Ruminococcus gnavus,1,2023
Gram-negative coccobacilli,1,2023
Bifidobacterium dentium,1,2023
Clostridium bifermentans,1,2023
Candida intermedia,1,2023
Weissella confusa,1,2023
Mycobacterium chelonae,1,2023
Candida haemulonii complex,1,2023
Salmonella derby,1,2023
Pediococcus species,1,2023
Aeromonas schubertii,1,2023
Legionella pneumophila serogroup 1,1,2023
Acinetobacter lwoffii,1,2023
Vibrio species,1,2023
Salmonella stanley,1,2023
Prevotella corporis,1,2023
Fannyhessea vaginae,1,2023
Ochrobactrum anthropi,1,2023
Myroides species,1,2023
Shewanella putrefaciens,1,2023
Lancefieldella species,1,2023
Escherichia coli,16781,2024
Candida albicans,8617,2024
Pseudomonas aeruginosa,8111,2024
Methicillin resistant Staphylococcus aureus,7023,2024
Enterococcus faecium,6121,2024
Klebsiella pneumoniae complex,5656,2024
Acinetobacter calcoaceticus-Acinetobacter baumannii complex,3977,2024
Staphylococcus aureus,3243,2024
Klebsiella pneumoniae,3005,2024
Proteus mirabilis,2975,2024
Candida glabrata,2660,2024
Enterococcus faecalis,2407,2024
Stenotrophomonas maltophilia,2312,2024
Candida tropicalis,2249,2024
"Staphylococcus, coagulase negative",1652,2024
Corynebacterium striatum,1393,2024
Enterobacter cloacae complex,1265,2024
Candida parapsilosis,915,2024
Klebsiella aerogenes,827,2024
Streptococcus agalactiae,812,2024
Mycobacterium tuberculosis,771,2024
Diphtheroids,712,2024
Morganella morganii,688,2024
Coliform bacteria,576,2024
Staphylococcus epidermidis,564,2024
Haemophilus influenzae,541,2024
Streptococcus anginosus,535,2024
Bacteroides fragilis,492,2024
Citrobacter koseri,456,2024
Aeromonas species,422,2024
Streptococcus pyogenes,393,2024
Mycobacterium tuberculosis complex,369,2024
Mycobacterium species,326,2024
Candida auris,325,2024
Enterococcus species,318,2024
Clostridioides difficile,315,2024
Candida species,305,2024
Candida parapsilosis complex,302,2024
Clostridium perfringens,277,2024
Alpha-haemolytic streptococcus,271,2024
Bacteroides species,266,2024
Yeast,262,2024
"Streptococcus, group G",252,2024
Citrobacter freundii complex,244,2024
Bacteroides fragilis group,235,2024
Klebsiella species,233,2024
Corynebacterium species,230,2024
Serratia species,229,2024
Enterococcus avium,207,2024
Burkholderia cepacia complex,190,2024
Neisseria species,189,2024
Rothia mucilaginosa,189,2024
Staphylococcus capitis,188,2024
Gram-negative bacilli,184,2024
Proteus species,184,2024
Providencia stuartii,181,2024
Staphylococcus haemolyticus,180,2024
Streptococcus constellatus,175,2024
Citrobacter species,175,2024
Streptococcus species,173,2024
Streptococcus pneumoniae,161,2024
Lactobacillus species,155,2024
Enterobacter species,144,2024
Staphylococcus lugdunensis,141,2024
Mycobacterium avium complex,140,2024
Salmonella group D,137,2024
Elizabethkingia species,134,2024
Serratia marcescens,134,2024
Bacillus species,134,2024
Candida krusei,132,2024
Acinetobacter species,131,2024
Candida dubliniensis,129,2024
"Streptococcus, viridans group",129,2024
Serratia marcescens complex,122,2024
Streptococcus mitis group,122,2024
Anaerobic bacteria,121,2024
Prevotella species,115,2024
Trichosporon asahii,112,2024
Klebsiella oxytoca,106,2024
Streptococcus bovis group,105,2024
Candida lusitaniae,103,2024
Achromobacter species,101,2024
Enterococcus raffinosus,95,2024
Salmonella Enteritidis,95,2024
Staphylococcus caprae,91,2024
Acid-fast bacillus,87,2024
Pseudomonas species,87,2024
Enterococcus gallinarum,83,2024
Acinetobacter baumannii,80,2024
Gram-positive cocci,75,2024
Candida metapsilosis,74,2024
Corynebacterium urealyticum,73,2024
Actinomyces species,68,2024
Salmonella group B,67,2024
Streptococcus dysgalactiae subsp. equisimilis,67,2024
Enterococcus casseliflavus,66,2024
Burkholderia pseudomallei,66,2024
Enterobacter hormaechei,65,2024
Moraxella catarrhalis,63,2024
Parvimonas micra,62,2024
Eggerthella lenta,62,2024
Bacteroides thetaiotaomicron,60,2024
Streptococcus dysgalactiae,57,2024
Staphylococcus hominis,55,2024
Corynebacterium jeikeium,54,2024
Salmonella species,54,2024
Chryseobacterium species,53,2024
Mycobacterium kansasii,53,2024
Peptostreptococcus species,52,2024
Streptococcus milleri group,51,2024
Streptococcus salivarius group,50,2024
Streptococcus gallolyticus subspecies pasteurianus,50,2024
Elizabethkingia anophelis,50,2024
Anaerobic Gram-negative bacilli,50,2024
Cutibacterium acnes,49,2024
Fusobacterium species,49,2024
Kodamaea ohmeri,49,2024
Streptococcus intermedius,49,2024
Haemophilus parainfluenzae,48,2024
Mycobacterium fortuitum complex,46,2024
Mycobacterium abscessus,46,2024
Bacteroides vulgatus,46,2024
Candida orthopsilosis,45,2024
Streptococcus gallolyticus,45,2024
Finegoldia magna,44,2024
Streptococcus parasanguinis,40,2024
Staphylococcus species,40,2024
Non-fermentative Gram-negative bacilli,39,2024
Candida guilliermondii,37,2024
Aspergillus species,37,2024
Salmonella group C,36,2024
Bacillus cereus group,35,2024
Shewanella species,34,2024
Gram-positive bacilli,33,2024
Prevotella intermedia,32,2024
Aspergillus fumigatus,32,2024
Trichophyton rubrum,32,2024
Shewanella algae,32,2024
Veillonella species,30,2024
Mould,30,2024
Propionibacterium species,30,2024
Fusobacterium varium,29,2024
Cryptococcus neoformans,28,2024
Aspergillus fumigatus complex,28,2024
Talaromyces marneffei,27,2024
Candida nivariensis,26,2024
Clostridium species,26,2024
Citrobacter amalonaticus complex,26,2024
Parabacteroides distasonis,26,2024
Clavispora lusitaniae,26,2024
Peptostreptococcus anaerobius,25,2024
Micrococcus species,25,2024
Anaerobic Gram-positive bacilli,24,2024
Proteus vulgaris,24,2024
Pseudomonas putida group,23,2024
Gemella morbillorum,23,2024
Actinomyces odontolyticus,23,2024
Clostridium innocuum,23,2024
Aeromonas hydrophila,22,2024
Corynebacterium amycolatum,22,2024
Providencia rettgeri,21,2024
Staphylococcus warneri,21,2024
Clostridium ramosum,21,2024
Saccharomyces cerevisiae,21,2024
Acinetobacter junii,20,2024
Vibrio vulnificus,20,2024
Prevotella bivia,20,2024
Streptococcus sanguinis,20,2024
Granulicatella adiacens,19,2024
Anaerobic Gram-positive cocci,19,2024
Legionella pneumophila serogroup 1,19,2024
Leuconostoc species,18,2024
Achromobacter xylosoxidans,18,2024
Bacteroides ovatus,18,2024
Trichophyton rubrum complex,18,2024
Salmonella group E,17,2024
Plesiomonas shigelloides,17,2024
Lactococcus species,17,2024
Sphingomonas paucimobilis,16,2024
Fusarium species,15,2024
Klebsiella variicola,15,2024
Peptoniphilus species,15,2024
Proteus penneri,14,2024
Cyberlindnera fabianii,14,2024
Fusobacterium mortiferum,14,2024
Corynebacterium tuberculostearicum,14,2024
Lactobacillus fermentum,14,2024
Elizabethkingia meningoseptica,14,2024
Streptococcus gordonii,14,2024
Aerococcus urinae,14,2024
Trichosporon species,14,2024
Campylobacter coli,14,2024
Fungus,13,2024
Moraxella species,13,2024
Kluyvera species,13,2024
Sphingomonas species,13,2024
Alcaligenes faecalis,13,2024
Slackia exigua,13,2024
Campylobacter jejuni,13,2024
Aeromonas veronii,12,2024
Corynebacterium macginleyi,12,2024
Enterococcus hirae,12,2024
Lactobacillus salivarius,12,2024
Comamonas species,11,2024
Micrococcus luteus,11,2024
Bifidobacterium species,11,2024
Lactococcus garvieae,11,2024
Providencia species,11,2024
Mycobacterium chelonae,11,2024
Bacteroides uniformis,11,2024
Raoultella species,11,2024
Ralstonia mannitolilytica,10,2024
Aspergillus niger complex,10,2024
Lactobacillus rhamnosus,10,2024
Aspergillus flavus,10,2024
Bacteroides caccae,10,2024
Proteus hauseri,10,2024
Acinetobacter bereziniae,10,2024
Mycobacterium mageritense,10,2024
"Vibrio cholerae, non-O1/non-O139",10,2024
Streptococcus salivarius,10,2024
Candida fabianii,9,2024
Bilophila wadsworthia,9,2024
Aeromonas caviae,9,2024
Pichia species,9,2024
Streptococcus gallolyticus subspecies gallolyticus,9,2024
Prevotella buccae,9,2024
Vibrio parahaemolyticus,9,2024
Moraxella osloensis,9,2024
Acinetobacter ursingii,8,2024
Pluralibacter gergoviae,8,2024
Gemella species,8,2024
Gram-positive coccobacilli,8,2024
Lactobacillus paracasei,8,2024
Prevotella denticola,8,2024
Clostridium tertium,8,2024
Bacteroides nordii,8,2024
Exophiala species,8,2024
Pasteurella multocida,8,2024
Legionella pneumophila,8,2024
Actinomyces turicensis,8,2024
Streptococcus oralis,8,2024
Absidia corymbifera,8,2024
Pseudoglutamicibacter species,8,2024
Eikenella corrodens,8,2024
Chryseobacterium indologenes,8,2024
Bacteroides salyersiae,7,2024
Enterococcus cecorum,7,2024
Lactobacillus gasseri,7,2024
Hafnia alvei,7,2024
Ochrobactrum species,7,2024
Candida kefyr,7,2024
Arcanobacterium haemolyticum,7,2024
Ralstonia species,7,2024
Cryptococcus species,7,2024
Nocardia species,7,2024
Dermabacter hominis,7,2024
Fusobacterium nucleatum,7,2024
Cutibacterium species,7,2024
Non-haemolytic streptococcus,6,2024
Salmonella rissen,6,2024
Limosilactobacillus species,6,2024
Staphylococcus saprophyticus,6,2024
Rothia species,6,2024
Bordetella species,6,2024
Kocuria species,6,2024
Clostridium paraputrificum,6,2024
Corynebacterium resistens,6,2024
Prevotella heparinolytica,6,2024
Bacteroides cellulosilyticus,6,2024
Staphylococcus sciuri,5,2024
Staphylococcus pettenkoferi,5,2024
Eubacterium species,5,2024
Campylobacter jejuni subsp. Jejuni,5,2024
Enterococcus thailandicus,5,2024
Leuconostoc lactis,5,2024
Haemophilus haemolyticus,5,2024
Aeromonas hydrophila complex,5,2024
Bacteroides pyogenes,5,2024
Pediococcus species,5,2024
Bacteroides stercoris,5,2024
Raoultella ornithinolytica,5,2024
Haemophilus parahaemolyticus,5,2024
Corynebacterium pseudodiphtheriticum,5,2024
Paeniclostridium sordellii,5,2024
Bifidobacterium breve,5,2024
Capnocytophaga species,5,2024
Tsukamurella pulmonis,5,2024
Mucor species,5,2024
Corynebacterium simulans,5,2024
Porphyromonas species,5,2024
Clostridium saudiense,5,2024
Chryseobacterium arthrosphaerae,5,2024
Bifidobacterium longum,4,2024
Citrobacter freundii,4,2024
Malassezia species,4,2024
Lactobacillus delbrueckii,4,2024
Salmonella typhimurium,4,2024
Prevotella loescheii,4,2024
Actinotignum species,4,2024
Edwardsiella tarda,4,2024
Eubacterium aerofaciens,4,2024
Propionibacterium avidum,4,2024
Comamonas kerstersii,4,2024
Candida norvegensis,4,2024
Exophiala dermatitidis,4,2024
Salmonella london,4,2024
Staphylococcus pseudintermedius,4,2024
"Streptococcus, group C",4,2024
Dermacoccus species,4,2024
Enterocloster clostridioformis,4,2024
Actinomyces naeslundii,4,2024
Pseudomonas otitidis,4,2024
Streptococcus vestibularis,4,2024
"Legionella pneumophila, not serogroup 1",4,2024
Staphylococcus saccharolyticus,4,2024
Brevibacterium species,4,2024
Parabacteroides species,4,2024
Rhodococcus hoagii,4,2024
Pseudomonas mosselii,4,2024
Peptostreptococcus stomatis,4,2024
Eggerthella species,4,2024
Aspergillus niger,4,2024
Actinomyces neuii,4,2024
Prevotella nigrescens,4,2024
Weissella confusa,4,2024
Clostridium symbiosum,4,2024
Bacillus licheniformis,4,2024
Prevotella melaninogenica,4,2024
Myroides species,4,2024
Bacillus cereus group not Bacillus anthracis,4,2024
Penicillium species,4,2024
Streptococcus mutans,4,2024
Citrobacter farmeri,4,2024
Corynebacterium diphtheriae,4,2024
Clostridium sporogenes,3,2024
Actinotignum schaalii,3,2024
Ruminococcus gnavus,3,2024
Eubacterium limosum,3,2024
Parvimonas species,3,2024
Roseomonas species,3,2024
Bacillus cereus,3,2024
Citrobacter braakii,3,2024
Acidovorax wautersii,3,2024
Anaerococcus murdochii,3,2024
Mycobacterium paragordonae,3,2024
Mycobacterium chelonae complex,3,2024
Eikenella species,3,2024
Lacrimispora species,3,2024
Mycobacterium gordonae,3,2024
Alistipes onderdonkii,3,2024
Prevotella oralis,3,2024
Sutterella wadsworthensis,3,2024
Desulfovibrio species,3,2024
Bacteroides xylanisolvens,3,2024
Solobacterium moorei,3,2024
Citrobacter youngae,3,2024
Anaerococcus species,3,2024
Aeromonas sobria,3,2024
Pandoraea species,3,2024
Turicibacter sanguinis,3,2024
Rothia dentocariosa,3,2024
Lysinibacillus species,3,2024
Kluyvera georgiana,3,2024
Alloscardovia omnicolens,3,2024
Vibrio fluvialis,3,2024
Schizophyllum commune,3,2024
Abiotrophia defectiva,3,2024
Cupriavidus species,3,2024
Campylobacter fetus,3,2024
Lodderomyces elongisporus,3,2024
Dialister pneumosintes,3,2024
Kytococcus schroeteri,3,2024
Aggregatibacter species,3,2024
Brevibacterium casei,3,2024
Porphyromonas gingivalis,3,2024
Paenibacillus urinalis,3,2024
Rhodotorula rubra,3,2024
Streptococcus infantarius,3,2024
Salmonella Typhi,3,2024
Catabacter hongkongensis,3,2024
Staphylococcus simulans,3,2024
Leclercia adecarboxylata,3,2024
Aspergillus flavus complex,3,2024
Candida glabrata complex,3,2024
Purpureocillium lilacinum,3,2024
Corynebacterium oculi,3,2024
Lactococcus lactis,3,2024
Citrobacter amalonaticus,3,2024
Aerococcus sanguinicola,3,2024
Escherichia fergusonii,3,2024
Saccharomyces species,3,2024
Raoultella planticola,3,2024
Oligella urethralis,3,2024
Trichosporon inkin,3,2024
Anaerococcus vaginalis,3,2024
Bacteroides kribbi,2,2024
Bacteroides faecis,2,2024
Fusobacterium hominis,2,2024
Delftia species,2,2024
Aerococcus viridans,2,2024
Murdochiella asaccharolytica,2,2024
Brevibacterium luteolum,2,2024
Parabacteroides goldsteinii,2,2024
Trueperella bernardiae,2,2024
Veillonella parvula,2,2024
Parabacteroides gordonii,2,2024
Rhodotorula species,2,2024
Paraeggerthella hominis,2,2024
Gardnerella vaginalis,2,2024
Bacillus simplex,2,2024
Corynebacterium aurimucosum,2,2024
Gordonia otitidis,2,2024
Finegoldia species,2,2024
Romboutsia species,2,2024
Actinomyces israelii,2,2024
Trichophyton mentagrophytes complex,2,2024
Ochrobactrum intermedium,2,2024
Lactobacillus johnsonii,2,2024
Pseudomonas guariconensis,2,2024
Atopobium parvulum,2,2024
Flavobacterium species,2,2024
Geotrichum species,2,2024
Mycobacterium obuense,2,2024
Neisseria meningitidis,2,2024
nontoxigenic Corynebacterium diphtheriae,2,2024
Propionimicrobium lymphophilum,2,2024
Elizabethkingia miricola,2,2024
Necropsobacter rosorum,2,2024
Pseudomonas mendocina,2,2024
Trichophyton species,2,2024
Mycobacterium xenopi,2,2024
Aeromonas caviae complex,2,2024
Peptostreptococcus russellii,2,2024
Rothia koreensis,2,2024
Aggregatibacter aphrophilus,2,2024
Ralstonia picketti,2,2024
Paraclostridium bifermentans,2,2024
Mycobacterium mucogenicum group,2,2024
Fusobacterium gonidiaformans,2,2024
Dermabacter species,2,2024
Salmonella group U,2,2024
Capnocytophaga sputigena,2,2024
Campylobacter showae,2,2024
Neisseria meningitidis group B,2,2024
Clostridium hathewayi,2,2024
Arthrobacter cumminsii,2,2024
Corynebacterium afermentans,2,2024
Schaalia species,2,2024
Burkholderia cepacia,2,2024
Streptococcus cristatus,2,2024
Aerococcus species,2,2024
Oscillibacter ruminantium,2,2024
Candida duobushaemulonii,2,2024
Mycobacterium lentiflavum,2,2024
Kytococcus sedentarius,2,2024
Capnocytophaga gingivalis,2,2024
Acinetobacter variabilis,2,2024
Enterococcus malodoratus,2,2024
Salmonella group I,2,2024
Prevotella timonensis,2,2024
Dialister micraerophilus,2,2024
Staphylococcus cohnii,2,2024
Staphylococcus petrasii,2,2024
Parabacteroides faecis,2,2024
Cronobacter species,2,2024
Clavispora opuntiae,2,2024
Vibrio furnissii,2,2024
Actinomyces radingae,2,2024
Paraeggerthella species,2,2024
Eubacterium tenue,2,2024
Clostridium cadaveris,2,2024
Neisseria animaloris,2,2024
Corynebacterium accolens,2,2024
Edwardsiella species,2,2024
Pseudomonas stutzeri,2,2024
Fusarium solani complex,2,2024
Mycobacterium neoaurum,2,2024
Gordonia species,2,2024
Trichophyton mentagrophytes,2,2024
Acidaminococcus intestini,2,2024
Prevotella disiens,2,2024
Rhizobium radiobacter,2,2024
Dermacoccus nishinomiyaensis,2,2024
Brachybacterium species,2,2024
Acinetobacter johnsonii,2,2024
Cupriavidus gilardii,2,2024
Cunninghamella species,2,2024
Acinetobacter radioresistens,2,2024
Lichtheimia species,2,2024
Listeria monocytogenes,2,2024
Pichia norvegensis,2,2024
Corynebacterium kroppenstedtii,2,2024
Neisseria bacilliformis,1,2024
Rothia aeria,1,2024
Kodamaea species,1,2024
Citrobacter werkmanii,1,2024
Bacteroides eggerthii,1,2024
Pantoea septica,1,2024
Campylobacter gracilis,1,2024
Corynebacterium pyruviciproducens,1,2024
Prevotella nanceiensis,1,2024
Bifidobacterium dentium,1,2024
Hanseniaspora uvarum,1,2024
Brevibacillus species,1,2024
Campylobacter curvus,1,2024
Globicatella species,1,2024
Fusobacterium ulcerans,1,2024
Kocuria rhizophila,1,2024
Wohlfahrtiimonas chitiniclastica,1,2024
Corynebacterium argentoratense,1,2024
Vagococcus fluvialis,1,2024
Anaerobic Gram-negative cocci,1,2024
Parabacteroides merdae,1,2024
Fusobacterium periodonticum,1,2024
Ruminococcus species,1,2024
Chaetomium species,1,2024
Staphylococcus chromogenes,1,2024
Bifidobacterium adolescentis,1,2024
Vibrio alginolyticus,1,2024
Enterobacter bugandensis,1,2024
Anaerotruncus colihominis,1,2024
Candida rugosa,1,2024
Neisseria flavescens subflava group,1,2024
Cellulosimicrobium funkei,1,2024
Anaerococcus tetradius,1,2024
Corynebacterium coyleae,1,2024
Cladosporium species,1,2024
Desulfovibrio legallii,1,2024
Pediococcus stilesii,1,2024
Anaerococcus lactolyticus,1,2024
Pseudomonas citronellolis,1,2024
Trichosporon mucoides,1,2024
Granulicatella elegans,1,2024
Paecilomyces species,1,2024
Burkholderia cenocepacia,1,2024
Geotrichum candidum,1,2024
Brevundimonas diminuta,1,2024
Kluyvera cryocrescens,1,2024
Pantoea species,1,2024
Corynebacterium bovis,1,2024
Hungatella species,1,2024
Enterococcus mundtii,1,2024
Sphingobacterium thalpophilum,1,2024
Alcaligenes species,1,2024
Neisseria gonorrhoeae,1,2024
Malassezia furfur,1,2024
Haemophilus species,1,2024
Campylobacter species,1,2024
Odoribacter splanchnicus,1,2024
Cupriavidus pauculus,1,2024
Streptococcus pseudopneumoniae,1,2024
Ochrobactrum anthropi,1,2024
Burkholderia species,1,2024
Salmonella bareilly,1,2024
Corynebacterium propinquum,1,2024
Prevotella veroralis,1,2024
Desulfovibrio fairfieldensis,1,2024
Microbacterium species,1,2024
Prevotella buccalis,1,2024
Mycobacterium simiae,1,2024
Fusobacterium necrophorum,1,2024
Meyerozyma guilliermondii complex,1,2024
Blastoschizomyces capitatus,1,2024
Staphylococcus pasteuri,1,2024
Actinomyces neuii ss neuii,1,2024
Cutaneotrichosporon species,1,2024
Streptococcus sobrinus,1,2024
Atopobium species,1,2024
Sphingobacterium spiritivorum,1,2024
Mycoplasma hominis,1,2024
Nocardia beijingensis,1,2024
Beta-haemolytic streptococcus,1,2024
Gram-positive cocci in chains,1,2024
Staphylococcus argenteus,1,2024
Aeromonas veronii biovar sobria,1,2024
Gleimia europaea,1,2024
Helcococcus sueciensis,1,2024
Pseudomonas protegens,1,2024
Rapid growing mycobacteria,1,2024
Paenibacillus species,1,2024
Streptococcus sinensis,1,2024
Acinetobacter pittii,1,2024
Eggerthia catenaformis,1,2024
Bacillus subtilis,1,2024
Salmonella Paratyphi A,1,2024
Chryseobacterium gleum,1,2024
Actinomyces oris,1,2024
Dysgonomonas capnocytophagoides,1,2024
Slackia species,1,2024
Pseudomonas thermotolerans,1,2024
Chryseobacterium hominis,1,2024
Cardiobacterium hominis,1,2024
Anaerobic Gram-positive coccobacilli,1,2024
Attenuated Mycobacterium bovis,1,2024
Salmonella saintpaul,1,2024
Paenibacillus lautus,1,2024
Barrientosiimonas humi,1,2024
Pseudomonas fluorescens,1,2024
Actinomyces georgiae,1,2024
Eggerthella hongkongensis,1,2024
Kurthia gibsonii,1,2024
Enterobacter cloacae,1,2024
Roseomonas mucosa,1,2024
Bacteroides intestinalis,1,2024
Mycobacterium parascrofulaceum,1,2024
Facklamia species,1,2024
Salmonella braenderup,1,2024
Streptococcus lutetiensis,1,2024
Haemophilus influenzae type A,1,2024
Actinomyces graevenitzii,1,2024
Aggregatibacter segnis,1,2024
Neisseria sicca,1,2024
Alistipes finegoldii,1,2024
Tsukamurella tyrosinosolvens,1,2024
Megasphaera elsdenii,1,2024
Shewanella putrefaciens,1,2024
Cetobacterium somerae,1,2024
Meyerozyma guilliermondii,1,2024
Alistipes putredinis,1,2024
Corynebacterium glucuronolyticum,1,2024
Agathobaculum species,1,2024
Varibaculum species,1,2024
Achromobacter insolitus,1,2024
Gram-positive cocci in clusters,1,2024
Arcobacter butzleri,1,2024
Pasteurella stomatis,1,2024
Streptococcus alactolyticus,1,2024
Peribacillus species,1,2024
Bacillus flexus,1,2024
Candida utilis,1,2024
Vibrio species,1,2024
Salmonella group R,1,2024
Sphingobacterium species,1,2024
Nocardia asiatica,1,2024
Escherichia coli,16119,2025
Candida albicans,7858,2025
Pseudomonas aeruginosa,6751,2025
Methicillin resistant Staphylococcus aureus,6623,2025
Klebsiella pneumoniae complex,5694,2025
Enterococcus faecium,4411,2025
Acinetobacter calcoaceticus-Acinetobacter baumannii complex,3476,2025
Staphylococcus aureus,3174,2025
Proteus mirabilis,3009,2025
Klebsiella pneumoniae,2745,2025
Candida glabrata,2518,2025
Enterococcus faecalis,2374,2025
Stenotrophomonas maltophilia,2139,2025
Candida tropicalis,1870,2025
"Staphylococcus, coagulase negative",1510,2025
Corynebacterium striatum,1432,2025
Enterobacter cloacae complex,1313,2025
Candida parapsilosis,881,2025
Klebsiella aerogenes,857,2025
Mycobacterium tuberculosis,716,2025
Diphtheroids,712,2025
Morganella morganii,613,2025
Staphylococcus epidermidis,576,2025
Streptococcus anginosus,568,2025
Coliform bacteria,557,2025
Streptococcus agalactiae,533,2025
Streptococcus pyogenes,520,2025
Bacteroides fragilis,472,2025
Citrobacter koseri,432,2025
Mycobacterium tuberculosis complex,425,2025
Aeromonas species,409,2025
Candida parapsilosis complex,355,2025
Haemophilus influenzae,334,2025
Candida species,331,2025
Citrobacter freundii complex,294,2025
Mycobacterium species,293,2025
Clostridium perfringens,291,2025
Clostridioides difficile,288,2025
Alpha-haemolytic streptococcus,275,2025
Bacteroides species,269,2025
"Streptococcus, group G",246,2025
Yeast,244,2025
Corynebacterium species,244,2025
Klebsiella species,240,2025
Streptococcus pneumoniae,231,2025
Enterococcus avium,228,2025
Candida auris,215,2025
Enterococcus species,209,2025
Providencia stuartii,208,2025
Streptococcus constellatus,196,2025
"Streptococcus, viridans group",194,2025
Lactobacillus species,189,2025
Streptococcus species,188,2025
Neisseria species,187,2025
Candida krusei,185,2025
Serratia species,176,2025
Bacteroides fragilis group,175,2025
Staphylococcus lugdunensis,174,2025
Staphylococcus haemolyticus,174,2025
Rothia mucilaginosa,171,2025
Proteus species,168,2025
Gram-negative bacilli,158,2025
Staphylococcus capitis,155,2025
Burkholderia cepacia complex,148,2025
Streptococcus mitis group,144,2025
Klebsiella oxytoca,142,2025
Salmonella Enteritidis,134,2025
Serratia marcescens,130,2025
Enterococcus gallinarum,128,2025
Candida dubliniensis,128,2025
Citrobacter species,125,2025
Serratia marcescens complex,119,2025
Trichosporon asahii,119,2025
Candida lusitaniae,117,2025
Prevotella species,116,2025
Mycobacterium avium complex,112,2025
Enterococcus raffinosus,112,2025
Bacteroides thetaiotaomicron,108,2025
Salmonella group D,103,2025
Anaerobic bacteria,101,2025
Enterobacter species,101,2025
Acinetobacter species,99,2025
Streptococcus dysgalactiae,98,2025
Bacillus species,96,2025
Mycobacterium abscessus,95,2025
Elizabethkingia species,94,2025
Staphylococcus caprae,89,2025
Enterococcus casseliflavus,87,2025
Moraxella catarrhalis,82,2025
Streptococcus bovis group,80,2025
Acinetobacter baumannii,76,2025
Achromobacter species,75,2025
Corynebacterium urealyticum,74,2025
Gram-positive cocci,72,2025
Parvimonas micra,70,2025
Eggerthella lenta,69,2025
Streptococcus milleri group,69,2025
Pseudomonas species,68,2025
Bacteroides vulgatus,65,2025
Shewanella species,65,2025
Actinomyces species,60,2025
Streptococcus intermedius,59,2025
Streptococcus dysgalactiae subsp. equisimilis,59,2025
Acid-fast bacillus,58,2025
Peptostreptococcus species,56,2025
Candida metapsilosis,55,2025
Cutibacterium acnes,54,2025
Aspergillus fumigatus complex,54,2025
Salmonella group B,52,2025
Candida guilliermondii,51,2025
Salmonella species,51,2025
Corynebacterium jeikeium,50,2025
Streptococcus salivarius group,50,2025
Streptococcus parasanguinis,49,2025
Anaerobic Gram-negative bacilli,49,2025
Enterobacter hormaechei,48,2025
Streptococcus gallolyticus,48,2025
Fusobacterium species,48,2025
Propionibacterium species,48,2025
Chryseobacterium species,48,2025
Non-fermentative Gram-negative bacilli,41,2025
Kodamaea ohmeri,40,2025
Staphylococcus hominis,39,2025
Cryptococcus neoformans,39,2025
Parabacteroides distasonis,38,2025
Haemophilus parainfluenzae,38,2025
Achromobacter xylosoxidans,37,2025
Prevotella intermedia,34,2025
Burkholderia pseudomallei,33,2025
Finegoldia magna,33,2025
Trichophyton rubrum,32,2025
Peptostreptococcus anaerobius,32,2025
Gram-positive bacilli,31,2025
Vibrio vulnificus,31,2025
Salmonella group C,31,2025
Fusobacterium varium,30,2025
Staphylococcus species,29,2025
Acinetobacter junii,29,2025
Mycobacterium kansasii,28,2025
Clostridium ramosum,28,2025
Talaromyces marneffei,28,2025
Prevotella bivia,27,2025
Granulicatella adiacens,27,2025
Aeromonas hydrophila,27,2025
Aspergillus species,25,2025
Gemella morbillorum,24,2025
Clostridium species,24,2025
Shewanella algae,24,2025
Providencia rettgeri,24,2025
Anaerobic Gram-positive cocci,24,2025
Candida orthopsilosis,24,2025
Gram-positive coccobacilli,23,2025
Corynebacterium amycolatum,23,2025
Veillonella species,23,2025
Slackia exigua,22,2025
Streptococcus sanguinis,22,2025
Fusarium species,22,2025
Streptococcus gallolyticus subspecies pasteurianus,21,2025
Aspergillus flavus complex,21,2025
Chryseobacterium indologenes,21,2025
Candida norvegensis,19,2025
Bacteroides uniformis,19,2025
Pichia norvegensis,19,2025
Aspergillus fumigatus,19,2025
Clostridium innocuum,19,2025
Saccharomyces cerevisiae,18,2025
Aspergillus niger complex,18,2025
Corynebacterium tuberculostearicum,18,2025
Rothia species,18,2025
Mycobacterium fortuitum complex,18,2025
Anaerobic Gram-positive bacilli,18,2025
Bifidobacterium species,18,2025
Prevotella buccae,18,2025
Candida glabrata complex,18,2025
Citrobacter amalonaticus complex,17,2025
Listeria monocytogenes,17,2025
Actinomyces odontolyticus,17,2025
Streptococcus gordonii,17,2025
Alcaligenes faecalis,17,2025
Providencia species,17,2025
Streptococcus salivarius,17,2025
Proteus vulgaris,16,2025
Enterococcus hirae,16,2025
Lactococcus species,16,2025
Lactobacillus fermentum,15,2025
Campylobacter jejuni,15,2025
Neisseria meningitidis,14,2025
Aeromonas veronii,14,2025
Acinetobacter ursingii,14,2025
Proteus penneri,14,2025
Legionella pneumophila,14,2025
Pseudomonas putida group,14,2025
Fusobacterium mortiferum,14,2025
Legionella pneumophila serogroup 1,13,2025
Micrococcus species,13,2025
Salmonella group E,13,2025
Clavispora lusitaniae,13,2025
Gemella species,13,2025
Elizabethkingia anophelis,13,2025
Pluralibacter gergoviae,13,2025
Lactobacillus salivarius,12,2025
Plesiomonas shigelloides,12,2025
Eikenella corrodens,12,2025
Trichosporon species,12,2025
Moraxella species,12,2025
Elizabethkingia meningoseptica,12,2025
Bacillus cereus group not Bacillus anthracis,12,2025
Aerococcus urinae,12,2025
Bacillus cereus group,12,2025
Candida nivariensis,12,2025
Trichophyton rubrum complex,12,2025
Candida kefyr,11,2025
Aeromonas caviae,11,2025
Actinomyces turicensis,11,2025
Micrococcus luteus,11,2025
Lactobacillus rhamnosus,11,2025
Cupriavidus gilardii,11,2025
Ralstonia mannitolilytica,11,2025
Leuconostoc lactis,10,2025
Sphingomonas species,10,2025
Staphylococcus warneri,10,2025
Bacillus cereus,10,2025
Bacteroides ovatus,10,2025
"Streptococcus, group C",10,2025
Raoultella ornithinolytica,10,2025
Prevotella melaninogenica,9,2025
Fusobacterium nucleatum,9,2025
Leuconostoc species,9,2025
Penicillium species,9,2025
Pseudomonas stutzeri,9,2025
Streptococcus suis,9,2025
"Vibrio cholerae, non-O1/non-O139",9,2025
Pichia species,9,2025
Bacteroides caccae,9,2025
Rhizopus species,9,2025
Citrobacter freundii,9,2025
Citrobacter amalonaticus,9,2025
Mould,9,2025
Lactobacillus gasseri,9,2025
Pantoea species,9,2025
Acinetobacter bereziniae,8,2025
Aeromonas hydrophila complex,8,2025
Bacteroides pyogenes,8,2025
Proteus hauseri,8,2025
Veillonella parvula,8,2025
Bilophila wadsworthia,8,2025
Peptoniphilus species,8,2025
Eubacterium aerofaciens,8,2025
Raoultella species,8,2025
Corynebacterium coyleae,8,2025
Streptococcus vestibularis,8,2025
Pseudomonas otitidis,7,2025
Exserohilum rostratum,7,2025
Mycobacterium mageritense,7,2025
Actinotignum schaalii,7,2025
Vibrio fluvialis,7,2025
Trichosporon japonicum,7,2025
Arcanobacterium haemolyticum,7,2025
Lactococcus garvieae,7,2025
Mucor species,7,2025
Prevotella nigrescens,7,2025
Delftia species,7,2025
Staphylococcus saccharolyticus,7,2025
Anaerococcus species,7,2025
Peptostreptococcus stomatis,7,2025
Mycobacterium chelonae complex,7,2025
Lactobacillus delbrueckii,7,2025
Mycobacterium gordonae,7,2025
Enterococcus cecorum,6,2025
Sphingomonas paucimobilis,6,2025
Mycobacterium paragordonae,6,2025
Non-haemolytic streptococcus,6,2025
Kluyvera species,6,2025
Streptococcus gallolyticus subspecies gallolyticus,6,2025
Pseudoglutamicibacter species,6,2025
Roseomonas mucosa,6,2025
Corynebacterium aurimucosum,6,2025
Parabacteroides goldsteinii,6,2025
Enterococcus thailandicus,6,2025
Kocuria rhizophila,6,2025
Salmonella derby,6,2025
Parabacteroides merdae,6,2025
Comamonas species,6,2025
Veillonella atypica,6,2025
Vibrio parahaemolyticus,6,2025
Prevotella heparinolytica,6,2025
Fusobacterium necrophorum,6,2025
Prevotella nanceiensis,6,2025
Gardnerella vaginalis,6,2025
Corynebacterium resistens,6,2025
Rothia dentocariosa,5,2025
Aerococcus species,5,2025
Ochrobactrum intermedium,5,2025
Prevotella denticola,5,2025
Pantoea piersonii,5,2025
Clostridium tertium,5,2025
Edwardsiella tarda,5,2025
Flavobacterium species,5,2025
Cutibacterium species,5,2025
Nocardia species,5,2025
Ruminococcus gnavus,5,2025
Hafnia alvei,5,2025
Brevibacterium species,5,2025
Rhodotorula rubra,5,2025
Bacillus licheniformis,5,2025
Dialister pneumosintes,5,2025
Corynebacterium macginleyi,5,2025
Rhizobium radiobacter,5,2025
Capnocytophaga species,5,2025
Geotrichum species,5,2025
Acinetobacter variabilis,5,2025
Clostridium paraputrificum,5,2025
Pediococcus species,5,2025
Bacteroides salyersiae,5,2025
Kerstersia gyiorum,5,2025
Lactobacillus johnsonii,5,2025
Moraxella osloensis,5,2025
Salmonella rissen,5,2025
Campylobacter coli,5,2025
Lactobacillus paracasei,5,2025
Pseudomonas nitroreducens,4,2025
Alistipes onderdonkii,4,2025
Chryseobacterium arthrosphaerae,4,2025
Dermacoccus nishinomiyaensis,4,2025
Aeromonas caviae complex,4,2025
Chryseobacterium gleum,4,2025
Anaerococcus vaginalis,4,2025
Paenibacillus species,4,2025
Candida palmioleophila,4,2025
Haemophilus parahaemolyticus,4,2025
Gardnerella species,4,2025
Streptococcus infantarius,4,2025
Magnusiomyces capitatus,4,2025
Eubacterium limosum,4,2025
Actinotignum species,4,2025
Trueperella bernardiae,4,2025
Bacteroides nordii,4,2025
Cryptococcus species,4,2025
Ochrobactrum species,4,2025
Citrobacter farmeri,4,2025
Acinetobacter nosocomialis,4,2025
Corynebacterium pseudodiphtheriticum,4,2025
Bacteroides eggerthii,4,2025
Pseudomonas putida,4,2025
Aspergillus terreus,4,2025
Bacteroides cellulosilyticus,4,2025
Streptococcus mutans,4,2025
Pasteurella multocida,4,2025
Kocuria species,4,2025
Myroides species,4,2025
Gordonibacter species,4,2025
Attenuated Mycobacterium bovis,4,2025
Paenibacillus lautus,4,2025
Trichophyton species,4,2025
Comamonas kerstersii,4,2025
Aspergillus niger,3,2025
Dermabacter species,3,2025
Pseudomonas citronellolis,3,2025
Prevotella oris,3,2025
Fusobacterium ulcerans,3,2025
Clostridium saudiense,3,2025
Cupriavidus pauculus,3,2025
Eubacterium species,3,2025
Schaalia species,3,2025
Acinetobacter baumannii group,3,2025
Clostridium hathewayi,3,2025
Candida rugosa,3,2025
Clostridium sporogenes,3,2025
Fusobacterium gonidiaformans,3,2025
Cyberlindnera fabianii,3,2025
Campylobacter rectus,3,2025
Staphylococcus saprophyticus,3,2025
Bifidobacterium longum,3,2025
Kluyvera georgiana,3,2025
Corynebacterium accolens,3,2025
Porphyromonas asaccharolytica,3,2025
Exophiala species,3,2025
Lactococcus lactis,3,2025
Streptococcus mitis,3,2025
Aggregatibacter segnis,3,2025
Haemophilus species,3,2025
Candida fabianii,3,2025
Turicibacter sanguinis,3,2025
Parabacteroides species,3,2025
Finegoldia species,3,2025
Paenibacillus glucanolyticus,3,2025
Actinomyces urogenitalis,3,2025
Acinetobacter pittii,3,2025
Gleimia europaea,3,2025
Citrobacter werkmanii,3,2025
Robinsoniella peoriensis,3,2025
Bifidobacterium breve,3,2025
Clostridium symbiosum,3,2025
Meyerozyma guilliermondii,3,2025
Oligella urethralis,3,2025
Catabacter hongkongensis,3,2025
Dermabacter hominis,3,2025
Trichophyton mentagrophytes complex,3,2025
Brevibacterium ravenspurgense,2,2025
Pseudomonas stutzeri group,2,2025
Streptococcus cristatus,2,2025
Raoultella planticola,2,2025
Campylobacter fetus,2,2025
Corynebacterium propinquum,2,2025
Vagococcus lutrae,2,2025
Brevibacterium luteolum,2,2025
Eggerthia catenaformis,2,2025
Atopobium rimae,2,2025
Leclercia adecarboxylata,2,2025
Malassezia furfur,2,2025
Paenibacillus urinalis,2,2025
Propionibacterium avidum,2,2025
Roseomonas species,2,2025
Enterobacter asburiae,2,2025
Paraeggerthella species,2,2025
Clostridium cadaveris,2,2025
Trichomonas vaginalis,2,2025
Arcobacter butzleri,2,2025
Mycobacterium scrofulaceum,2,2025
Porphyromonas species,2,2025
Mycobacterium wolinskyi,2,2025
Actinobaculum schaalii,2,2025
Paraeggerthella hominis,2,2025
Ignatzschineria indica,2,2025
Tsukamurella species,2,2025
Prevotella loescheii,2,2025
Dermacoccus species,2,2025
Aspergillus flavus,2,2025
Haemophilus haemolyticus,2,2025
Vibrio navarrensis,2,2025
Salmonella london,2,2025
Malassezia species,2,2025
Escherichia fergusonii,2,2025
Niallia species,2,2025
Stenotrophomonas species,2,2025
Actinomyces israelii,2,2025
Hungatella species,2,2025
Microbacterium species,2,2025
Chryseomonas luteola,2,2025
Corynebacterium simulans,2,2025
Neisseria oralis,2,2025
Mycobacterium parascrofulaceum,2,2025
Helcococcus species,2,2025
Bacillus flexus,2,2025
Staphylococcus pseudintermedius,2,2025
Bacteroides stercoris,2,2025
Nocardia farcinica complex,2,2025
Streptococcus lutetiensis,2,2025
Solobacterium moorei,2,2025
Lysinibacillus species,2,2025
Acidaminococcus intestini,2,2025
Cutibacterium modestum,2,2025
Neisseria flavescens subflava group,2,2025
Parabacteroides gordonii,2,2025
Limosilactobacillus species,2,2025
Vibrio species,2,2025
Peptoniphilus gorbachii,2,2025
Edwardsiella species,2,2025
Actinomyces radingae,2,2025
Pediococcus acidilactici,2,2025
Escherichia hermannii,2,2025
Ralstonia picketti,2,2025
Alcaligenes species,2,2025
Pseudallescheria boydii,2,2025
Phocaeicola species,2,2025
Corynebacterium oculi,2,2025
Capnocytophaga sputigena,2,2025
Acinetobacter schindleri,2,2025
Paeniclostridium sordellii,2,2025
Anaerobic Gram-negative cocci,2,2025
Enterocloster clostridioformis,2,2025
Weissella species,2,2025
Vibrio furnissii,2,2025
Weissella confusa,2,2025
Acinetobacter guillouiae,2,2025
Lodderomyces elongisporus,2,2025
Mycoplasma hominis,2,2025
Shigella sonnei,2,2025
Cronobacter species,2,2025
Actinomyces oris,2,2025
Clostridium novyi,2,2025
Butyricimonas paravirosa,2,2025
Flavonifractor plautii,2,2025
Lactobacillus jensenii,2,2025
Bacillus pumilus,2,2025
Prevotella timonensis,1,2025
Aggregatibacter actinomycetemcomitans,1,2025
Kazachstania telluris,1,2025
Hafnia species,1,2025
Clostridium bifermentans,1,2025
Acinetobacter haemolyticus,1,2025
Schizophyllum commune,1,2025
Capnocytophaga ochracea,1,2025
Aspergillus versicolor Group,1,2025
Trichophyton mentagrophytes,1,2025
Brevibacterium paucivorans,1,2025
Yarrowia lipolytica,1,2025
Staphylococcus pettenkoferi,1,2025
Acinetobacter soli,1,2025
Gram-negative coccobacilli,1,2025
Oscillibacter ruminantium,1,2025
Elizabethkingia miricola,1,2025
Barrientosiimonas species,1,2025
Rothia aeria,1,2025
Brevibacillus species,1,2025
Aeromonas sobria,1,2025
Fungal Hyphae,1,2025
Candida membranifaciens,1,2025
Dysgonomonas species,1,2025
Candida utilis,1,2025
Staphylococcus simulans,1,2025
Achromobacter denitrificans,1,2025
Campylobacter concisus,1,2025
Rhodococcus species,1,2025
Phytobacter diazotrophicus,1,2025
Prevotella histicola,1,2025
Gordonia species,1,2025
Bacteroides dorei,1,2025
Cellulosimicrobium cellulans,1,2025
Acinetobacter courvalinii,1,2025
Arthrobacter cumminsii,1,2025
Enterobacter cloacae,1,2025
Basidiobolus species,1,2025
Leuconostoc mesenteroides,1,2025
Curvularia species,1,2025
Corynebacterium glucuronolyticum,1,2025
Enterobacter bugandensis,1,2025
Neisseria meningitidis group Y,1,2025
Corynebacterium singulare,1,2025
Bordetella trematum,1,2025
Porphyromonas pogonae,1,2025
Streptococcus alactolyticus,1,2025
Enterococcus dispar,1,2025
Sutterella wadsworthensis,1,2025
Corynebacterium imitans,1,2025
Globicatella species,1,2025
Desulfovibrio species,1,2025
Campylobacter gracilis,1,2025
Pantoea septica,1,2025
Pseudomonas mendocina,1,2025
Pseudomonas mosselii,1,2025
Mobiluncus species,1,2025
Peptacetobacter species,1,2025
Paraclostridium species,1,2025
Corynebacterium massiliense,1,2025
Streptococcus dysgalactiae subsp. dysgalactiae,1,2025
Corynebacterium diphtheriae,1,2025
Clostridium septicum,1,2025
Mycobacterium mucogenicum group,1,2025
Neisseria sicca group,1,2025
Veillonella dispar,1,2025
Phialophora species,1,2025
Bordetella species,1,2025
Bacillus simplex,1,2025
Porphyromonas endodontalis,1,2025
Granulicatella species,1,2025
Prevotella veroralis,1,2025
Trichosporon faecale,1,2025
Staphylococcus sciuri,1,2025
Cryptococcus curvatus,1,2025
Alloprevotella rava,1,2025
"Legionella pneumophila, not serogroup 1",1,2025
Atopobium species,1,2025
Staphylococcus carnosus,1,2025
Kazachstania species,1,2025
Campylobacter jejuni subsp. Jejuni,1,2025
Clostridium baratii,1,2025
Scedosporium inflatum,1,2025
Geotrichum candidum,1,2025
Coprobacillus cateniformis,1,2025
Vagococcus fluvialis,1,2025
Desulfovibrio desulfuricans,1,2025
Porphyromonas gingivalis,1,2025
Pseudomonas koreensis,1,2025
Rothia amarae,1,2025
Paenibacillus illinoisensis,1,2025
Anaerococcus murdochii,1,2025
Anaerococcus tetradius,1,2025
Rothia koreensis,1,2025
Prevotella oralis,1,2025
Helcobacillus massiliensis,1,2025
Mycobacterium obuense,1,2025
Hungatella effluvii,1,2025
Lachnoanaerobaculum species,1,2025
Acinetobacter beijerinckii,1,2025
Mycobacterium malmoense,1,2025
Klebsiella variicola,1,2025
Enterococcus mundtii,1,2025
Acinetobacter johnsonii,1,2025
Fungus,1,2025
Mycobacterium simiae complex,1,2025
Brachybacterium species,1,2025
Olsenella uli,1,2025
Atopobium parvulum,1,2025
Cellulomonas species,1,2025
Peptoniphilus coxii,1,2025
Bacteroides kribbi,1,2025
Lancefieldella species,1,2025
Lacticaseibacillus species,1,2025
Globicatella sanguinis,1,2025
Vagococcus species,1,2025
Corynebacterium argentoratense,1,2025
Delftia acidovorans,1,2025
Achromobacter insolitus,1,2025
Enterococcus durans,1,2025
Bacillus megaterium,1,2025
Gordonibacter pamelaeae,1,2025
Candida pararugosa,1,2025
Aggregatibacter aphrophilus,1,2025
Streptococcus iniae,1,2025
Salmonella johannesburg,1,2025
Candida duobushaemulonii,1,2025
Cunninghamella species,1,2025
Kocuria kristinae,1,2025
Prevotella pallens,1,2025
Mycobacterium haemophilum,1,2025
Actinomyces neuii ss neuii,1,2025
Cladosporium species,1,2025
Eggerthella species,1,2025
Aerococcus sanguinicola,1,2025
